id,date,domainId,serviceId,environment,costAmount
cost-1,2025-06-06,clearwater-trade,ec2,dev,82.59
cost-2,2025-06-06,clearwater-trade,ec2,uat,179.09
cost-3,2025-06-06,clearwater-trade,ec2,prod,642.94
cost-4,2025-06-06,clearwater-trade,rds,dev,63.17
cost-5,2025-06-06,clearwater-trade,rds,uat,119.45
cost-6,2025-06-06,clearwater-trade,rds,prod,479.13
cost-7,2025-06-06,clearwater-trade,s3,dev,13.52
cost-8,2025-06-06,clearwater-trade,s3,uat,27.47
cost-9,2025-06-06,clearwater-trade,s3,prod,83.07
cost-10,2025-06-06,clearwater-trade,lambda,dev,27.10
cost-11,2025-06-06,clearwater-trade,lambda,uat,47.40
cost-12,2025-06-06,clearwater-trade,lambda,prod,160.17
cost-13,2025-06-06,clearwater-trade,eks,dev,53.93
cost-14,2025-06-06,clearwater-trade,eks,uat,94.68
cost-15,2025-06-06,clearwater-trade,eks,prod,310.29
cost-16,2025-06-06,clearwater-trade,cloudwatch,dev,12.06
cost-17,2025-06-06,clearwater-trade,cloudwatch,uat,24.79
cost-18,2025-06-06,clearwater-trade,cloudwatch,prod,78.28
cost-19,2025-06-06,clearwater-settlement,ec2,dev,67.29
cost-20,2025-06-06,clearwater-settlement,ec2,uat,121.06
cost-21,2025-06-06,clearwater-settlement,ec2,prod,425.12
cost-22,2025-06-06,clearwater-settlement,rds,dev,57.14
cost-23,2025-06-06,clearwater-settlement,rds,uat,132.58
cost-24,2025-06-06,clearwater-settlement,rds,prod,464.45
cost-25,2025-06-06,clearwater-settlement,s3,dev,16.77
cost-26,2025-06-06,clearwater-settlement,s3,uat,38.40
cost-27,2025-06-06,clearwater-settlement,s3,prod,122.05
cost-28,2025-06-06,clearwater-settlement,lambda,dev,24.19
cost-29,2025-06-06,clearwater-settlement,lambda,uat,53.26
cost-30,2025-06-06,clearwater-settlement,lambda,prod,181.85
cost-31,2025-06-06,clearwater-settlement,eks,dev,37.21
cost-32,2025-06-06,clearwater-settlement,eks,uat,71.55
cost-33,2025-06-06,clearwater-settlement,eks,prod,199.49
cost-34,2025-06-06,clearwater-settlement,cloudwatch,dev,10.71
cost-35,2025-06-06,clearwater-settlement,cloudwatch,uat,22.54
cost-36,2025-06-06,clearwater-settlement,cloudwatch,prod,85.93
cost-37,2025-06-06,clearwater-sales,ec2,dev,30.15
cost-38,2025-06-06,clearwater-sales,ec2,uat,62.08
cost-39,2025-06-06,clearwater-sales,ec2,prod,237.69
cost-40,2025-06-06,clearwater-sales,rds,dev,19.84
cost-41,2025-06-06,clearwater-sales,rds,uat,32.99
cost-42,2025-06-06,clearwater-sales,rds,prod,137.09
cost-43,2025-06-06,clearwater-sales,s3,dev,12.61
cost-44,2025-06-06,clearwater-sales,s3,uat,31.43
cost-45,2025-06-06,clearwater-sales,s3,prod,110.14
cost-46,2025-06-06,clearwater-sales,lambda,dev,36.55
cost-47,2025-06-06,clearwater-sales,lambda,uat,78.12
cost-48,2025-06-06,clearwater-sales,lambda,prod,218.00
cost-49,2025-06-06,clearwater-sales,eks,dev,10.60
cost-50,2025-06-06,clearwater-sales,eks,uat,22.25
cost-51,2025-06-06,clearwater-sales,eks,prod,73.23
cost-52,2025-06-06,clearwater-sales,cloudwatch,dev,10.64
cost-53,2025-06-06,clearwater-sales,cloudwatch,uat,16.57
cost-54,2025-06-06,clearwater-sales,cloudwatch,prod,72.49
cost-55,2025-06-06,clearwater-collateral,ec2,dev,14.11
cost-56,2025-06-06,clearwater-collateral,ec2,uat,28.12
cost-57,2025-06-06,clearwater-collateral,ec2,prod,94.83
cost-58,2025-06-06,clearwater-collateral,rds,dev,30.61
cost-59,2025-06-06,clearwater-collateral,rds,uat,59.51
cost-60,2025-06-06,clearwater-collateral,rds,prod,222.00
cost-61,2025-06-06,clearwater-collateral,s3,dev,25.73
cost-62,2025-06-06,clearwater-collateral,s3,uat,46.50
cost-63,2025-06-06,clearwater-collateral,s3,prod,175.40
cost-64,2025-06-06,clearwater-collateral,lambda,dev,6.34
cost-65,2025-06-06,clearwater-collateral,lambda,uat,13.72
cost-66,2025-06-06,clearwater-collateral,lambda,prod,49.23
cost-67,2025-06-06,clearwater-collateral,eks,dev,6.27
cost-68,2025-06-06,clearwater-collateral,eks,uat,13.94
cost-69,2025-06-06,clearwater-collateral,eks,prod,49.63
cost-70,2025-06-06,clearwater-collateral,cloudwatch,dev,4.93
cost-71,2025-06-06,clearwater-collateral,cloudwatch,uat,10.34
cost-72,2025-06-06,clearwater-collateral,cloudwatch,prod,30.80
cost-73,2025-06-07,clearwater-trade,ec2,dev,95.53
cost-74,2025-06-07,clearwater-trade,ec2,uat,188.26
cost-75,2025-06-07,clearwater-trade,ec2,prod,566.47
cost-76,2025-06-07,clearwater-trade,rds,dev,54.72
cost-77,2025-06-07,clearwater-trade,rds,uat,129.92
cost-78,2025-06-07,clearwater-trade,rds,prod,432.92
cost-79,2025-06-07,clearwater-trade,s3,dev,10.90
cost-80,2025-06-07,clearwater-trade,s3,uat,26.00
cost-81,2025-06-07,clearwater-trade,s3,prod,91.97
cost-82,2025-06-07,clearwater-trade,lambda,dev,25.63
cost-83,2025-06-07,clearwater-trade,lambda,uat,49.66
cost-84,2025-06-07,clearwater-trade,lambda,prod,189.90
cost-85,2025-06-07,clearwater-trade,eks,dev,57.16
cost-86,2025-06-07,clearwater-trade,eks,uat,114.54
cost-87,2025-06-07,clearwater-trade,eks,prod,300.51
cost-88,2025-06-07,clearwater-trade,cloudwatch,dev,11.78
cost-89,2025-06-07,clearwater-trade,cloudwatch,uat,26.92
cost-90,2025-06-07,clearwater-trade,cloudwatch,prod,92.83
cost-91,2025-06-07,clearwater-settlement,ec2,dev,68.38
cost-92,2025-06-07,clearwater-settlement,ec2,uat,141.77
cost-93,2025-06-07,clearwater-settlement,ec2,prod,490.62
cost-94,2025-06-07,clearwater-settlement,rds,dev,63.24
cost-95,2025-06-07,clearwater-settlement,rds,uat,126.91
cost-96,2025-06-07,clearwater-settlement,rds,prod,422.18
cost-97,2025-06-07,clearwater-settlement,s3,dev,16.53
cost-98,2025-06-07,clearwater-settlement,s3,uat,36.75
cost-99,2025-06-07,clearwater-settlement,s3,prod,125.52
cost-100,2025-06-07,clearwater-settlement,lambda,dev,26.40
cost-101,2025-06-07,clearwater-settlement,lambda,uat,49.65
cost-102,2025-06-07,clearwater-settlement,lambda,prod,206.01
cost-103,2025-06-07,clearwater-settlement,eks,dev,33.57
cost-104,2025-06-07,clearwater-settlement,eks,uat,58.23
cost-105,2025-06-07,clearwater-settlement,eks,prod,205.94
cost-106,2025-06-07,clearwater-settlement,cloudwatch,dev,9.92
cost-107,2025-06-07,clearwater-settlement,cloudwatch,uat,21.58
cost-108,2025-06-07,clearwater-settlement,cloudwatch,prod,67.31
cost-109,2025-06-07,clearwater-sales,ec2,dev,30.18
cost-110,2025-06-07,clearwater-sales,ec2,uat,62.67
cost-111,2025-06-07,clearwater-sales,ec2,prod,179.08
cost-112,2025-06-07,clearwater-sales,rds,dev,20.68
cost-113,2025-06-07,clearwater-sales,rds,uat,33.12
cost-114,2025-06-07,clearwater-sales,rds,prod,111.19
cost-115,2025-06-07,clearwater-sales,s3,dev,16.45
cost-116,2025-06-07,clearwater-sales,s3,uat,28.00
cost-117,2025-06-07,clearwater-sales,s3,prod,111.78
cost-118,2025-06-07,clearwater-sales,lambda,dev,31.53
cost-119,2025-06-07,clearwater-sales,lambda,uat,70.80
cost-120,2025-06-07,clearwater-sales,lambda,prod,259.88
cost-121,2025-06-07,clearwater-sales,eks,dev,12.27
cost-122,2025-06-07,clearwater-sales,eks,uat,25.02
cost-123,2025-06-07,clearwater-sales,eks,prod,95.77
cost-124,2025-06-07,clearwater-sales,cloudwatch,dev,10.72
cost-125,2025-06-07,clearwater-sales,cloudwatch,uat,18.21
cost-126,2025-06-07,clearwater-sales,cloudwatch,prod,65.59
cost-127,2025-06-07,clearwater-collateral,ec2,dev,14.06
cost-128,2025-06-07,clearwater-collateral,ec2,uat,29.89
cost-129,2025-06-07,clearwater-collateral,ec2,prod,95.88
cost-130,2025-06-07,clearwater-collateral,rds,dev,35.06
cost-131,2025-06-07,clearwater-collateral,rds,uat,68.57
cost-132,2025-06-07,clearwater-collateral,rds,prod,231.83
cost-133,2025-06-07,clearwater-collateral,s3,dev,28.70
cost-134,2025-06-07,clearwater-collateral,s3,uat,61.98
cost-135,2025-06-07,clearwater-collateral,s3,prod,215.60
cost-136,2025-06-07,clearwater-collateral,lambda,dev,7.98
cost-137,2025-06-07,clearwater-collateral,lambda,uat,12.66
cost-138,2025-06-07,clearwater-collateral,lambda,prod,52.17
cost-139,2025-06-07,clearwater-collateral,eks,dev,6.06
cost-140,2025-06-07,clearwater-collateral,eks,uat,13.61
cost-141,2025-06-07,clearwater-collateral,eks,prod,42.65
cost-142,2025-06-07,clearwater-collateral,cloudwatch,dev,4.73
cost-143,2025-06-07,clearwater-collateral,cloudwatch,uat,9.56
cost-144,2025-06-07,clearwater-collateral,cloudwatch,prod,32.73
cost-145,2025-06-08,clearwater-trade,ec2,dev,88.21
cost-146,2025-06-08,clearwater-trade,ec2,uat,166.39
cost-147,2025-06-08,clearwater-trade,ec2,prod,608.76
cost-148,2025-06-08,clearwater-trade,rds,dev,64.91
cost-149,2025-06-08,clearwater-trade,rds,uat,139.37
cost-150,2025-06-08,clearwater-trade,rds,prod,440.70
cost-151,2025-06-08,clearwater-trade,s3,dev,13.03
cost-152,2025-06-08,clearwater-trade,s3,uat,27.01
cost-153,2025-06-08,clearwater-trade,s3,prod,85.75
cost-154,2025-06-08,clearwater-trade,lambda,dev,22.88
cost-155,2025-06-08,clearwater-trade,lambda,uat,57.07
cost-156,2025-06-08,clearwater-trade,lambda,prod,187.73
cost-157,2025-06-08,clearwater-trade,eks,dev,48.72
cost-158,2025-06-08,clearwater-trade,eks,uat,104.59
cost-159,2025-06-08,clearwater-trade,eks,prod,318.64
cost-160,2025-06-08,clearwater-trade,cloudwatch,dev,12.35
cost-161,2025-06-08,clearwater-trade,cloudwatch,uat,22.53
cost-162,2025-06-08,clearwater-trade,cloudwatch,prod,77.52
cost-163,2025-06-08,clearwater-settlement,ec2,dev,60.31
cost-164,2025-06-08,clearwater-settlement,ec2,uat,132.35
cost-165,2025-06-08,clearwater-settlement,ec2,prod,494.79
cost-166,2025-06-08,clearwater-settlement,rds,dev,70.01
cost-167,2025-06-08,clearwater-settlement,rds,uat,139.76
cost-168,2025-06-08,clearwater-settlement,rds,prod,485.17
cost-169,2025-06-08,clearwater-settlement,s3,dev,15.46
cost-170,2025-06-08,clearwater-settlement,s3,uat,34.65
cost-171,2025-06-08,clearwater-settlement,s3,prod,125.91
cost-172,2025-06-08,clearwater-settlement,lambda,dev,28.27
cost-173,2025-06-08,clearwater-settlement,lambda,uat,49.76
cost-174,2025-06-08,clearwater-settlement,lambda,prod,184.74
cost-175,2025-06-08,clearwater-settlement,eks,dev,33.14
cost-176,2025-06-08,clearwater-settlement,eks,uat,66.34
cost-177,2025-06-08,clearwater-settlement,eks,prod,258.40
cost-178,2025-06-08,clearwater-settlement,cloudwatch,dev,9.53
cost-179,2025-06-08,clearwater-settlement,cloudwatch,uat,20.31
cost-180,2025-06-08,clearwater-settlement,cloudwatch,prod,83.32
cost-181,2025-06-08,clearwater-sales,ec2,dev,30.95
cost-182,2025-06-08,clearwater-sales,ec2,uat,63.49
cost-183,2025-06-08,clearwater-sales,ec2,prod,181.93
cost-184,2025-06-08,clearwater-sales,rds,dev,20.45
cost-185,2025-06-08,clearwater-sales,rds,uat,37.24
cost-186,2025-06-08,clearwater-sales,rds,prod,143.14
cost-187,2025-06-08,clearwater-sales,s3,dev,12.79
cost-188,2025-06-08,clearwater-sales,s3,uat,29.91
cost-189,2025-06-08,clearwater-sales,s3,prod,94.13
cost-190,2025-06-08,clearwater-sales,lambda,dev,35.14
cost-191,2025-06-08,clearwater-sales,lambda,uat,80.68
cost-192,2025-06-08,clearwater-sales,lambda,prod,272.64
cost-193,2025-06-08,clearwater-sales,eks,dev,10.38
cost-194,2025-06-08,clearwater-sales,eks,uat,21.64
cost-195,2025-06-08,clearwater-sales,eks,prod,80.22
cost-196,2025-06-08,clearwater-sales,cloudwatch,dev,10.08
cost-197,2025-06-08,clearwater-sales,cloudwatch,uat,17.97
cost-198,2025-06-08,clearwater-sales,cloudwatch,prod,63.41
cost-199,2025-06-08,clearwater-collateral,ec2,dev,14.81
cost-200,2025-06-08,clearwater-collateral,ec2,uat,25.80
cost-201,2025-06-08,clearwater-collateral,ec2,prod,84.00
cost-202,2025-06-08,clearwater-collateral,rds,dev,35.60
cost-203,2025-06-08,clearwater-collateral,rds,uat,69.21
cost-204,2025-06-08,clearwater-collateral,rds,prod,201.46
cost-205,2025-06-08,clearwater-collateral,s3,dev,27.86
cost-206,2025-06-08,clearwater-collateral,s3,uat,50.65
cost-207,2025-06-08,clearwater-collateral,s3,prod,160.73
cost-208,2025-06-08,clearwater-collateral,lambda,dev,6.52
cost-209,2025-06-08,clearwater-collateral,lambda,uat,16.36
cost-210,2025-06-08,clearwater-collateral,lambda,prod,57.61
cost-211,2025-06-08,clearwater-collateral,eks,dev,5.60
cost-212,2025-06-08,clearwater-collateral,eks,uat,13.69
cost-213,2025-06-08,clearwater-collateral,eks,prod,49.16
cost-214,2025-06-08,clearwater-collateral,cloudwatch,dev,4.28
cost-215,2025-06-08,clearwater-collateral,cloudwatch,uat,7.87
cost-216,2025-06-08,clearwater-collateral,cloudwatch,prod,27.87
cost-217,2025-06-09,clearwater-trade,ec2,dev,98.97
cost-218,2025-06-09,clearwater-trade,ec2,uat,198.65
cost-219,2025-06-09,clearwater-trade,ec2,prod,695.60
cost-220,2025-06-09,clearwater-trade,rds,dev,56.63
cost-221,2025-06-09,clearwater-trade,rds,uat,115.75
cost-222,2025-06-09,clearwater-trade,rds,prod,498.39
cost-223,2025-06-09,clearwater-trade,s3,dev,11.85
cost-224,2025-06-09,clearwater-trade,s3,uat,22.93
cost-225,2025-06-09,clearwater-trade,s3,prod,97.54
cost-226,2025-06-09,clearwater-trade,lambda,dev,26.82
cost-227,2025-06-09,clearwater-trade,lambda,uat,50.93
cost-228,2025-06-09,clearwater-trade,lambda,prod,148.87
cost-229,2025-06-09,clearwater-trade,eks,dev,47.95
cost-230,2025-06-09,clearwater-trade,eks,uat,107.89
cost-231,2025-06-09,clearwater-trade,eks,prod,374.12
cost-232,2025-06-09,clearwater-trade,cloudwatch,dev,13.54
cost-233,2025-06-09,clearwater-trade,cloudwatch,uat,23.72
cost-234,2025-06-09,clearwater-trade,cloudwatch,prod,74.97
cost-235,2025-06-09,clearwater-settlement,ec2,dev,64.13
cost-236,2025-06-09,clearwater-settlement,ec2,uat,136.15
cost-237,2025-06-09,clearwater-settlement,ec2,prod,516.26
cost-238,2025-06-09,clearwater-settlement,rds,dev,72.29
cost-239,2025-06-09,clearwater-settlement,rds,uat,142.46
cost-240,2025-06-09,clearwater-settlement,rds,prod,446.82
cost-241,2025-06-09,clearwater-settlement,s3,dev,19.02
cost-242,2025-06-09,clearwater-settlement,s3,uat,30.79
cost-243,2025-06-09,clearwater-settlement,s3,prod,131.91
cost-244,2025-06-09,clearwater-settlement,lambda,dev,29.10
cost-245,2025-06-09,clearwater-settlement,lambda,uat,50.10
cost-246,2025-06-09,clearwater-settlement,lambda,prod,204.96
cost-247,2025-06-09,clearwater-settlement,eks,dev,37.73
cost-248,2025-06-09,clearwater-settlement,eks,uat,69.65
cost-249,2025-06-09,clearwater-settlement,eks,prod,237.19
cost-250,2025-06-09,clearwater-settlement,cloudwatch,dev,12.05
cost-251,2025-06-09,clearwater-settlement,cloudwatch,uat,23.69
cost-252,2025-06-09,clearwater-settlement,cloudwatch,prod,65.45
cost-253,2025-06-09,clearwater-sales,ec2,dev,27.55
cost-254,2025-06-09,clearwater-sales,ec2,uat,53.48
cost-255,2025-06-09,clearwater-sales,ec2,prod,195.88
cost-256,2025-06-09,clearwater-sales,rds,dev,18.39
cost-257,2025-06-09,clearwater-sales,rds,uat,34.79
cost-258,2025-06-09,clearwater-sales,rds,prod,127.25
cost-259,2025-06-09,clearwater-sales,s3,dev,16.29
cost-260,2025-06-09,clearwater-sales,s3,uat,26.10
cost-261,2025-06-09,clearwater-sales,s3,prod,102.46
cost-262,2025-06-09,clearwater-sales,lambda,dev,36.50
cost-263,2025-06-09,clearwater-sales,lambda,uat,82.70
cost-264,2025-06-09,clearwater-sales,lambda,prod,266.52
cost-265,2025-06-09,clearwater-sales,eks,dev,11.11
cost-266,2025-06-09,clearwater-sales,eks,uat,20.72
cost-267,2025-06-09,clearwater-sales,eks,prod,74.35
cost-268,2025-06-09,clearwater-sales,cloudwatch,dev,10.42
cost-269,2025-06-09,clearwater-sales,cloudwatch,uat,18.68
cost-270,2025-06-09,clearwater-sales,cloudwatch,prod,67.82
cost-271,2025-06-09,clearwater-collateral,ec2,dev,12.60
cost-272,2025-06-09,clearwater-collateral,ec2,uat,29.01
cost-273,2025-06-09,clearwater-collateral,ec2,prod,104.82
cost-274,2025-06-09,clearwater-collateral,rds,dev,26.87
cost-275,2025-06-09,clearwater-collateral,rds,uat,54.17
cost-276,2025-06-09,clearwater-collateral,rds,prod,238.39
cost-277,2025-06-09,clearwater-collateral,s3,dev,27.14
cost-278,2025-06-09,clearwater-collateral,s3,uat,46.87
cost-279,2025-06-09,clearwater-collateral,s3,prod,201.47
cost-280,2025-06-09,clearwater-collateral,lambda,dev,7.86
cost-281,2025-06-09,clearwater-collateral,lambda,uat,12.57
cost-282,2025-06-09,clearwater-collateral,lambda,prod,50.72
cost-283,2025-06-09,clearwater-collateral,eks,dev,6.78
cost-284,2025-06-09,clearwater-collateral,eks,uat,12.36
cost-285,2025-06-09,clearwater-collateral,eks,prod,44.19
cost-286,2025-06-09,clearwater-collateral,cloudwatch,dev,3.99
cost-287,2025-06-09,clearwater-collateral,cloudwatch,uat,9.36
cost-288,2025-06-09,clearwater-collateral,cloudwatch,prod,33.83
cost-289,2025-06-10,clearwater-trade,ec2,dev,76.58
cost-290,2025-06-10,clearwater-trade,ec2,uat,196.57
cost-291,2025-06-10,clearwater-trade,ec2,prod,562.41
cost-292,2025-06-10,clearwater-trade,rds,dev,54.70
cost-293,2025-06-10,clearwater-trade,rds,uat,116.38
cost-294,2025-06-10,clearwater-trade,rds,prod,500.23
cost-295,2025-06-10,clearwater-trade,s3,dev,12.81
cost-296,2025-06-10,clearwater-trade,s3,uat,28.52
cost-297,2025-06-10,clearwater-trade,s3,prod,85.89
cost-298,2025-06-10,clearwater-trade,lambda,dev,26.22
cost-299,2025-06-10,clearwater-trade,lambda,uat,53.71
cost-300,2025-06-10,clearwater-trade,lambda,prod,184.61
cost-301,2025-06-10,clearwater-trade,eks,dev,57.31
cost-302,2025-06-10,clearwater-trade,eks,uat,98.88
cost-303,2025-06-10,clearwater-trade,eks,prod,329.57
cost-304,2025-06-10,clearwater-trade,cloudwatch,dev,11.38
cost-305,2025-06-10,clearwater-trade,cloudwatch,uat,25.75
cost-306,2025-06-10,clearwater-trade,cloudwatch,prod,93.76
cost-307,2025-06-10,clearwater-settlement,ec2,dev,69.85
cost-308,2025-06-10,clearwater-settlement,ec2,uat,144.29
cost-309,2025-06-10,clearwater-settlement,ec2,prod,522.84
cost-310,2025-06-10,clearwater-settlement,rds,dev,72.23
cost-311,2025-06-10,clearwater-settlement,rds,uat,113.04
cost-312,2025-06-10,clearwater-settlement,rds,prod,469.11
cost-313,2025-06-10,clearwater-settlement,s3,dev,19.49
cost-314,2025-06-10,clearwater-settlement,s3,uat,37.07
cost-315,2025-06-10,clearwater-settlement,s3,prod,109.82
cost-316,2025-06-10,clearwater-settlement,lambda,dev,27.99
cost-317,2025-06-10,clearwater-settlement,lambda,uat,55.20
cost-318,2025-06-10,clearwater-settlement,lambda,prod,168.18
cost-319,2025-06-10,clearwater-settlement,eks,dev,32.28
cost-320,2025-06-10,clearwater-settlement,eks,uat,58.39
cost-321,2025-06-10,clearwater-settlement,eks,prod,246.29
cost-322,2025-06-10,clearwater-settlement,cloudwatch,dev,12.59
cost-323,2025-06-10,clearwater-settlement,cloudwatch,uat,19.91
cost-324,2025-06-10,clearwater-settlement,cloudwatch,prod,66.47
cost-325,2025-06-10,clearwater-sales,ec2,dev,29.08
cost-326,2025-06-10,clearwater-sales,ec2,uat,59.09
cost-327,2025-06-10,clearwater-sales,ec2,prod,208.05
cost-328,2025-06-10,clearwater-sales,rds,dev,17.20
cost-329,2025-06-10,clearwater-sales,rds,uat,37.27
cost-330,2025-06-10,clearwater-sales,rds,prod,118.93
cost-331,2025-06-10,clearwater-sales,s3,dev,15.32
cost-332,2025-06-10,clearwater-sales,s3,uat,25.26
cost-333,2025-06-10,clearwater-sales,s3,prod,107.00
cost-334,2025-06-10,clearwater-sales,lambda,dev,36.04
cost-335,2025-06-10,clearwater-sales,lambda,uat,82.55
cost-336,2025-06-10,clearwater-sales,lambda,prod,252.78
cost-337,2025-06-10,clearwater-sales,eks,dev,11.15
cost-338,2025-06-10,clearwater-sales,eks,uat,20.59
cost-339,2025-06-10,clearwater-sales,eks,prod,89.46
cost-340,2025-06-10,clearwater-sales,cloudwatch,dev,10.90
cost-341,2025-06-10,clearwater-sales,cloudwatch,uat,20.28
cost-342,2025-06-10,clearwater-sales,cloudwatch,prod,58.84
cost-343,2025-06-10,clearwater-collateral,ec2,dev,12.39
cost-344,2025-06-10,clearwater-collateral,ec2,uat,26.53
cost-345,2025-06-10,clearwater-collateral,ec2,prod,95.36
cost-346,2025-06-10,clearwater-collateral,rds,dev,29.95
cost-347,2025-06-10,clearwater-collateral,rds,uat,61.48
cost-348,2025-06-10,clearwater-collateral,rds,prod,205.50
cost-349,2025-06-10,clearwater-collateral,s3,dev,27.11
cost-350,2025-06-10,clearwater-collateral,s3,uat,55.04
cost-351,2025-06-10,clearwater-collateral,s3,prod,206.99
cost-352,2025-06-10,clearwater-collateral,lambda,dev,7.60
cost-353,2025-06-10,clearwater-collateral,lambda,uat,15.06
cost-354,2025-06-10,clearwater-collateral,lambda,prod,45.68
cost-355,2025-06-10,clearwater-collateral,eks,dev,7.17
cost-356,2025-06-10,clearwater-collateral,eks,uat,13.98
cost-357,2025-06-10,clearwater-collateral,eks,prod,40.68
cost-358,2025-06-10,clearwater-collateral,cloudwatch,dev,4.28
cost-359,2025-06-10,clearwater-collateral,cloudwatch,uat,10.13
cost-360,2025-06-10,clearwater-collateral,cloudwatch,prod,31.72
cost-361,2025-06-11,clearwater-trade,ec2,dev,81.26
cost-362,2025-06-11,clearwater-trade,ec2,uat,151.27
cost-363,2025-06-11,clearwater-trade,ec2,prod,608.08
cost-364,2025-06-11,clearwater-trade,rds,dev,68.04
cost-365,2025-06-11,clearwater-trade,rds,uat,109.66
cost-366,2025-06-11,clearwater-trade,rds,prod,426.81
cost-367,2025-06-11,clearwater-trade,s3,dev,10.98
cost-368,2025-06-11,clearwater-trade,s3,uat,25.38
cost-369,2025-06-11,clearwater-trade,s3,prod,93.89
cost-370,2025-06-11,clearwater-trade,lambda,dev,21.95
cost-371,2025-06-11,clearwater-trade,lambda,uat,54.94
cost-372,2025-06-11,clearwater-trade,lambda,prod,161.61
cost-373,2025-06-11,clearwater-trade,eks,dev,51.18
cost-374,2025-06-11,clearwater-trade,eks,uat,96.05
cost-375,2025-06-11,clearwater-trade,eks,prod,356.04
cost-376,2025-06-11,clearwater-trade,cloudwatch,dev,13.71
cost-377,2025-06-11,clearwater-trade,cloudwatch,uat,22.58
cost-378,2025-06-11,clearwater-trade,cloudwatch,prod,84.69
cost-379,2025-06-11,clearwater-settlement,ec2,dev,70.45
cost-380,2025-06-11,clearwater-settlement,ec2,uat,136.36
cost-381,2025-06-11,clearwater-settlement,ec2,prod,466.17
cost-382,2025-06-11,clearwater-settlement,rds,dev,74.71
cost-383,2025-06-11,clearwater-settlement,rds,uat,129.25
cost-384,2025-06-11,clearwater-settlement,rds,prod,472.67
cost-385,2025-06-11,clearwater-settlement,s3,dev,16.85
cost-386,2025-06-11,clearwater-settlement,s3,uat,31.62
cost-387,2025-06-11,clearwater-settlement,s3,prod,137.15
cost-388,2025-06-11,clearwater-settlement,lambda,dev,28.74
cost-389,2025-06-11,clearwater-settlement,lambda,uat,55.78
cost-390,2025-06-11,clearwater-settlement,lambda,prod,200.55
cost-391,2025-06-11,clearwater-settlement,eks,dev,34.32
cost-392,2025-06-11,clearwater-settlement,eks,uat,57.34
cost-393,2025-06-11,clearwater-settlement,eks,prod,206.22
cost-394,2025-06-11,clearwater-settlement,cloudwatch,dev,10.48
cost-395,2025-06-11,clearwater-settlement,cloudwatch,uat,20.30
cost-396,2025-06-11,clearwater-settlement,cloudwatch,prod,85.89
cost-397,2025-06-11,clearwater-sales,ec2,dev,28.78
cost-398,2025-06-11,clearwater-sales,ec2,uat,59.28
cost-399,2025-06-11,clearwater-sales,ec2,prod,207.56
cost-400,2025-06-11,clearwater-sales,rds,dev,20.68
cost-401,2025-06-11,clearwater-sales,rds,uat,40.90
cost-402,2025-06-11,clearwater-sales,rds,prod,136.46
cost-403,2025-06-11,clearwater-sales,s3,dev,14.71
cost-404,2025-06-11,clearwater-sales,s3,uat,25.42
cost-405,2025-06-11,clearwater-sales,s3,prod,102.08
cost-406,2025-06-11,clearwater-sales,lambda,dev,33.34
cost-407,2025-06-11,clearwater-sales,lambda,uat,66.70
cost-408,2025-06-11,clearwater-sales,lambda,prod,245.48
cost-409,2025-06-11,clearwater-sales,eks,dev,10.35
cost-410,2025-06-11,clearwater-sales,eks,uat,24.01
cost-411,2025-06-11,clearwater-sales,eks,prod,81.57
cost-412,2025-06-11,clearwater-sales,cloudwatch,dev,10.02
cost-413,2025-06-11,clearwater-sales,cloudwatch,uat,21.44
cost-414,2025-06-11,clearwater-sales,cloudwatch,prod,69.14
cost-415,2025-06-11,clearwater-collateral,ec2,dev,12.64
cost-416,2025-06-11,clearwater-collateral,ec2,uat,29.35
cost-417,2025-06-11,clearwater-collateral,ec2,prod,98.25
cost-418,2025-06-11,clearwater-collateral,rds,dev,32.23
cost-419,2025-06-11,clearwater-collateral,rds,uat,55.93
cost-420,2025-06-11,clearwater-collateral,rds,prod,220.28
cost-421,2025-06-11,clearwater-collateral,s3,dev,28.43
cost-422,2025-06-11,clearwater-collateral,s3,uat,60.85
cost-423,2025-06-11,clearwater-collateral,s3,prod,175.31
cost-424,2025-06-11,clearwater-collateral,lambda,dev,8.02
cost-425,2025-06-11,clearwater-collateral,lambda,uat,12.82
cost-426,2025-06-11,clearwater-collateral,lambda,prod,49.70
cost-427,2025-06-11,clearwater-collateral,eks,dev,5.64
cost-428,2025-06-11,clearwater-collateral,eks,uat,13.62
cost-429,2025-06-11,clearwater-collateral,eks,prod,38.94
cost-430,2025-06-11,clearwater-collateral,cloudwatch,dev,4.44
cost-431,2025-06-11,clearwater-collateral,cloudwatch,uat,9.63
cost-432,2025-06-11,clearwater-collateral,cloudwatch,prod,29.83
cost-433,2025-06-12,clearwater-trade,ec2,dev,81.86
cost-434,2025-06-12,clearwater-trade,ec2,uat,155.45
cost-435,2025-06-12,clearwater-trade,ec2,prod,542.64
cost-436,2025-06-12,clearwater-trade,rds,dev,56.88
cost-437,2025-06-12,clearwater-trade,rds,uat,133.49
cost-438,2025-06-12,clearwater-trade,rds,prod,500.25
cost-439,2025-06-12,clearwater-trade,s3,dev,13.29
cost-440,2025-06-12,clearwater-trade,s3,uat,28.37
cost-441,2025-06-12,clearwater-trade,s3,prod,79.69
cost-442,2025-06-12,clearwater-trade,lambda,dev,23.76
cost-443,2025-06-12,clearwater-trade,lambda,uat,54.36
cost-444,2025-06-12,clearwater-trade,lambda,prod,166.16
cost-445,2025-06-12,clearwater-trade,eks,dev,50.37
cost-446,2025-06-12,clearwater-trade,eks,uat,91.33
cost-447,2025-06-12,clearwater-trade,eks,prod,397.85
cost-448,2025-06-12,clearwater-trade,cloudwatch,dev,13.06
cost-449,2025-06-12,clearwater-trade,cloudwatch,uat,27.72
cost-450,2025-06-12,clearwater-trade,cloudwatch,prod,95.77
cost-451,2025-06-12,clearwater-settlement,ec2,dev,66.00
cost-452,2025-06-12,clearwater-settlement,ec2,uat,145.52
cost-453,2025-06-12,clearwater-settlement,ec2,prod,409.13
cost-454,2025-06-12,clearwater-settlement,rds,dev,75.86
cost-455,2025-06-12,clearwater-settlement,rds,uat,133.66
cost-456,2025-06-12,clearwater-settlement,rds,prod,479.24
cost-457,2025-06-12,clearwater-settlement,s3,dev,16.65
cost-458,2025-06-12,clearwater-settlement,s3,uat,33.74
cost-459,2025-06-12,clearwater-settlement,s3,prod,122.76
cost-460,2025-06-12,clearwater-settlement,lambda,dev,23.77
cost-461,2025-06-12,clearwater-settlement,lambda,uat,46.37
cost-462,2025-06-12,clearwater-settlement,lambda,prod,199.87
cost-463,2025-06-12,clearwater-settlement,eks,dev,30.50
cost-464,2025-06-12,clearwater-settlement,eks,uat,67.31
cost-465,2025-06-12,clearwater-settlement,eks,prod,256.28
cost-466,2025-06-12,clearwater-settlement,cloudwatch,dev,11.10
cost-467,2025-06-12,clearwater-settlement,cloudwatch,uat,25.24
cost-468,2025-06-12,clearwater-settlement,cloudwatch,prod,77.32
cost-469,2025-06-12,clearwater-sales,ec2,dev,30.14
cost-470,2025-06-12,clearwater-sales,ec2,uat,65.60
cost-471,2025-06-12,clearwater-sales,ec2,prod,195.95
cost-472,2025-06-12,clearwater-sales,rds,dev,16.96
cost-473,2025-06-12,clearwater-sales,rds,uat,40.81
cost-474,2025-06-12,clearwater-sales,rds,prod,124.52
cost-475,2025-06-12,clearwater-sales,s3,dev,14.43
cost-476,2025-06-12,clearwater-sales,s3,uat,25.01
cost-477,2025-06-12,clearwater-sales,s3,prod,103.13
cost-478,2025-06-12,clearwater-sales,lambda,dev,39.73
cost-479,2025-06-12,clearwater-sales,lambda,uat,74.26
cost-480,2025-06-12,clearwater-sales,lambda,prod,250.85
cost-481,2025-06-12,clearwater-sales,eks,dev,12.93
cost-482,2025-06-12,clearwater-sales,eks,uat,23.68
cost-483,2025-06-12,clearwater-sales,eks,prod,96.32
cost-484,2025-06-12,clearwater-sales,cloudwatch,dev,9.56
cost-485,2025-06-12,clearwater-sales,cloudwatch,uat,17.41
cost-486,2025-06-12,clearwater-sales,cloudwatch,prod,69.72
cost-487,2025-06-12,clearwater-collateral,ec2,dev,14.93
cost-488,2025-06-12,clearwater-collateral,ec2,uat,25.34
cost-489,2025-06-12,clearwater-collateral,ec2,prod,96.34
cost-490,2025-06-12,clearwater-collateral,rds,dev,27.38
cost-491,2025-06-12,clearwater-collateral,rds,uat,54.10
cost-492,2025-06-12,clearwater-collateral,rds,prod,195.32
cost-493,2025-06-12,clearwater-collateral,s3,dev,24.47
cost-494,2025-06-12,clearwater-collateral,s3,uat,60.79
cost-495,2025-06-12,clearwater-collateral,s3,prod,189.87
cost-496,2025-06-12,clearwater-collateral,lambda,dev,6.80
cost-497,2025-06-12,clearwater-collateral,lambda,uat,14.66
cost-498,2025-06-12,clearwater-collateral,lambda,prod,57.58
cost-499,2025-06-12,clearwater-collateral,eks,dev,6.85
cost-500,2025-06-12,clearwater-collateral,eks,uat,13.84
cost-501,2025-06-12,clearwater-collateral,eks,prod,43.12
cost-502,2025-06-12,clearwater-collateral,cloudwatch,dev,4.09
cost-503,2025-06-12,clearwater-collateral,cloudwatch,uat,8.57
cost-504,2025-06-12,clearwater-collateral,cloudwatch,prod,27.80
cost-505,2025-06-13,clearwater-trade,ec2,dev,80.65
cost-506,2025-06-13,clearwater-trade,ec2,uat,161.73
cost-507,2025-06-13,clearwater-trade,ec2,prod,636.68
cost-508,2025-06-13,clearwater-trade,rds,dev,64.26
cost-509,2025-06-13,clearwater-trade,rds,uat,106.78
cost-510,2025-06-13,clearwater-trade,rds,prod,433.96
cost-511,2025-06-13,clearwater-trade,s3,dev,12.41
cost-512,2025-06-13,clearwater-trade,s3,uat,26.01
cost-513,2025-06-13,clearwater-trade,s3,prod,76.67
cost-514,2025-06-13,clearwater-trade,lambda,dev,22.22
cost-515,2025-06-13,clearwater-trade,lambda,uat,43.30
cost-516,2025-06-13,clearwater-trade,lambda,prod,195.33
cost-517,2025-06-13,clearwater-trade,eks,dev,52.27
cost-518,2025-06-13,clearwater-trade,eks,uat,101.01
cost-519,2025-06-13,clearwater-trade,eks,prod,383.41
cost-520,2025-06-13,clearwater-trade,cloudwatch,dev,13.18
cost-521,2025-06-13,clearwater-trade,cloudwatch,uat,23.52
cost-522,2025-06-13,clearwater-trade,cloudwatch,prod,86.39
cost-523,2025-06-13,clearwater-settlement,ec2,dev,58.57
cost-524,2025-06-13,clearwater-settlement,ec2,uat,117.75
cost-525,2025-06-13,clearwater-settlement,ec2,prod,407.88
cost-526,2025-06-13,clearwater-settlement,rds,dev,71.13
cost-527,2025-06-13,clearwater-settlement,rds,uat,128.80
cost-528,2025-06-13,clearwater-settlement,rds,prod,456.75
cost-529,2025-06-13,clearwater-settlement,s3,dev,18.66
cost-530,2025-06-13,clearwater-settlement,s3,uat,30.51
cost-531,2025-06-13,clearwater-settlement,s3,prod,134.74
cost-532,2025-06-13,clearwater-settlement,lambda,dev,30.16
cost-533,2025-06-13,clearwater-settlement,lambda,uat,48.88
cost-534,2025-06-13,clearwater-settlement,lambda,prod,187.06
cost-535,2025-06-13,clearwater-settlement,eks,dev,36.99
cost-536,2025-06-13,clearwater-settlement,eks,uat,65.29
cost-537,2025-06-13,clearwater-settlement,eks,prod,205.37
cost-538,2025-06-13,clearwater-settlement,cloudwatch,dev,10.13
cost-539,2025-06-13,clearwater-settlement,cloudwatch,uat,20.91
cost-540,2025-06-13,clearwater-settlement,cloudwatch,prod,78.39
cost-541,2025-06-13,clearwater-sales,ec2,dev,30.01
cost-542,2025-06-13,clearwater-sales,ec2,uat,66.99
cost-543,2025-06-13,clearwater-sales,ec2,prod,204.41
cost-544,2025-06-13,clearwater-sales,rds,dev,19.71
cost-545,2025-06-13,clearwater-sales,rds,uat,39.45
cost-546,2025-06-13,clearwater-sales,rds,prod,107.75
cost-547,2025-06-13,clearwater-sales,s3,dev,14.86
cost-548,2025-06-13,clearwater-sales,s3,uat,25.18
cost-549,2025-06-13,clearwater-sales,s3,prod,99.41
cost-550,2025-06-13,clearwater-sales,lambda,dev,32.12
cost-551,2025-06-13,clearwater-sales,lambda,uat,63.80
cost-552,2025-06-13,clearwater-sales,lambda,prod,285.28
cost-553,2025-06-13,clearwater-sales,eks,dev,13.16
cost-554,2025-06-13,clearwater-sales,eks,uat,23.49
cost-555,2025-06-13,clearwater-sales,eks,prod,80.87
cost-556,2025-06-13,clearwater-sales,cloudwatch,dev,10.07
cost-557,2025-06-13,clearwater-sales,cloudwatch,uat,21.84
cost-558,2025-06-13,clearwater-sales,cloudwatch,prod,75.18
cost-559,2025-06-13,clearwater-collateral,ec2,dev,15.34
cost-560,2025-06-13,clearwater-collateral,ec2,uat,23.56
cost-561,2025-06-13,clearwater-collateral,ec2,prod,84.79
cost-562,2025-06-13,clearwater-collateral,rds,dev,29.17
cost-563,2025-06-13,clearwater-collateral,rds,uat,65.38
cost-564,2025-06-13,clearwater-collateral,rds,prod,238.67
cost-565,2025-06-13,clearwater-collateral,s3,dev,23.29
cost-566,2025-06-13,clearwater-collateral,s3,uat,48.30
cost-567,2025-06-13,clearwater-collateral,s3,prod,204.38
cost-568,2025-06-13,clearwater-collateral,lambda,dev,8.16
cost-569,2025-06-13,clearwater-collateral,lambda,uat,14.20
cost-570,2025-06-13,clearwater-collateral,lambda,prod,56.32
cost-571,2025-06-13,clearwater-collateral,eks,dev,6.22
cost-572,2025-06-13,clearwater-collateral,eks,uat,14.05
cost-573,2025-06-13,clearwater-collateral,eks,prod,41.82
cost-574,2025-06-13,clearwater-collateral,cloudwatch,dev,5.14
cost-575,2025-06-13,clearwater-collateral,cloudwatch,uat,8.25
cost-576,2025-06-13,clearwater-collateral,cloudwatch,prod,27.72
cost-577,2025-06-14,clearwater-trade,ec2,dev,75.65
cost-578,2025-06-14,clearwater-trade,ec2,uat,166.98
cost-579,2025-06-14,clearwater-trade,ec2,prod,554.02
cost-580,2025-06-14,clearwater-trade,rds,dev,67.46
cost-581,2025-06-14,clearwater-trade,rds,uat,137.42
cost-582,2025-06-14,clearwater-trade,rds,prod,480.77
cost-583,2025-06-14,clearwater-trade,s3,dev,12.00
cost-584,2025-06-14,clearwater-trade,s3,uat,25.20
cost-585,2025-06-14,clearwater-trade,s3,prod,76.89
cost-586,2025-06-14,clearwater-trade,lambda,dev,25.51
cost-587,2025-06-14,clearwater-trade,lambda,uat,54.13
cost-588,2025-06-14,clearwater-trade,lambda,prod,165.58
cost-589,2025-06-14,clearwater-trade,eks,dev,44.32
cost-590,2025-06-14,clearwater-trade,eks,uat,114.52
cost-591,2025-06-14,clearwater-trade,eks,prod,348.25
cost-592,2025-06-14,clearwater-trade,cloudwatch,dev,11.11
cost-593,2025-06-14,clearwater-trade,cloudwatch,uat,25.01
cost-594,2025-06-14,clearwater-trade,cloudwatch,prod,83.26
cost-595,2025-06-14,clearwater-settlement,ec2,dev,64.04
cost-596,2025-06-14,clearwater-settlement,ec2,uat,123.85
cost-597,2025-06-14,clearwater-settlement,ec2,prod,470.43
cost-598,2025-06-14,clearwater-settlement,rds,dev,69.41
cost-599,2025-06-14,clearwater-settlement,rds,uat,125.93
cost-600,2025-06-14,clearwater-settlement,rds,prod,455.85
cost-601,2025-06-14,clearwater-settlement,s3,dev,19.57
cost-602,2025-06-14,clearwater-settlement,s3,uat,33.50
cost-603,2025-06-14,clearwater-settlement,s3,prod,108.10
cost-604,2025-06-14,clearwater-settlement,lambda,dev,25.12
cost-605,2025-06-14,clearwater-settlement,lambda,uat,51.21
cost-606,2025-06-14,clearwater-settlement,lambda,prod,200.29
cost-607,2025-06-14,clearwater-settlement,eks,dev,35.87
cost-608,2025-06-14,clearwater-settlement,eks,uat,75.78
cost-609,2025-06-14,clearwater-settlement,eks,prod,247.59
cost-610,2025-06-14,clearwater-settlement,cloudwatch,dev,12.32
cost-611,2025-06-14,clearwater-settlement,cloudwatch,uat,19.28
cost-612,2025-06-14,clearwater-settlement,cloudwatch,prod,87.74
cost-613,2025-06-14,clearwater-sales,ec2,dev,26.20
cost-614,2025-06-14,clearwater-sales,ec2,uat,64.85
cost-615,2025-06-14,clearwater-sales,ec2,prod,211.08
cost-616,2025-06-14,clearwater-sales,rds,dev,17.02
cost-617,2025-06-14,clearwater-sales,rds,uat,35.41
cost-618,2025-06-14,clearwater-sales,rds,prod,114.34
cost-619,2025-06-14,clearwater-sales,s3,dev,12.45
cost-620,2025-06-14,clearwater-sales,s3,uat,29.94
cost-621,2025-06-14,clearwater-sales,s3,prod,103.31
cost-622,2025-06-14,clearwater-sales,lambda,dev,31.98
cost-623,2025-06-14,clearwater-sales,lambda,uat,65.39
cost-624,2025-06-14,clearwater-sales,lambda,prod,260.15
cost-625,2025-06-14,clearwater-sales,eks,dev,13.20
cost-626,2025-06-14,clearwater-sales,eks,uat,25.83
cost-627,2025-06-14,clearwater-sales,eks,prod,80.34
cost-628,2025-06-14,clearwater-sales,cloudwatch,dev,9.36
cost-629,2025-06-14,clearwater-sales,cloudwatch,uat,21.94
cost-630,2025-06-14,clearwater-sales,cloudwatch,prod,67.86
cost-631,2025-06-14,clearwater-collateral,ec2,dev,11.61
cost-632,2025-06-14,clearwater-collateral,ec2,uat,23.78
cost-633,2025-06-14,clearwater-collateral,ec2,prod,83.13
cost-634,2025-06-14,clearwater-collateral,rds,dev,27.40
cost-635,2025-06-14,clearwater-collateral,rds,uat,66.17
cost-636,2025-06-14,clearwater-collateral,rds,prod,195.34
cost-637,2025-06-14,clearwater-collateral,s3,dev,25.57
cost-638,2025-06-14,clearwater-collateral,s3,uat,57.12
cost-639,2025-06-14,clearwater-collateral,s3,prod,194.81
cost-640,2025-06-14,clearwater-collateral,lambda,dev,6.52
cost-641,2025-06-14,clearwater-collateral,lambda,uat,14.43
cost-642,2025-06-14,clearwater-collateral,lambda,prod,52.94
cost-643,2025-06-14,clearwater-collateral,eks,dev,5.53
cost-644,2025-06-14,clearwater-collateral,eks,uat,12.16
cost-645,2025-06-14,clearwater-collateral,eks,prod,41.40
cost-646,2025-06-14,clearwater-collateral,cloudwatch,dev,4.58
cost-647,2025-06-14,clearwater-collateral,cloudwatch,uat,8.73
cost-648,2025-06-14,clearwater-collateral,cloudwatch,prod,31.04
cost-649,2025-06-15,clearwater-trade,ec2,dev,94.22
cost-650,2025-06-15,clearwater-trade,ec2,uat,195.59
cost-651,2025-06-15,clearwater-trade,ec2,prod,686.71
cost-652,2025-06-15,clearwater-trade,rds,dev,71.85
cost-653,2025-06-15,clearwater-trade,rds,uat,137.14
cost-654,2025-06-15,clearwater-trade,rds,prod,395.82
cost-655,2025-06-15,clearwater-trade,s3,dev,12.59
cost-656,2025-06-15,clearwater-trade,s3,uat,23.88
cost-657,2025-06-15,clearwater-trade,s3,prod,75.24
cost-658,2025-06-15,clearwater-trade,lambda,dev,23.10
cost-659,2025-06-15,clearwater-trade,lambda,uat,55.49
cost-660,2025-06-15,clearwater-trade,lambda,prod,187.81
cost-661,2025-06-15,clearwater-trade,eks,dev,48.37
cost-662,2025-06-15,clearwater-trade,eks,uat,107.99
cost-663,2025-06-15,clearwater-trade,eks,prod,319.56
cost-664,2025-06-15,clearwater-trade,cloudwatch,dev,12.75
cost-665,2025-06-15,clearwater-trade,cloudwatch,uat,22.88
cost-666,2025-06-15,clearwater-trade,cloudwatch,prod,78.71
cost-667,2025-06-15,clearwater-settlement,ec2,dev,60.43
cost-668,2025-06-15,clearwater-settlement,ec2,uat,116.30
cost-669,2025-06-15,clearwater-settlement,ec2,prod,528.65
cost-670,2025-06-15,clearwater-settlement,rds,dev,73.31
cost-671,2025-06-15,clearwater-settlement,rds,uat,147.48
cost-672,2025-06-15,clearwater-settlement,rds,prod,403.87
cost-673,2025-06-15,clearwater-settlement,s3,dev,17.58
cost-674,2025-06-15,clearwater-settlement,s3,uat,38.09
cost-675,2025-06-15,clearwater-settlement,s3,prod,141.07
cost-676,2025-06-15,clearwater-settlement,lambda,dev,27.47
cost-677,2025-06-15,clearwater-settlement,lambda,uat,52.87
cost-678,2025-06-15,clearwater-settlement,lambda,prod,172.99
cost-679,2025-06-15,clearwater-settlement,eks,dev,29.67
cost-680,2025-06-15,clearwater-settlement,eks,uat,63.17
cost-681,2025-06-15,clearwater-settlement,eks,prod,255.28
cost-682,2025-06-15,clearwater-settlement,cloudwatch,dev,10.42
cost-683,2025-06-15,clearwater-settlement,cloudwatch,uat,19.86
cost-684,2025-06-15,clearwater-settlement,cloudwatch,prod,76.88
cost-685,2025-06-15,clearwater-sales,ec2,dev,32.20
cost-686,2025-06-15,clearwater-sales,ec2,uat,56.70
cost-687,2025-06-15,clearwater-sales,ec2,prod,225.94
cost-688,2025-06-15,clearwater-sales,rds,dev,18.29
cost-689,2025-06-15,clearwater-sales,rds,uat,32.91
cost-690,2025-06-15,clearwater-sales,rds,prod,114.97
cost-691,2025-06-15,clearwater-sales,s3,dev,14.46
cost-692,2025-06-15,clearwater-sales,s3,uat,27.46
cost-693,2025-06-15,clearwater-sales,s3,prod,86.17
cost-694,2025-06-15,clearwater-sales,lambda,dev,41.09
cost-695,2025-06-15,clearwater-sales,lambda,uat,67.90
cost-696,2025-06-15,clearwater-sales,lambda,prod,239.43
cost-697,2025-06-15,clearwater-sales,eks,dev,12.57
cost-698,2025-06-15,clearwater-sales,eks,uat,22.66
cost-699,2025-06-15,clearwater-sales,eks,prod,78.46
cost-700,2025-06-15,clearwater-sales,cloudwatch,dev,10.86
cost-701,2025-06-15,clearwater-sales,cloudwatch,uat,17.90
cost-702,2025-06-15,clearwater-sales,cloudwatch,prod,59.73
cost-703,2025-06-15,clearwater-collateral,ec2,dev,12.81
cost-704,2025-06-15,clearwater-collateral,ec2,uat,29.83
cost-705,2025-06-15,clearwater-collateral,ec2,prod,85.40
cost-706,2025-06-15,clearwater-collateral,rds,dev,27.56
cost-707,2025-06-15,clearwater-collateral,rds,uat,68.54
cost-708,2025-06-15,clearwater-collateral,rds,prod,209.50
cost-709,2025-06-15,clearwater-collateral,s3,dev,30.28
cost-710,2025-06-15,clearwater-collateral,s3,uat,57.44
cost-711,2025-06-15,clearwater-collateral,s3,prod,210.31
cost-712,2025-06-15,clearwater-collateral,lambda,dev,8.09
cost-713,2025-06-15,clearwater-collateral,lambda,uat,14.97
cost-714,2025-06-15,clearwater-collateral,lambda,prod,48.22
cost-715,2025-06-15,clearwater-collateral,eks,dev,6.94
cost-716,2025-06-15,clearwater-collateral,eks,uat,12.23
cost-717,2025-06-15,clearwater-collateral,eks,prod,49.17
cost-718,2025-06-15,clearwater-collateral,cloudwatch,dev,5.15
cost-719,2025-06-15,clearwater-collateral,cloudwatch,uat,9.34
cost-720,2025-06-15,clearwater-collateral,cloudwatch,prod,31.91
cost-721,2025-06-16,clearwater-trade,ec2,dev,85.78
cost-722,2025-06-16,clearwater-trade,ec2,uat,176.58
cost-723,2025-06-16,clearwater-trade,ec2,prod,667.57
cost-724,2025-06-16,clearwater-trade,rds,dev,69.87
cost-725,2025-06-16,clearwater-trade,rds,uat,136.83
cost-726,2025-06-16,clearwater-trade,rds,prod,404.56
cost-727,2025-06-16,clearwater-trade,s3,dev,14.02
cost-728,2025-06-16,clearwater-trade,s3,uat,22.22
cost-729,2025-06-16,clearwater-trade,s3,prod,86.94
cost-730,2025-06-16,clearwater-trade,lambda,dev,26.32
cost-731,2025-06-16,clearwater-trade,lambda,uat,56.26
cost-732,2025-06-16,clearwater-trade,lambda,prod,199.39
cost-733,2025-06-16,clearwater-trade,eks,dev,47.79
cost-734,2025-06-16,clearwater-trade,eks,uat,107.65
cost-735,2025-06-16,clearwater-trade,eks,prod,307.06
cost-736,2025-06-16,clearwater-trade,cloudwatch,dev,13.16
cost-737,2025-06-16,clearwater-trade,cloudwatch,uat,25.49
cost-738,2025-06-16,clearwater-trade,cloudwatch,prod,82.55
cost-739,2025-06-16,clearwater-settlement,ec2,dev,63.53
cost-740,2025-06-16,clearwater-settlement,ec2,uat,150.34
cost-741,2025-06-16,clearwater-settlement,ec2,prod,487.29
cost-742,2025-06-16,clearwater-settlement,rds,dev,68.12
cost-743,2025-06-16,clearwater-settlement,rds,uat,122.30
cost-744,2025-06-16,clearwater-settlement,rds,prod,514.39
cost-745,2025-06-16,clearwater-settlement,s3,dev,18.94
cost-746,2025-06-16,clearwater-settlement,s3,uat,36.37
cost-747,2025-06-16,clearwater-settlement,s3,prod,121.23
cost-748,2025-06-16,clearwater-settlement,lambda,dev,25.51
cost-749,2025-06-16,clearwater-settlement,lambda,uat,47.56
cost-750,2025-06-16,clearwater-settlement,lambda,prod,192.80
cost-751,2025-06-16,clearwater-settlement,eks,dev,30.02
cost-752,2025-06-16,clearwater-settlement,eks,uat,63.87
cost-753,2025-06-16,clearwater-settlement,eks,prod,220.67
cost-754,2025-06-16,clearwater-settlement,cloudwatch,dev,12.52
cost-755,2025-06-16,clearwater-settlement,cloudwatch,uat,18.90
cost-756,2025-06-16,clearwater-settlement,cloudwatch,prod,87.46
cost-757,2025-06-16,clearwater-sales,ec2,dev,27.46
cost-758,2025-06-16,clearwater-sales,ec2,uat,55.27
cost-759,2025-06-16,clearwater-sales,ec2,prod,215.36
cost-760,2025-06-16,clearwater-sales,rds,dev,19.47
cost-761,2025-06-16,clearwater-sales,rds,uat,32.87
cost-762,2025-06-16,clearwater-sales,rds,prod,138.17
cost-763,2025-06-16,clearwater-sales,s3,dev,13.57
cost-764,2025-06-16,clearwater-sales,s3,uat,27.00
cost-765,2025-06-16,clearwater-sales,s3,prod,87.84
cost-766,2025-06-16,clearwater-sales,lambda,dev,40.56
cost-767,2025-06-16,clearwater-sales,lambda,uat,61.76
cost-768,2025-06-16,clearwater-sales,lambda,prod,265.71
cost-769,2025-06-16,clearwater-sales,eks,dev,11.42
cost-770,2025-06-16,clearwater-sales,eks,uat,26.59
cost-771,2025-06-16,clearwater-sales,eks,prod,82.87
cost-772,2025-06-16,clearwater-sales,cloudwatch,dev,10.20
cost-773,2025-06-16,clearwater-sales,cloudwatch,uat,20.59
cost-774,2025-06-16,clearwater-sales,cloudwatch,prod,70.62
cost-775,2025-06-16,clearwater-collateral,ec2,dev,13.69
cost-776,2025-06-16,clearwater-collateral,ec2,uat,23.63
cost-777,2025-06-16,clearwater-collateral,ec2,prod,93.11
cost-778,2025-06-16,clearwater-collateral,rds,dev,28.95
cost-779,2025-06-16,clearwater-collateral,rds,uat,72.27
cost-780,2025-06-16,clearwater-collateral,rds,prod,216.65
cost-781,2025-06-16,clearwater-collateral,s3,dev,25.32
cost-782,2025-06-16,clearwater-collateral,s3,uat,47.77
cost-783,2025-06-16,clearwater-collateral,s3,prod,195.35
cost-784,2025-06-16,clearwater-collateral,lambda,dev,6.16
cost-785,2025-06-16,clearwater-collateral,lambda,uat,15.10
cost-786,2025-06-16,clearwater-collateral,lambda,prod,52.53
cost-787,2025-06-16,clearwater-collateral,eks,dev,5.48
cost-788,2025-06-16,clearwater-collateral,eks,uat,14.07
cost-789,2025-06-16,clearwater-collateral,eks,prod,49.72
cost-790,2025-06-16,clearwater-collateral,cloudwatch,dev,4.77
cost-791,2025-06-16,clearwater-collateral,cloudwatch,uat,9.30
cost-792,2025-06-16,clearwater-collateral,cloudwatch,prod,34.00
cost-793,2025-06-17,clearwater-trade,ec2,dev,84.05
cost-794,2025-06-17,clearwater-trade,ec2,uat,179.47
cost-795,2025-06-17,clearwater-trade,ec2,prod,665.84
cost-796,2025-06-17,clearwater-trade,rds,dev,65.33
cost-797,2025-06-17,clearwater-trade,rds,uat,142.76
cost-798,2025-06-17,clearwater-trade,rds,prod,437.34
cost-799,2025-06-17,clearwater-trade,s3,dev,12.23
cost-800,2025-06-17,clearwater-trade,s3,uat,23.71
cost-801,2025-06-17,clearwater-trade,s3,prod,94.02
cost-802,2025-06-17,clearwater-trade,lambda,dev,23.44
cost-803,2025-06-17,clearwater-trade,lambda,uat,44.23
cost-804,2025-06-17,clearwater-trade,lambda,prod,156.86
cost-805,2025-06-17,clearwater-trade,eks,dev,49.22
cost-806,2025-06-17,clearwater-trade,eks,uat,91.59
cost-807,2025-06-17,clearwater-trade,eks,prod,328.27
cost-808,2025-06-17,clearwater-trade,cloudwatch,dev,13.37
cost-809,2025-06-17,clearwater-trade,cloudwatch,uat,23.97
cost-810,2025-06-17,clearwater-trade,cloudwatch,prod,75.94
cost-811,2025-06-17,clearwater-settlement,ec2,dev,57.84
cost-812,2025-06-17,clearwater-settlement,ec2,uat,125.63
cost-813,2025-06-17,clearwater-settlement,ec2,prod,401.72
cost-814,2025-06-17,clearwater-settlement,rds,dev,65.71
cost-815,2025-06-17,clearwater-settlement,rds,uat,123.24
cost-816,2025-06-17,clearwater-settlement,rds,prod,399.35
cost-817,2025-06-17,clearwater-settlement,s3,dev,17.88
cost-818,2025-06-17,clearwater-settlement,s3,uat,30.52
cost-819,2025-06-17,clearwater-settlement,s3,prod,108.40
cost-820,2025-06-17,clearwater-settlement,lambda,dev,26.09
cost-821,2025-06-17,clearwater-settlement,lambda,uat,50.02
cost-822,2025-06-17,clearwater-settlement,lambda,prod,183.32
cost-823,2025-06-17,clearwater-settlement,eks,dev,30.75
cost-824,2025-06-17,clearwater-settlement,eks,uat,60.14
cost-825,2025-06-17,clearwater-settlement,eks,prod,206.97
cost-826,2025-06-17,clearwater-settlement,cloudwatch,dev,9.39
cost-827,2025-06-17,clearwater-settlement,cloudwatch,uat,24.32
cost-828,2025-06-17,clearwater-settlement,cloudwatch,prod,74.04
cost-829,2025-06-17,clearwater-sales,ec2,dev,27.87
cost-830,2025-06-17,clearwater-sales,ec2,uat,62.79
cost-831,2025-06-17,clearwater-sales,ec2,prod,233.46
cost-832,2025-06-17,clearwater-sales,rds,dev,16.71
cost-833,2025-06-17,clearwater-sales,rds,uat,39.11
cost-834,2025-06-17,clearwater-sales,rds,prod,133.96
cost-835,2025-06-17,clearwater-sales,s3,dev,16.38
cost-836,2025-06-17,clearwater-sales,s3,uat,32.39
cost-837,2025-06-17,clearwater-sales,s3,prod,100.90
cost-838,2025-06-17,clearwater-sales,lambda,dev,40.88
cost-839,2025-06-17,clearwater-sales,lambda,uat,82.72
cost-840,2025-06-17,clearwater-sales,lambda,prod,220.16
cost-841,2025-06-17,clearwater-sales,eks,dev,13.31
cost-842,2025-06-17,clearwater-sales,eks,uat,27.17
cost-843,2025-06-17,clearwater-sales,eks,prod,92.26
cost-844,2025-06-17,clearwater-sales,cloudwatch,dev,8.70
cost-845,2025-06-17,clearwater-sales,cloudwatch,uat,18.07
cost-846,2025-06-17,clearwater-sales,cloudwatch,prod,69.85
cost-847,2025-06-17,clearwater-collateral,ec2,dev,12.89
cost-848,2025-06-17,clearwater-collateral,ec2,uat,26.27
cost-849,2025-06-17,clearwater-collateral,ec2,prod,84.91
cost-850,2025-06-17,clearwater-collateral,rds,dev,27.24
cost-851,2025-06-17,clearwater-collateral,rds,uat,66.22
cost-852,2025-06-17,clearwater-collateral,rds,prod,237.60
cost-853,2025-06-17,clearwater-collateral,s3,dev,30.04
cost-854,2025-06-17,clearwater-collateral,s3,uat,51.97
cost-855,2025-06-17,clearwater-collateral,s3,prod,168.12
cost-856,2025-06-17,clearwater-collateral,lambda,dev,7.30
cost-857,2025-06-17,clearwater-collateral,lambda,uat,15.03
cost-858,2025-06-17,clearwater-collateral,lambda,prod,54.11
cost-859,2025-06-17,clearwater-collateral,eks,dev,5.74
cost-860,2025-06-17,clearwater-collateral,eks,uat,13.20
cost-861,2025-06-17,clearwater-collateral,eks,prod,41.60
cost-862,2025-06-17,clearwater-collateral,cloudwatch,dev,4.68
cost-863,2025-06-17,clearwater-collateral,cloudwatch,uat,9.12
cost-864,2025-06-17,clearwater-collateral,cloudwatch,prod,27.10
cost-865,2025-06-18,clearwater-trade,ec2,dev,91.75
cost-866,2025-06-18,clearwater-trade,ec2,uat,200.88
cost-867,2025-06-18,clearwater-trade,ec2,prod,624.56
cost-868,2025-06-18,clearwater-trade,rds,dev,56.29
cost-869,2025-06-18,clearwater-trade,rds,uat,117.34
cost-870,2025-06-18,clearwater-trade,rds,prod,460.79
cost-871,2025-06-18,clearwater-trade,s3,dev,13.38
cost-872,2025-06-18,clearwater-trade,s3,uat,22.15
cost-873,2025-06-18,clearwater-trade,s3,prod,98.92
cost-874,2025-06-18,clearwater-trade,lambda,dev,27.53
cost-875,2025-06-18,clearwater-trade,lambda,uat,45.01
cost-876,2025-06-18,clearwater-trade,lambda,prod,165.39
cost-877,2025-06-18,clearwater-trade,eks,dev,50.49
cost-878,2025-06-18,clearwater-trade,eks,uat,110.05
cost-879,2025-06-18,clearwater-trade,eks,prod,391.54
cost-880,2025-06-18,clearwater-trade,cloudwatch,dev,12.79
cost-881,2025-06-18,clearwater-trade,cloudwatch,uat,28.28
cost-882,2025-06-18,clearwater-trade,cloudwatch,prod,91.82
cost-883,2025-06-18,clearwater-settlement,ec2,dev,61.83
cost-884,2025-06-18,clearwater-settlement,ec2,uat,137.27
cost-885,2025-06-18,clearwater-settlement,ec2,prod,507.70
cost-886,2025-06-18,clearwater-settlement,rds,dev,56.71
cost-887,2025-06-18,clearwater-settlement,rds,uat,137.12
cost-888,2025-06-18,clearwater-settlement,rds,prod,437.49
cost-889,2025-06-18,clearwater-settlement,s3,dev,19.91
cost-890,2025-06-18,clearwater-settlement,s3,uat,36.89
cost-891,2025-06-18,clearwater-settlement,s3,prod,121.73
cost-892,2025-06-18,clearwater-settlement,lambda,dev,30.33
cost-893,2025-06-18,clearwater-settlement,lambda,uat,48.46
cost-894,2025-06-18,clearwater-settlement,lambda,prod,165.51
cost-895,2025-06-18,clearwater-settlement,eks,dev,31.58
cost-896,2025-06-18,clearwater-settlement,eks,uat,56.24
cost-897,2025-06-18,clearwater-settlement,eks,prod,245.56
cost-898,2025-06-18,clearwater-settlement,cloudwatch,dev,11.93
cost-899,2025-06-18,clearwater-settlement,cloudwatch,uat,19.38
cost-900,2025-06-18,clearwater-settlement,cloudwatch,prod,72.93
cost-901,2025-06-18,clearwater-sales,ec2,dev,29.69
cost-902,2025-06-18,clearwater-sales,ec2,uat,57.96
cost-903,2025-06-18,clearwater-sales,ec2,prod,220.45
cost-904,2025-06-18,clearwater-sales,rds,dev,15.39
cost-905,2025-06-18,clearwater-sales,rds,uat,34.13
cost-906,2025-06-18,clearwater-sales,rds,prod,130.92
cost-907,2025-06-18,clearwater-sales,s3,dev,15.60
cost-908,2025-06-18,clearwater-sales,s3,uat,24.68
cost-909,2025-06-18,clearwater-sales,s3,prod,86.73
cost-910,2025-06-18,clearwater-sales,lambda,dev,31.99
cost-911,2025-06-18,clearwater-sales,lambda,uat,73.85
cost-912,2025-06-18,clearwater-sales,lambda,prod,215.60
cost-913,2025-06-18,clearwater-sales,eks,dev,10.67
cost-914,2025-06-18,clearwater-sales,eks,uat,25.55
cost-915,2025-06-18,clearwater-sales,eks,prod,84.12
cost-916,2025-06-18,clearwater-sales,cloudwatch,dev,10.60
cost-917,2025-06-18,clearwater-sales,cloudwatch,uat,19.25
cost-918,2025-06-18,clearwater-sales,cloudwatch,prod,71.09
cost-919,2025-06-18,clearwater-collateral,ec2,dev,12.31
cost-920,2025-06-18,clearwater-collateral,ec2,uat,29.90
cost-921,2025-06-18,clearwater-collateral,ec2,prod,91.73
cost-922,2025-06-18,clearwater-collateral,rds,dev,30.45
cost-923,2025-06-18,clearwater-collateral,rds,uat,60.30
cost-924,2025-06-18,clearwater-collateral,rds,prod,193.42
cost-925,2025-06-18,clearwater-collateral,s3,dev,26.20
cost-926,2025-06-18,clearwater-collateral,s3,uat,57.91
cost-927,2025-06-18,clearwater-collateral,s3,prod,171.37
cost-928,2025-06-18,clearwater-collateral,lambda,dev,6.75
cost-929,2025-06-18,clearwater-collateral,lambda,uat,13.11
cost-930,2025-06-18,clearwater-collateral,lambda,prod,44.91
cost-931,2025-06-18,clearwater-collateral,eks,dev,7.11
cost-932,2025-06-18,clearwater-collateral,eks,uat,13.85
cost-933,2025-06-18,clearwater-collateral,eks,prod,40.02
cost-934,2025-06-18,clearwater-collateral,cloudwatch,dev,4.50
cost-935,2025-06-18,clearwater-collateral,cloudwatch,uat,7.66
cost-936,2025-06-18,clearwater-collateral,cloudwatch,prod,30.97
cost-937,2025-06-19,clearwater-trade,ec2,dev,98.14
cost-938,2025-06-19,clearwater-trade,ec2,uat,182.78
cost-939,2025-06-19,clearwater-trade,ec2,prod,535.15
cost-940,2025-06-19,clearwater-trade,rds,dev,54.94
cost-941,2025-06-19,clearwater-trade,rds,uat,110.08
cost-942,2025-06-19,clearwater-trade,rds,prod,451.94
cost-943,2025-06-19,clearwater-trade,s3,dev,11.30
cost-944,2025-06-19,clearwater-trade,s3,uat,28.16
cost-945,2025-06-19,clearwater-trade,s3,prod,88.09
cost-946,2025-06-19,clearwater-trade,lambda,dev,23.41
cost-947,2025-06-19,clearwater-trade,lambda,uat,43.92
cost-948,2025-06-19,clearwater-trade,lambda,prod,155.61
cost-949,2025-06-19,clearwater-trade,eks,dev,49.36
cost-950,2025-06-19,clearwater-trade,eks,uat,102.01
cost-951,2025-06-19,clearwater-trade,eks,prod,318.18
cost-952,2025-06-19,clearwater-trade,cloudwatch,dev,12.93
cost-953,2025-06-19,clearwater-trade,cloudwatch,uat,26.17
cost-954,2025-06-19,clearwater-trade,cloudwatch,prod,99.25
cost-955,2025-06-19,clearwater-settlement,ec2,dev,72.42
cost-956,2025-06-19,clearwater-settlement,ec2,uat,127.20
cost-957,2025-06-19,clearwater-settlement,ec2,prod,401.64
cost-958,2025-06-19,clearwater-settlement,rds,dev,72.42
cost-959,2025-06-19,clearwater-settlement,rds,uat,121.33
cost-960,2025-06-19,clearwater-settlement,rds,prod,519.91
cost-961,2025-06-19,clearwater-settlement,s3,dev,16.01
cost-962,2025-06-19,clearwater-settlement,s3,uat,36.14
cost-963,2025-06-19,clearwater-settlement,s3,prod,139.67
cost-964,2025-06-19,clearwater-settlement,lambda,dev,24.80
cost-965,2025-06-19,clearwater-settlement,lambda,uat,48.06
cost-966,2025-06-19,clearwater-settlement,lambda,prod,177.04
cost-967,2025-06-19,clearwater-settlement,eks,dev,29.67
cost-968,2025-06-19,clearwater-settlement,eks,uat,66.70
cost-969,2025-06-19,clearwater-settlement,eks,prod,198.95
cost-970,2025-06-19,clearwater-settlement,cloudwatch,dev,9.56
cost-971,2025-06-19,clearwater-settlement,cloudwatch,uat,20.75
cost-972,2025-06-19,clearwater-settlement,cloudwatch,prod,80.68
cost-973,2025-06-19,clearwater-sales,ec2,dev,27.42
cost-974,2025-06-19,clearwater-sales,ec2,uat,60.72
cost-975,2025-06-19,clearwater-sales,ec2,prod,180.06
cost-976,2025-06-19,clearwater-sales,rds,dev,18.50
cost-977,2025-06-19,clearwater-sales,rds,uat,31.53
cost-978,2025-06-19,clearwater-sales,rds,prod,137.61
cost-979,2025-06-19,clearwater-sales,s3,dev,12.61
cost-980,2025-06-19,clearwater-sales,s3,uat,27.85
cost-981,2025-06-19,clearwater-sales,s3,prod,107.46
cost-982,2025-06-19,clearwater-sales,lambda,dev,31.56
cost-983,2025-06-19,clearwater-sales,lambda,uat,75.01
cost-984,2025-06-19,clearwater-sales,lambda,prod,229.31
cost-985,2025-06-19,clearwater-sales,eks,dev,12.98
cost-986,2025-06-19,clearwater-sales,eks,uat,23.60
cost-987,2025-06-19,clearwater-sales,eks,prod,72.81
cost-988,2025-06-19,clearwater-sales,cloudwatch,dev,10.51
cost-989,2025-06-19,clearwater-sales,cloudwatch,uat,18.21
cost-990,2025-06-19,clearwater-sales,cloudwatch,prod,71.92
cost-991,2025-06-19,clearwater-collateral,ec2,dev,12.45
cost-992,2025-06-19,clearwater-collateral,ec2,uat,28.40
cost-993,2025-06-19,clearwater-collateral,ec2,prod,89.91
cost-994,2025-06-19,clearwater-collateral,rds,dev,32.16
cost-995,2025-06-19,clearwater-collateral,rds,uat,68.74
cost-996,2025-06-19,clearwater-collateral,rds,prod,210.60
cost-997,2025-06-19,clearwater-collateral,s3,dev,23.42
cost-998,2025-06-19,clearwater-collateral,s3,uat,55.42
cost-999,2025-06-19,clearwater-collateral,s3,prod,208.46
cost-1000,2025-06-19,clearwater-collateral,lambda,dev,7.22
cost-1001,2025-06-19,clearwater-collateral,lambda,uat,13.86
cost-1002,2025-06-19,clearwater-collateral,lambda,prod,54.76
cost-1003,2025-06-19,clearwater-collateral,eks,dev,7.08
cost-1004,2025-06-19,clearwater-collateral,eks,uat,11.23
cost-1005,2025-06-19,clearwater-collateral,eks,prod,37.81
cost-1006,2025-06-19,clearwater-collateral,cloudwatch,dev,4.04
cost-1007,2025-06-19,clearwater-collateral,cloudwatch,uat,8.14
cost-1008,2025-06-19,clearwater-collateral,cloudwatch,prod,31.93
cost-1009,2025-06-20,clearwater-trade,ec2,dev,85.43
cost-1010,2025-06-20,clearwater-trade,ec2,uat,177.16
cost-1011,2025-06-20,clearwater-trade,ec2,prod,645.77
cost-1012,2025-06-20,clearwater-trade,rds,dev,57.82
cost-1013,2025-06-20,clearwater-trade,rds,uat,118.61
cost-1014,2025-06-20,clearwater-trade,rds,prod,456.55
cost-1015,2025-06-20,clearwater-trade,s3,dev,11.30
cost-1016,2025-06-20,clearwater-trade,s3,uat,27.55
cost-1017,2025-06-20,clearwater-trade,s3,prod,95.57
cost-1018,2025-06-20,clearwater-trade,lambda,dev,28.32
cost-1019,2025-06-20,clearwater-trade,lambda,uat,48.64
cost-1020,2025-06-20,clearwater-trade,lambda,prod,177.94
cost-1021,2025-06-20,clearwater-trade,eks,dev,50.34
cost-1022,2025-06-20,clearwater-trade,eks,uat,91.65
cost-1023,2025-06-20,clearwater-trade,eks,prod,317.50
cost-1024,2025-06-20,clearwater-trade,cloudwatch,dev,12.27
cost-1025,2025-06-20,clearwater-trade,cloudwatch,uat,28.39
cost-1026,2025-06-20,clearwater-trade,cloudwatch,prod,81.86
cost-1027,2025-06-20,clearwater-settlement,ec2,dev,65.63
cost-1028,2025-06-20,clearwater-settlement,ec2,uat,137.27
cost-1029,2025-06-20,clearwater-settlement,ec2,prod,460.52
cost-1030,2025-06-20,clearwater-settlement,rds,dev,62.20
cost-1031,2025-06-20,clearwater-settlement,rds,uat,142.29
cost-1032,2025-06-20,clearwater-settlement,rds,prod,514.03
cost-1033,2025-06-20,clearwater-settlement,s3,dev,18.06
cost-1034,2025-06-20,clearwater-settlement,s3,uat,32.51
cost-1035,2025-06-20,clearwater-settlement,s3,prod,108.40
cost-1036,2025-06-20,clearwater-settlement,lambda,dev,23.03
cost-1037,2025-06-20,clearwater-settlement,lambda,uat,60.11
cost-1038,2025-06-20,clearwater-settlement,lambda,prod,169.01
cost-1039,2025-06-20,clearwater-settlement,eks,dev,28.94
cost-1040,2025-06-20,clearwater-settlement,eks,uat,67.69
cost-1041,2025-06-20,clearwater-settlement,eks,prod,250.40
cost-1042,2025-06-20,clearwater-settlement,cloudwatch,dev,10.87
cost-1043,2025-06-20,clearwater-settlement,cloudwatch,uat,24.72
cost-1044,2025-06-20,clearwater-settlement,cloudwatch,prod,70.56
cost-1045,2025-06-20,clearwater-sales,ec2,dev,25.56
cost-1046,2025-06-20,clearwater-sales,ec2,uat,60.40
cost-1047,2025-06-20,clearwater-sales,ec2,prod,188.24
cost-1048,2025-06-20,clearwater-sales,rds,dev,18.85
cost-1049,2025-06-20,clearwater-sales,rds,uat,35.32
cost-1050,2025-06-20,clearwater-sales,rds,prod,144.69
cost-1051,2025-06-20,clearwater-sales,s3,dev,13.34
cost-1052,2025-06-20,clearwater-sales,s3,uat,32.33
cost-1053,2025-06-20,clearwater-sales,s3,prod,111.98
cost-1054,2025-06-20,clearwater-sales,lambda,dev,33.92
cost-1055,2025-06-20,clearwater-sales,lambda,uat,72.85
cost-1056,2025-06-20,clearwater-sales,lambda,prod,259.79
cost-1057,2025-06-20,clearwater-sales,eks,dev,13.39
cost-1058,2025-06-20,clearwater-sales,eks,uat,26.27
cost-1059,2025-06-20,clearwater-sales,eks,prod,84.50
cost-1060,2025-06-20,clearwater-sales,cloudwatch,dev,9.75
cost-1061,2025-06-20,clearwater-sales,cloudwatch,uat,21.29
cost-1062,2025-06-20,clearwater-sales,cloudwatch,prod,69.30
cost-1063,2025-06-20,clearwater-collateral,ec2,dev,11.97
cost-1064,2025-06-20,clearwater-collateral,ec2,uat,25.03
cost-1065,2025-06-20,clearwater-collateral,ec2,prod,86.73
cost-1066,2025-06-20,clearwater-collateral,rds,dev,35.79
cost-1067,2025-06-20,clearwater-collateral,rds,uat,72.30
cost-1068,2025-06-20,clearwater-collateral,rds,prod,203.35
cost-1069,2025-06-20,clearwater-collateral,s3,dev,26.08
cost-1070,2025-06-20,clearwater-collateral,s3,uat,53.24
cost-1071,2025-06-20,clearwater-collateral,s3,prod,186.39
cost-1072,2025-06-20,clearwater-collateral,lambda,dev,6.53
cost-1073,2025-06-20,clearwater-collateral,lambda,uat,15.29
cost-1074,2025-06-20,clearwater-collateral,lambda,prod,44.30
cost-1075,2025-06-20,clearwater-collateral,eks,dev,6.82
cost-1076,2025-06-20,clearwater-collateral,eks,uat,13.04
cost-1077,2025-06-20,clearwater-collateral,eks,prod,46.42
cost-1078,2025-06-20,clearwater-collateral,cloudwatch,dev,5.10
cost-1079,2025-06-20,clearwater-collateral,cloudwatch,uat,8.32
cost-1080,2025-06-20,clearwater-collateral,cloudwatch,prod,34.08
cost-1081,2025-06-21,clearwater-trade,ec2,dev,88.87
cost-1082,2025-06-21,clearwater-trade,ec2,uat,193.01
cost-1083,2025-06-21,clearwater-trade,ec2,prod,606.59
cost-1084,2025-06-21,clearwater-trade,rds,dev,63.12
cost-1085,2025-06-21,clearwater-trade,rds,uat,125.42
cost-1086,2025-06-21,clearwater-trade,rds,prod,481.92
cost-1087,2025-06-21,clearwater-trade,s3,dev,12.31
cost-1088,2025-06-21,clearwater-trade,s3,uat,25.05
cost-1089,2025-06-21,clearwater-trade,s3,prod,80.88
cost-1090,2025-06-21,clearwater-trade,lambda,dev,23.47
cost-1091,2025-06-21,clearwater-trade,lambda,uat,53.58
cost-1092,2025-06-21,clearwater-trade,lambda,prod,190.69
cost-1093,2025-06-21,clearwater-trade,eks,dev,43.48
cost-1094,2025-06-21,clearwater-trade,eks,uat,111.73
cost-1095,2025-06-21,clearwater-trade,eks,prod,299.60
cost-1096,2025-06-21,clearwater-trade,cloudwatch,dev,13.12
cost-1097,2025-06-21,clearwater-trade,cloudwatch,uat,24.09
cost-1098,2025-06-21,clearwater-trade,cloudwatch,prod,79.56
cost-1099,2025-06-21,clearwater-settlement,ec2,dev,57.08
cost-1100,2025-06-21,clearwater-settlement,ec2,uat,126.47
cost-1101,2025-06-21,clearwater-settlement,ec2,prod,413.00
cost-1102,2025-06-21,clearwater-settlement,rds,dev,58.83
cost-1103,2025-06-21,clearwater-settlement,rds,uat,130.95
cost-1104,2025-06-21,clearwater-settlement,rds,prod,531.22
cost-1105,2025-06-21,clearwater-settlement,s3,dev,16.95
cost-1106,2025-06-21,clearwater-settlement,s3,uat,37.20
cost-1107,2025-06-21,clearwater-settlement,s3,prod,135.24
cost-1108,2025-06-21,clearwater-settlement,lambda,dev,29.61
cost-1109,2025-06-21,clearwater-settlement,lambda,uat,48.73
cost-1110,2025-06-21,clearwater-settlement,lambda,prod,212.22
cost-1111,2025-06-21,clearwater-settlement,eks,dev,35.55
cost-1112,2025-06-21,clearwater-settlement,eks,uat,68.06
cost-1113,2025-06-21,clearwater-settlement,eks,prod,232.41
cost-1114,2025-06-21,clearwater-settlement,cloudwatch,dev,10.72
cost-1115,2025-06-21,clearwater-settlement,cloudwatch,uat,24.79
cost-1116,2025-06-21,clearwater-settlement,cloudwatch,prod,82.46
cost-1117,2025-06-21,clearwater-sales,ec2,dev,28.43
cost-1118,2025-06-21,clearwater-sales,ec2,uat,67.57
cost-1119,2025-06-21,clearwater-sales,ec2,prod,202.16
cost-1120,2025-06-21,clearwater-sales,rds,dev,18.30
cost-1121,2025-06-21,clearwater-sales,rds,uat,38.64
cost-1122,2025-06-21,clearwater-sales,rds,prod,109.48
cost-1123,2025-06-21,clearwater-sales,s3,dev,14.84
cost-1124,2025-06-21,clearwater-sales,s3,uat,26.62
cost-1125,2025-06-21,clearwater-sales,s3,prod,87.11
cost-1126,2025-06-21,clearwater-sales,lambda,dev,37.66
cost-1127,2025-06-21,clearwater-sales,lambda,uat,82.65
cost-1128,2025-06-21,clearwater-sales,lambda,prod,256.24
cost-1129,2025-06-21,clearwater-sales,eks,dev,10.77
cost-1130,2025-06-21,clearwater-sales,eks,uat,21.23
cost-1131,2025-06-21,clearwater-sales,eks,prod,89.83
cost-1132,2025-06-21,clearwater-sales,cloudwatch,dev,8.79
cost-1133,2025-06-21,clearwater-sales,cloudwatch,uat,17.00
cost-1134,2025-06-21,clearwater-sales,cloudwatch,prod,75.83
cost-1135,2025-06-21,clearwater-collateral,ec2,dev,14.59
cost-1136,2025-06-21,clearwater-collateral,ec2,uat,29.78
cost-1137,2025-06-21,clearwater-collateral,ec2,prod,88.76
cost-1138,2025-06-21,clearwater-collateral,rds,dev,27.35
cost-1139,2025-06-21,clearwater-collateral,rds,uat,59.38
cost-1140,2025-06-21,clearwater-collateral,rds,prod,208.01
cost-1141,2025-06-21,clearwater-collateral,s3,dev,30.45
cost-1142,2025-06-21,clearwater-collateral,s3,uat,50.98
cost-1143,2025-06-21,clearwater-collateral,s3,prod,194.83
cost-1144,2025-06-21,clearwater-collateral,lambda,dev,6.19
cost-1145,2025-06-21,clearwater-collateral,lambda,uat,15.66
cost-1146,2025-06-21,clearwater-collateral,lambda,prod,55.50
cost-1147,2025-06-21,clearwater-collateral,eks,dev,6.67
cost-1148,2025-06-21,clearwater-collateral,eks,uat,12.12
cost-1149,2025-06-21,clearwater-collateral,eks,prod,45.24
cost-1150,2025-06-21,clearwater-collateral,cloudwatch,dev,5.13
cost-1151,2025-06-21,clearwater-collateral,cloudwatch,uat,8.12
cost-1152,2025-06-21,clearwater-collateral,cloudwatch,prod,32.08
cost-1153,2025-06-22,clearwater-trade,ec2,dev,95.42
cost-1154,2025-06-22,clearwater-trade,ec2,uat,163.12
cost-1155,2025-06-22,clearwater-trade,ec2,prod,551.44
cost-1156,2025-06-22,clearwater-trade,rds,dev,68.83
cost-1157,2025-06-22,clearwater-trade,rds,uat,120.12
cost-1158,2025-06-22,clearwater-trade,rds,prod,398.43
cost-1159,2025-06-22,clearwater-trade,s3,dev,12.81
cost-1160,2025-06-22,clearwater-trade,s3,uat,27.80
cost-1161,2025-06-22,clearwater-trade,s3,prod,79.71
cost-1162,2025-06-22,clearwater-trade,lambda,dev,22.28
cost-1163,2025-06-22,clearwater-trade,lambda,uat,46.44
cost-1164,2025-06-22,clearwater-trade,lambda,prod,161.02
cost-1165,2025-06-22,clearwater-trade,eks,dev,49.65
cost-1166,2025-06-22,clearwater-trade,eks,uat,96.54
cost-1167,2025-06-22,clearwater-trade,eks,prod,308.31
cost-1168,2025-06-22,clearwater-trade,cloudwatch,dev,13.92
cost-1169,2025-06-22,clearwater-trade,cloudwatch,uat,27.22
cost-1170,2025-06-22,clearwater-trade,cloudwatch,prod,89.01
cost-1171,2025-06-22,clearwater-settlement,ec2,dev,71.94
cost-1172,2025-06-22,clearwater-settlement,ec2,uat,148.06
cost-1173,2025-06-22,clearwater-settlement,ec2,prod,459.77
cost-1174,2025-06-22,clearwater-settlement,rds,dev,56.46
cost-1175,2025-06-22,clearwater-settlement,rds,uat,115.41
cost-1176,2025-06-22,clearwater-settlement,rds,prod,460.88
cost-1177,2025-06-22,clearwater-settlement,s3,dev,15.31
cost-1178,2025-06-22,clearwater-settlement,s3,uat,38.99
cost-1179,2025-06-22,clearwater-settlement,s3,prod,136.91
cost-1180,2025-06-22,clearwater-settlement,lambda,dev,23.43
cost-1181,2025-06-22,clearwater-settlement,lambda,uat,55.91
cost-1182,2025-06-22,clearwater-settlement,lambda,prod,180.39
cost-1183,2025-06-22,clearwater-settlement,eks,dev,29.54
cost-1184,2025-06-22,clearwater-settlement,eks,uat,62.08
cost-1185,2025-06-22,clearwater-settlement,eks,prod,220.95
cost-1186,2025-06-22,clearwater-settlement,cloudwatch,dev,9.45
cost-1187,2025-06-22,clearwater-settlement,cloudwatch,uat,22.60
cost-1188,2025-06-22,clearwater-settlement,cloudwatch,prod,73.90
cost-1189,2025-06-22,clearwater-sales,ec2,dev,32.08
cost-1190,2025-06-22,clearwater-sales,ec2,uat,54.21
cost-1191,2025-06-22,clearwater-sales,ec2,prod,233.34
cost-1192,2025-06-22,clearwater-sales,rds,dev,18.65
cost-1193,2025-06-22,clearwater-sales,rds,uat,32.94
cost-1194,2025-06-22,clearwater-sales,rds,prod,134.39
cost-1195,2025-06-22,clearwater-sales,s3,dev,13.20
cost-1196,2025-06-22,clearwater-sales,s3,uat,30.13
cost-1197,2025-06-22,clearwater-sales,s3,prod,104.66
cost-1198,2025-06-22,clearwater-sales,lambda,dev,41.25
cost-1199,2025-06-22,clearwater-sales,lambda,uat,67.73
cost-1200,2025-06-22,clearwater-sales,lambda,prod,246.77
cost-1201,2025-06-22,clearwater-sales,eks,dev,12.61
cost-1202,2025-06-22,clearwater-sales,eks,uat,24.09
cost-1203,2025-06-22,clearwater-sales,eks,prod,83.79
cost-1204,2025-06-22,clearwater-sales,cloudwatch,dev,8.48
cost-1205,2025-06-22,clearwater-sales,cloudwatch,uat,18.66
cost-1206,2025-06-22,clearwater-sales,cloudwatch,prod,74.42
cost-1207,2025-06-22,clearwater-collateral,ec2,dev,12.28
cost-1208,2025-06-22,clearwater-collateral,ec2,uat,24.18
cost-1209,2025-06-22,clearwater-collateral,ec2,prod,108.36
cost-1210,2025-06-22,clearwater-collateral,rds,dev,34.38
cost-1211,2025-06-22,clearwater-collateral,rds,uat,54.31
cost-1212,2025-06-22,clearwater-collateral,rds,prod,211.94
cost-1213,2025-06-22,clearwater-collateral,s3,dev,29.92
cost-1214,2025-06-22,clearwater-collateral,s3,uat,54.03
cost-1215,2025-06-22,clearwater-collateral,s3,prod,192.12
cost-1216,2025-06-22,clearwater-collateral,lambda,dev,7.06
cost-1217,2025-06-22,clearwater-collateral,lambda,uat,14.37
cost-1218,2025-06-22,clearwater-collateral,lambda,prod,55.57
cost-1219,2025-06-22,clearwater-collateral,eks,dev,6.79
cost-1220,2025-06-22,clearwater-collateral,eks,uat,13.02
cost-1221,2025-06-22,clearwater-collateral,eks,prod,49.93
cost-1222,2025-06-22,clearwater-collateral,cloudwatch,dev,4.68
cost-1223,2025-06-22,clearwater-collateral,cloudwatch,uat,8.03
cost-1224,2025-06-22,clearwater-collateral,cloudwatch,prod,31.42
cost-1225,2025-06-23,clearwater-trade,ec2,dev,86.04
cost-1226,2025-06-23,clearwater-trade,ec2,uat,189.84
cost-1227,2025-06-23,clearwater-trade,ec2,prod,699.12
cost-1228,2025-06-23,clearwater-trade,rds,dev,57.67
cost-1229,2025-06-23,clearwater-trade,rds,uat,135.90
cost-1230,2025-06-23,clearwater-trade,rds,prod,382.77
cost-1231,2025-06-23,clearwater-trade,s3,dev,11.74
cost-1232,2025-06-23,clearwater-trade,s3,uat,22.79
cost-1233,2025-06-23,clearwater-trade,s3,prod,90.70
cost-1234,2025-06-23,clearwater-trade,lambda,dev,22.93
cost-1235,2025-06-23,clearwater-trade,lambda,uat,43.01
cost-1236,2025-06-23,clearwater-trade,lambda,prod,152.98
cost-1237,2025-06-23,clearwater-trade,eks,dev,46.05
cost-1238,2025-06-23,clearwater-trade,eks,uat,100.57
cost-1239,2025-06-23,clearwater-trade,eks,prod,362.26
cost-1240,2025-06-23,clearwater-trade,cloudwatch,dev,13.88
cost-1241,2025-06-23,clearwater-trade,cloudwatch,uat,25.64
cost-1242,2025-06-23,clearwater-trade,cloudwatch,prod,98.04
cost-1243,2025-06-23,clearwater-settlement,ec2,dev,66.54
cost-1244,2025-06-23,clearwater-settlement,ec2,uat,125.63
cost-1245,2025-06-23,clearwater-settlement,ec2,prod,499.11
cost-1246,2025-06-23,clearwater-settlement,rds,dev,62.23
cost-1247,2025-06-23,clearwater-settlement,rds,uat,141.40
cost-1248,2025-06-23,clearwater-settlement,rds,prod,428.04
cost-1249,2025-06-23,clearwater-settlement,s3,dev,19.58
cost-1250,2025-06-23,clearwater-settlement,s3,uat,36.41
cost-1251,2025-06-23,clearwater-settlement,s3,prod,139.95
cost-1252,2025-06-23,clearwater-settlement,lambda,dev,28.43
cost-1253,2025-06-23,clearwater-settlement,lambda,uat,47.93
cost-1254,2025-06-23,clearwater-settlement,lambda,prod,204.33
cost-1255,2025-06-23,clearwater-settlement,eks,dev,34.89
cost-1256,2025-06-23,clearwater-settlement,eks,uat,73.88
cost-1257,2025-06-23,clearwater-settlement,eks,prod,201.32
cost-1258,2025-06-23,clearwater-settlement,cloudwatch,dev,10.23
cost-1259,2025-06-23,clearwater-settlement,cloudwatch,uat,20.96
cost-1260,2025-06-23,clearwater-settlement,cloudwatch,prod,65.59
cost-1261,2025-06-23,clearwater-sales,ec2,dev,31.05
cost-1262,2025-06-23,clearwater-sales,ec2,uat,63.43
cost-1263,2025-06-23,clearwater-sales,ec2,prod,198.24
cost-1264,2025-06-23,clearwater-sales,rds,dev,16.93
cost-1265,2025-06-23,clearwater-sales,rds,uat,31.48
cost-1266,2025-06-23,clearwater-sales,rds,prod,138.14
cost-1267,2025-06-23,clearwater-sales,s3,dev,13.59
cost-1268,2025-06-23,clearwater-sales,s3,uat,25.05
cost-1269,2025-06-23,clearwater-sales,s3,prod,86.02
cost-1270,2025-06-23,clearwater-sales,lambda,dev,40.67
cost-1271,2025-06-23,clearwater-sales,lambda,uat,65.23
cost-1272,2025-06-23,clearwater-sales,lambda,prod,233.07
cost-1273,2025-06-23,clearwater-sales,eks,dev,10.89
cost-1274,2025-06-23,clearwater-sales,eks,uat,22.33
cost-1275,2025-06-23,clearwater-sales,eks,prod,76.43
cost-1276,2025-06-23,clearwater-sales,cloudwatch,dev,8.45
cost-1277,2025-06-23,clearwater-sales,cloudwatch,uat,19.62
cost-1278,2025-06-23,clearwater-sales,cloudwatch,prod,69.37
cost-1279,2025-06-23,clearwater-collateral,ec2,dev,11.60
cost-1280,2025-06-23,clearwater-collateral,ec2,uat,27.40
cost-1281,2025-06-23,clearwater-collateral,ec2,prod,98.48
cost-1282,2025-06-23,clearwater-collateral,rds,dev,29.30
cost-1283,2025-06-23,clearwater-collateral,rds,uat,59.79
cost-1284,2025-06-23,clearwater-collateral,rds,prod,189.07
cost-1285,2025-06-23,clearwater-collateral,s3,dev,29.00
cost-1286,2025-06-23,clearwater-collateral,s3,uat,52.61
cost-1287,2025-06-23,clearwater-collateral,s3,prod,210.40
cost-1288,2025-06-23,clearwater-collateral,lambda,dev,7.71
cost-1289,2025-06-23,clearwater-collateral,lambda,uat,13.48
cost-1290,2025-06-23,clearwater-collateral,lambda,prod,50.54
cost-1291,2025-06-23,clearwater-collateral,eks,dev,6.68
cost-1292,2025-06-23,clearwater-collateral,eks,uat,13.08
cost-1293,2025-06-23,clearwater-collateral,eks,prod,44.84
cost-1294,2025-06-23,clearwater-collateral,cloudwatch,dev,5.16
cost-1295,2025-06-23,clearwater-collateral,cloudwatch,uat,7.67
cost-1296,2025-06-23,clearwater-collateral,cloudwatch,prod,26.88
cost-1297,2025-06-24,clearwater-trade,ec2,dev,89.92
cost-1298,2025-06-24,clearwater-trade,ec2,uat,185.51
cost-1299,2025-06-24,clearwater-trade,ec2,prod,648.01
cost-1300,2025-06-24,clearwater-trade,rds,dev,65.67
cost-1301,2025-06-24,clearwater-trade,rds,uat,130.59
cost-1302,2025-06-24,clearwater-trade,rds,prod,445.25
cost-1303,2025-06-24,clearwater-trade,s3,dev,12.77
cost-1304,2025-06-24,clearwater-trade,s3,uat,27.11
cost-1305,2025-06-24,clearwater-trade,s3,prod,87.19
cost-1306,2025-06-24,clearwater-trade,lambda,dev,23.87
cost-1307,2025-06-24,clearwater-trade,lambda,uat,52.65
cost-1308,2025-06-24,clearwater-trade,lambda,prod,178.54
cost-1309,2025-06-24,clearwater-trade,eks,dev,48.87
cost-1310,2025-06-24,clearwater-trade,eks,uat,92.85
cost-1311,2025-06-24,clearwater-trade,eks,prod,362.79
cost-1312,2025-06-24,clearwater-trade,cloudwatch,dev,11.25
cost-1313,2025-06-24,clearwater-trade,cloudwatch,uat,22.60
cost-1314,2025-06-24,clearwater-trade,cloudwatch,prod,78.45
cost-1315,2025-06-24,clearwater-settlement,ec2,dev,65.38
cost-1316,2025-06-24,clearwater-settlement,ec2,uat,150.28
cost-1317,2025-06-24,clearwater-settlement,ec2,prod,471.54
cost-1318,2025-06-24,clearwater-settlement,rds,dev,73.41
cost-1319,2025-06-24,clearwater-settlement,rds,uat,130.66
cost-1320,2025-06-24,clearwater-settlement,rds,prod,463.46
cost-1321,2025-06-24,clearwater-settlement,s3,dev,17.54
cost-1322,2025-06-24,clearwater-settlement,s3,uat,39.93
cost-1323,2025-06-24,clearwater-settlement,s3,prod,107.28
cost-1324,2025-06-24,clearwater-settlement,lambda,dev,25.76
cost-1325,2025-06-24,clearwater-settlement,lambda,uat,53.22
cost-1326,2025-06-24,clearwater-settlement,lambda,prod,166.59
cost-1327,2025-06-24,clearwater-settlement,eks,dev,29.10
cost-1328,2025-06-24,clearwater-settlement,eks,uat,74.87
cost-1329,2025-06-24,clearwater-settlement,eks,prod,223.05
cost-1330,2025-06-24,clearwater-settlement,cloudwatch,dev,9.72
cost-1331,2025-06-24,clearwater-settlement,cloudwatch,uat,21.41
cost-1332,2025-06-24,clearwater-settlement,cloudwatch,prod,73.21
cost-1333,2025-06-24,clearwater-sales,ec2,dev,26.47
cost-1334,2025-06-24,clearwater-sales,ec2,uat,64.31
cost-1335,2025-06-24,clearwater-sales,ec2,prod,238.61
cost-1336,2025-06-24,clearwater-sales,rds,dev,19.08
cost-1337,2025-06-24,clearwater-sales,rds,uat,35.14
cost-1338,2025-06-24,clearwater-sales,rds,prod,114.02
cost-1339,2025-06-24,clearwater-sales,s3,dev,15.27
cost-1340,2025-06-24,clearwater-sales,s3,uat,26.40
cost-1341,2025-06-24,clearwater-sales,s3,prod,110.64
cost-1342,2025-06-24,clearwater-sales,lambda,dev,35.50
cost-1343,2025-06-24,clearwater-sales,lambda,uat,77.97
cost-1344,2025-06-24,clearwater-sales,lambda,prod,280.63
cost-1345,2025-06-24,clearwater-sales,eks,dev,13.34
cost-1346,2025-06-24,clearwater-sales,eks,uat,25.42
cost-1347,2025-06-24,clearwater-sales,eks,prod,74.98
cost-1348,2025-06-24,clearwater-sales,cloudwatch,dev,9.80
cost-1349,2025-06-24,clearwater-sales,cloudwatch,uat,18.25
cost-1350,2025-06-24,clearwater-sales,cloudwatch,prod,69.12
cost-1351,2025-06-24,clearwater-collateral,ec2,dev,15.43
cost-1352,2025-06-24,clearwater-collateral,ec2,uat,30.83
cost-1353,2025-06-24,clearwater-collateral,ec2,prod,92.73
cost-1354,2025-06-24,clearwater-collateral,rds,dev,27.03
cost-1355,2025-06-24,clearwater-collateral,rds,uat,68.74
cost-1356,2025-06-24,clearwater-collateral,rds,prod,243.36
cost-1357,2025-06-24,clearwater-collateral,s3,dev,29.70
cost-1358,2025-06-24,clearwater-collateral,s3,uat,59.13
cost-1359,2025-06-24,clearwater-collateral,s3,prod,160.97
cost-1360,2025-06-24,clearwater-collateral,lambda,dev,6.20
cost-1361,2025-06-24,clearwater-collateral,lambda,uat,15.87
cost-1362,2025-06-24,clearwater-collateral,lambda,prod,46.68
cost-1363,2025-06-24,clearwater-collateral,eks,dev,6.37
cost-1364,2025-06-24,clearwater-collateral,eks,uat,13.53
cost-1365,2025-06-24,clearwater-collateral,eks,prod,48.45
cost-1366,2025-06-24,clearwater-collateral,cloudwatch,dev,4.44
cost-1367,2025-06-24,clearwater-collateral,cloudwatch,uat,10.02
cost-1368,2025-06-24,clearwater-collateral,cloudwatch,prod,35.74
cost-1369,2025-06-25,clearwater-trade,ec2,dev,89.59
cost-1370,2025-06-25,clearwater-trade,ec2,uat,157.11
cost-1371,2025-06-25,clearwater-trade,ec2,prod,630.29
cost-1372,2025-06-25,clearwater-trade,rds,dev,59.66
cost-1373,2025-06-25,clearwater-trade,rds,uat,110.27
cost-1374,2025-06-25,clearwater-trade,rds,prod,476.52
cost-1375,2025-06-25,clearwater-trade,s3,dev,13.51
cost-1376,2025-06-25,clearwater-trade,s3,uat,25.82
cost-1377,2025-06-25,clearwater-trade,s3,prod,75.81
cost-1378,2025-06-25,clearwater-trade,lambda,dev,21.90
cost-1379,2025-06-25,clearwater-trade,lambda,uat,46.34
cost-1380,2025-06-25,clearwater-trade,lambda,prod,199.41
cost-1381,2025-06-25,clearwater-trade,eks,dev,50.11
cost-1382,2025-06-25,clearwater-trade,eks,uat,93.97
cost-1383,2025-06-25,clearwater-trade,eks,prod,313.26
cost-1384,2025-06-25,clearwater-trade,cloudwatch,dev,11.78
cost-1385,2025-06-25,clearwater-trade,cloudwatch,uat,24.59
cost-1386,2025-06-25,clearwater-trade,cloudwatch,prod,89.72
cost-1387,2025-06-25,clearwater-settlement,ec2,dev,74.46
cost-1388,2025-06-25,clearwater-settlement,ec2,uat,137.17
cost-1389,2025-06-25,clearwater-settlement,ec2,prod,525.77
cost-1390,2025-06-25,clearwater-settlement,rds,dev,63.47
cost-1391,2025-06-25,clearwater-settlement,rds,uat,118.48
cost-1392,2025-06-25,clearwater-settlement,rds,prod,417.05
cost-1393,2025-06-25,clearwater-settlement,s3,dev,19.01
cost-1394,2025-06-25,clearwater-settlement,s3,uat,31.99
cost-1395,2025-06-25,clearwater-settlement,s3,prod,138.25
cost-1396,2025-06-25,clearwater-settlement,lambda,dev,24.88
cost-1397,2025-06-25,clearwater-settlement,lambda,uat,56.95
cost-1398,2025-06-25,clearwater-settlement,lambda,prod,163.53
cost-1399,2025-06-25,clearwater-settlement,eks,dev,37.70
cost-1400,2025-06-25,clearwater-settlement,eks,uat,71.56
cost-1401,2025-06-25,clearwater-settlement,eks,prod,227.21
cost-1402,2025-06-25,clearwater-settlement,cloudwatch,dev,12.46
cost-1403,2025-06-25,clearwater-settlement,cloudwatch,uat,24.73
cost-1404,2025-06-25,clearwater-settlement,cloudwatch,prod,67.31
cost-1405,2025-06-25,clearwater-sales,ec2,dev,27.23
cost-1406,2025-06-25,clearwater-sales,ec2,uat,57.29
cost-1407,2025-06-25,clearwater-sales,ec2,prod,199.14
cost-1408,2025-06-25,clearwater-sales,rds,dev,17.22
cost-1409,2025-06-25,clearwater-sales,rds,uat,33.72
cost-1410,2025-06-25,clearwater-sales,rds,prod,115.47
cost-1411,2025-06-25,clearwater-sales,s3,dev,13.18
cost-1412,2025-06-25,clearwater-sales,s3,uat,25.74
cost-1413,2025-06-25,clearwater-sales,s3,prod,95.45
cost-1414,2025-06-25,clearwater-sales,lambda,dev,35.97
cost-1415,2025-06-25,clearwater-sales,lambda,uat,68.30
cost-1416,2025-06-25,clearwater-sales,lambda,prod,270.88
cost-1417,2025-06-25,clearwater-sales,eks,dev,12.01
cost-1418,2025-06-25,clearwater-sales,eks,uat,22.95
cost-1419,2025-06-25,clearwater-sales,eks,prod,81.22
cost-1420,2025-06-25,clearwater-sales,cloudwatch,dev,8.43
cost-1421,2025-06-25,clearwater-sales,cloudwatch,uat,19.19
cost-1422,2025-06-25,clearwater-sales,cloudwatch,prod,67.92
cost-1423,2025-06-25,clearwater-collateral,ec2,dev,13.46
cost-1424,2025-06-25,clearwater-collateral,ec2,uat,23.91
cost-1425,2025-06-25,clearwater-collateral,ec2,prod,89.76
cost-1426,2025-06-25,clearwater-collateral,rds,dev,35.20
cost-1427,2025-06-25,clearwater-collateral,rds,uat,59.82
cost-1428,2025-06-25,clearwater-collateral,rds,prod,204.93
cost-1429,2025-06-25,clearwater-collateral,s3,dev,23.72
cost-1430,2025-06-25,clearwater-collateral,s3,uat,46.36
cost-1431,2025-06-25,clearwater-collateral,s3,prod,200.48
cost-1432,2025-06-25,clearwater-collateral,lambda,dev,6.50
cost-1433,2025-06-25,clearwater-collateral,lambda,uat,15.78
cost-1434,2025-06-25,clearwater-collateral,lambda,prod,47.33
cost-1435,2025-06-25,clearwater-collateral,eks,dev,6.14
cost-1436,2025-06-25,clearwater-collateral,eks,uat,11.09
cost-1437,2025-06-25,clearwater-collateral,eks,prod,38.37
cost-1438,2025-06-25,clearwater-collateral,cloudwatch,dev,3.94
cost-1439,2025-06-25,clearwater-collateral,cloudwatch,uat,7.65
cost-1440,2025-06-25,clearwater-collateral,cloudwatch,prod,34.53
cost-1441,2025-06-26,clearwater-trade,ec2,dev,75.95
cost-1442,2025-06-26,clearwater-trade,ec2,uat,166.51
cost-1443,2025-06-26,clearwater-trade,ec2,prod,558.04
cost-1444,2025-06-26,clearwater-trade,rds,dev,69.76
cost-1445,2025-06-26,clearwater-trade,rds,uat,107.52
cost-1446,2025-06-26,clearwater-trade,rds,prod,502.71
cost-1447,2025-06-26,clearwater-trade,s3,dev,12.24
cost-1448,2025-06-26,clearwater-trade,s3,uat,27.06
cost-1449,2025-06-26,clearwater-trade,s3,prod,80.62
cost-1450,2025-06-26,clearwater-trade,lambda,dev,23.44
cost-1451,2025-06-26,clearwater-trade,lambda,uat,47.42
cost-1452,2025-06-26,clearwater-trade,lambda,prod,155.82
cost-1453,2025-06-26,clearwater-trade,eks,dev,42.70
cost-1454,2025-06-26,clearwater-trade,eks,uat,93.89
cost-1455,2025-06-26,clearwater-trade,eks,prod,321.36
cost-1456,2025-06-26,clearwater-trade,cloudwatch,dev,11.06
cost-1457,2025-06-26,clearwater-trade,cloudwatch,uat,22.91
cost-1458,2025-06-26,clearwater-trade,cloudwatch,prod,78.21
cost-1459,2025-06-26,clearwater-settlement,ec2,dev,70.46
cost-1460,2025-06-26,clearwater-settlement,ec2,uat,131.56
cost-1461,2025-06-26,clearwater-settlement,ec2,prod,524.35
cost-1462,2025-06-26,clearwater-settlement,rds,dev,62.61
cost-1463,2025-06-26,clearwater-settlement,rds,uat,132.01
cost-1464,2025-06-26,clearwater-settlement,rds,prod,438.00
cost-1465,2025-06-26,clearwater-settlement,s3,dev,18.80
cost-1466,2025-06-26,clearwater-settlement,s3,uat,38.05
cost-1467,2025-06-26,clearwater-settlement,s3,prod,107.04
cost-1468,2025-06-26,clearwater-settlement,lambda,dev,25.46
cost-1469,2025-06-26,clearwater-settlement,lambda,uat,50.57
cost-1470,2025-06-26,clearwater-settlement,lambda,prod,210.59
cost-1471,2025-06-26,clearwater-settlement,eks,dev,32.53
cost-1472,2025-06-26,clearwater-settlement,eks,uat,61.75
cost-1473,2025-06-26,clearwater-settlement,eks,prod,245.88
cost-1474,2025-06-26,clearwater-settlement,cloudwatch,dev,9.48
cost-1475,2025-06-26,clearwater-settlement,cloudwatch,uat,20.15
cost-1476,2025-06-26,clearwater-settlement,cloudwatch,prod,80.19
cost-1477,2025-06-26,clearwater-sales,ec2,dev,29.01
cost-1478,2025-06-26,clearwater-sales,ec2,uat,51.68
cost-1479,2025-06-26,clearwater-sales,ec2,prod,192.57
cost-1480,2025-06-26,clearwater-sales,rds,dev,15.62
cost-1481,2025-06-26,clearwater-sales,rds,uat,30.88
cost-1482,2025-06-26,clearwater-sales,rds,prod,128.90
cost-1483,2025-06-26,clearwater-sales,s3,dev,15.63
cost-1484,2025-06-26,clearwater-sales,s3,uat,31.99
cost-1485,2025-06-26,clearwater-sales,s3,prod,95.33
cost-1486,2025-06-26,clearwater-sales,lambda,dev,38.85
cost-1487,2025-06-26,clearwater-sales,lambda,uat,62.76
cost-1488,2025-06-26,clearwater-sales,lambda,prod,289.11
cost-1489,2025-06-26,clearwater-sales,eks,dev,12.74
cost-1490,2025-06-26,clearwater-sales,eks,uat,27.26
cost-1491,2025-06-26,clearwater-sales,eks,prod,71.71
cost-1492,2025-06-26,clearwater-sales,cloudwatch,dev,10.10
cost-1493,2025-06-26,clearwater-sales,cloudwatch,uat,18.73
cost-1494,2025-06-26,clearwater-sales,cloudwatch,prod,65.22
cost-1495,2025-06-26,clearwater-collateral,ec2,dev,12.06
cost-1496,2025-06-26,clearwater-collateral,ec2,uat,31.00
cost-1497,2025-06-26,clearwater-collateral,ec2,prod,85.45
cost-1498,2025-06-26,clearwater-collateral,rds,dev,32.51
cost-1499,2025-06-26,clearwater-collateral,rds,uat,64.44
cost-1500,2025-06-26,clearwater-collateral,rds,prod,229.98
cost-1501,2025-06-26,clearwater-collateral,s3,dev,26.57
cost-1502,2025-06-26,clearwater-collateral,s3,uat,52.38
cost-1503,2025-06-26,clearwater-collateral,s3,prod,182.20
cost-1504,2025-06-26,clearwater-collateral,lambda,dev,6.55
cost-1505,2025-06-26,clearwater-collateral,lambda,uat,16.44
cost-1506,2025-06-26,clearwater-collateral,lambda,prod,54.40
cost-1507,2025-06-26,clearwater-collateral,eks,dev,6.32
cost-1508,2025-06-26,clearwater-collateral,eks,uat,12.87
cost-1509,2025-06-26,clearwater-collateral,eks,prod,41.29
cost-1510,2025-06-26,clearwater-collateral,cloudwatch,dev,4.87
cost-1511,2025-06-26,clearwater-collateral,cloudwatch,uat,8.91
cost-1512,2025-06-26,clearwater-collateral,cloudwatch,prod,32.04
cost-1513,2025-06-27,clearwater-trade,ec2,dev,74.78
cost-1514,2025-06-27,clearwater-trade,ec2,uat,184.65
cost-1515,2025-06-27,clearwater-trade,ec2,prod,564.59
cost-1516,2025-06-27,clearwater-trade,rds,dev,61.21
cost-1517,2025-06-27,clearwater-trade,rds,uat,143.66
cost-1518,2025-06-27,clearwater-trade,rds,prod,474.56
cost-1519,2025-06-27,clearwater-trade,s3,dev,14.00
cost-1520,2025-06-27,clearwater-trade,s3,uat,28.30
cost-1521,2025-06-27,clearwater-trade,s3,prod,76.55
cost-1522,2025-06-27,clearwater-trade,lambda,dev,22.54
cost-1523,2025-06-27,clearwater-trade,lambda,uat,43.31
cost-1524,2025-06-27,clearwater-trade,lambda,prod,178.93
cost-1525,2025-06-27,clearwater-trade,eks,dev,51.02
cost-1526,2025-06-27,clearwater-trade,eks,uat,87.61
cost-1527,2025-06-27,clearwater-trade,eks,prod,297.91
cost-1528,2025-06-27,clearwater-trade,cloudwatch,dev,12.44
cost-1529,2025-06-27,clearwater-trade,cloudwatch,uat,22.44
cost-1530,2025-06-27,clearwater-trade,cloudwatch,prod,95.66
cost-1531,2025-06-27,clearwater-settlement,ec2,dev,63.91
cost-1532,2025-06-27,clearwater-settlement,ec2,uat,125.74
cost-1533,2025-06-27,clearwater-settlement,ec2,prod,444.13
cost-1534,2025-06-27,clearwater-settlement,rds,dev,73.57
cost-1535,2025-06-27,clearwater-settlement,rds,uat,112.35
cost-1536,2025-06-27,clearwater-settlement,rds,prod,413.01
cost-1537,2025-06-27,clearwater-settlement,s3,dev,20.10
cost-1538,2025-06-27,clearwater-settlement,s3,uat,39.02
cost-1539,2025-06-27,clearwater-settlement,s3,prod,140.48
cost-1540,2025-06-27,clearwater-settlement,lambda,dev,29.39
cost-1541,2025-06-27,clearwater-settlement,lambda,uat,53.21
cost-1542,2025-06-27,clearwater-settlement,lambda,prod,204.50
cost-1543,2025-06-27,clearwater-settlement,eks,dev,37.57
cost-1544,2025-06-27,clearwater-settlement,eks,uat,61.00
cost-1545,2025-06-27,clearwater-settlement,eks,prod,218.99
cost-1546,2025-06-27,clearwater-settlement,cloudwatch,dev,11.10
cost-1547,2025-06-27,clearwater-settlement,cloudwatch,uat,21.60
cost-1548,2025-06-27,clearwater-settlement,cloudwatch,prod,66.68
cost-1549,2025-06-27,clearwater-sales,ec2,dev,28.59
cost-1550,2025-06-27,clearwater-sales,ec2,uat,62.12
cost-1551,2025-06-27,clearwater-sales,ec2,prod,181.79
cost-1552,2025-06-27,clearwater-sales,rds,dev,17.47
cost-1553,2025-06-27,clearwater-sales,rds,uat,40.06
cost-1554,2025-06-27,clearwater-sales,rds,prod,121.97
cost-1555,2025-06-27,clearwater-sales,s3,dev,15.71
cost-1556,2025-06-27,clearwater-sales,s3,uat,32.41
cost-1557,2025-06-27,clearwater-sales,s3,prod,96.54
cost-1558,2025-06-27,clearwater-sales,lambda,dev,35.08
cost-1559,2025-06-27,clearwater-sales,lambda,uat,69.24
cost-1560,2025-06-27,clearwater-sales,lambda,prod,263.13
cost-1561,2025-06-27,clearwater-sales,eks,dev,12.60
cost-1562,2025-06-27,clearwater-sales,eks,uat,26.43
cost-1563,2025-06-27,clearwater-sales,eks,prod,91.57
cost-1564,2025-06-27,clearwater-sales,cloudwatch,dev,8.73
cost-1565,2025-06-27,clearwater-sales,cloudwatch,uat,21.97
cost-1566,2025-06-27,clearwater-sales,cloudwatch,prod,63.85
cost-1567,2025-06-27,clearwater-collateral,ec2,dev,12.67
cost-1568,2025-06-27,clearwater-collateral,ec2,uat,24.54
cost-1569,2025-06-27,clearwater-collateral,ec2,prod,106.56
cost-1570,2025-06-27,clearwater-collateral,rds,dev,32.03
cost-1571,2025-06-27,clearwater-collateral,rds,uat,63.26
cost-1572,2025-06-27,clearwater-collateral,rds,prod,239.37
cost-1573,2025-06-27,clearwater-collateral,s3,dev,24.32
cost-1574,2025-06-27,clearwater-collateral,s3,uat,58.67
cost-1575,2025-06-27,clearwater-collateral,s3,prod,167.75
cost-1576,2025-06-27,clearwater-collateral,lambda,dev,6.12
cost-1577,2025-06-27,clearwater-collateral,lambda,uat,14.41
cost-1578,2025-06-27,clearwater-collateral,lambda,prod,49.71
cost-1579,2025-06-27,clearwater-collateral,eks,dev,6.31
cost-1580,2025-06-27,clearwater-collateral,eks,uat,14.44
cost-1581,2025-06-27,clearwater-collateral,eks,prod,45.46
cost-1582,2025-06-27,clearwater-collateral,cloudwatch,dev,4.30
cost-1583,2025-06-27,clearwater-collateral,cloudwatch,uat,8.48
cost-1584,2025-06-27,clearwater-collateral,cloudwatch,prod,34.60
cost-1585,2025-06-28,clearwater-trade,ec2,dev,98.08
cost-1586,2025-06-28,clearwater-trade,ec2,uat,197.12
cost-1587,2025-06-28,clearwater-trade,ec2,prod,559.94
cost-1588,2025-06-28,clearwater-trade,rds,dev,53.46
cost-1589,2025-06-28,clearwater-trade,rds,uat,138.45
cost-1590,2025-06-28,clearwater-trade,rds,prod,445.48
cost-1591,2025-06-28,clearwater-trade,s3,dev,13.19
cost-1592,2025-06-28,clearwater-trade,s3,uat,26.02
cost-1593,2025-06-28,clearwater-trade,s3,prod,81.01
cost-1594,2025-06-28,clearwater-trade,lambda,dev,22.13
cost-1595,2025-06-28,clearwater-trade,lambda,uat,55.32
cost-1596,2025-06-28,clearwater-trade,lambda,prod,159.10
cost-1597,2025-06-28,clearwater-trade,eks,dev,55.70
cost-1598,2025-06-28,clearwater-trade,eks,uat,108.89
cost-1599,2025-06-28,clearwater-trade,eks,prod,306.49
cost-1600,2025-06-28,clearwater-trade,cloudwatch,dev,10.72
cost-1601,2025-06-28,clearwater-trade,cloudwatch,uat,26.46
cost-1602,2025-06-28,clearwater-trade,cloudwatch,prod,83.67
cost-1603,2025-06-28,clearwater-settlement,ec2,dev,67.36
cost-1604,2025-06-28,clearwater-settlement,ec2,uat,147.59
cost-1605,2025-06-28,clearwater-settlement,ec2,prod,431.04
cost-1606,2025-06-28,clearwater-settlement,rds,dev,66.12
cost-1607,2025-06-28,clearwater-settlement,rds,uat,138.53
cost-1608,2025-06-28,clearwater-settlement,rds,prod,469.14
cost-1609,2025-06-28,clearwater-settlement,s3,dev,18.39
cost-1610,2025-06-28,clearwater-settlement,s3,uat,36.92
cost-1611,2025-06-28,clearwater-settlement,s3,prod,120.47
cost-1612,2025-06-28,clearwater-settlement,lambda,dev,26.92
cost-1613,2025-06-28,clearwater-settlement,lambda,uat,45.73
cost-1614,2025-06-28,clearwater-settlement,lambda,prod,211.37
cost-1615,2025-06-28,clearwater-settlement,eks,dev,36.08
cost-1616,2025-06-28,clearwater-settlement,eks,uat,57.13
cost-1617,2025-06-28,clearwater-settlement,eks,prod,221.65
cost-1618,2025-06-28,clearwater-settlement,cloudwatch,dev,10.27
cost-1619,2025-06-28,clearwater-settlement,cloudwatch,uat,23.32
cost-1620,2025-06-28,clearwater-settlement,cloudwatch,prod,82.04
cost-1621,2025-06-28,clearwater-sales,ec2,dev,30.27
cost-1622,2025-06-28,clearwater-sales,ec2,uat,55.30
cost-1623,2025-06-28,clearwater-sales,ec2,prod,186.49
cost-1624,2025-06-28,clearwater-sales,rds,dev,18.32
cost-1625,2025-06-28,clearwater-sales,rds,uat,31.97
cost-1626,2025-06-28,clearwater-sales,rds,prod,135.94
cost-1627,2025-06-28,clearwater-sales,s3,dev,13.99
cost-1628,2025-06-28,clearwater-sales,s3,uat,27.79
cost-1629,2025-06-28,clearwater-sales,s3,prod,112.51
cost-1630,2025-06-28,clearwater-sales,lambda,dev,32.50
cost-1631,2025-06-28,clearwater-sales,lambda,uat,77.59
cost-1632,2025-06-28,clearwater-sales,lambda,prod,249.17
cost-1633,2025-06-28,clearwater-sales,eks,dev,11.37
cost-1634,2025-06-28,clearwater-sales,eks,uat,23.66
cost-1635,2025-06-28,clearwater-sales,eks,prod,80.00
cost-1636,2025-06-28,clearwater-sales,cloudwatch,dev,8.70
cost-1637,2025-06-28,clearwater-sales,cloudwatch,uat,20.27
cost-1638,2025-06-28,clearwater-sales,cloudwatch,prod,75.64
cost-1639,2025-06-28,clearwater-collateral,ec2,dev,12.57
cost-1640,2025-06-28,clearwater-collateral,ec2,uat,26.01
cost-1641,2025-06-28,clearwater-collateral,ec2,prod,101.39
cost-1642,2025-06-28,clearwater-collateral,rds,dev,27.85
cost-1643,2025-06-28,clearwater-collateral,rds,uat,56.81
cost-1644,2025-06-28,clearwater-collateral,rds,prod,221.74
cost-1645,2025-06-28,clearwater-collateral,s3,dev,27.09
cost-1646,2025-06-28,clearwater-collateral,s3,uat,51.31
cost-1647,2025-06-28,clearwater-collateral,s3,prod,211.20
cost-1648,2025-06-28,clearwater-collateral,lambda,dev,7.08
cost-1649,2025-06-28,clearwater-collateral,lambda,uat,15.87
cost-1650,2025-06-28,clearwater-collateral,lambda,prod,53.56
cost-1651,2025-06-28,clearwater-collateral,eks,dev,5.54
cost-1652,2025-06-28,clearwater-collateral,eks,uat,14.13
cost-1653,2025-06-28,clearwater-collateral,eks,prod,38.13
cost-1654,2025-06-28,clearwater-collateral,cloudwatch,dev,4.85
cost-1655,2025-06-28,clearwater-collateral,cloudwatch,uat,10.28
cost-1656,2025-06-28,clearwater-collateral,cloudwatch,prod,31.21
cost-1657,2025-06-29,clearwater-trade,ec2,dev,92.87
cost-1658,2025-06-29,clearwater-trade,ec2,uat,164.88
cost-1659,2025-06-29,clearwater-trade,ec2,prod,607.11
cost-1660,2025-06-29,clearwater-trade,rds,dev,59.11
cost-1661,2025-06-29,clearwater-trade,rds,uat,132.74
cost-1662,2025-06-29,clearwater-trade,rds,prod,443.23
cost-1663,2025-06-29,clearwater-trade,s3,dev,13.87
cost-1664,2025-06-29,clearwater-trade,s3,uat,23.14
cost-1665,2025-06-29,clearwater-trade,s3,prod,79.07
cost-1666,2025-06-29,clearwater-trade,lambda,dev,26.97
cost-1667,2025-06-29,clearwater-trade,lambda,uat,57.09
cost-1668,2025-06-29,clearwater-trade,lambda,prod,179.57
cost-1669,2025-06-29,clearwater-trade,eks,dev,47.09
cost-1670,2025-06-29,clearwater-trade,eks,uat,102.42
cost-1671,2025-06-29,clearwater-trade,eks,prod,368.50
cost-1672,2025-06-29,clearwater-trade,cloudwatch,dev,13.58
cost-1673,2025-06-29,clearwater-trade,cloudwatch,uat,25.47
cost-1674,2025-06-29,clearwater-trade,cloudwatch,prod,80.56
cost-1675,2025-06-29,clearwater-settlement,ec2,dev,58.92
cost-1676,2025-06-29,clearwater-settlement,ec2,uat,114.50
cost-1677,2025-06-29,clearwater-settlement,ec2,prod,435.18
cost-1678,2025-06-29,clearwater-settlement,rds,dev,59.32
cost-1679,2025-06-29,clearwater-settlement,rds,uat,117.15
cost-1680,2025-06-29,clearwater-settlement,rds,prod,473.43
cost-1681,2025-06-29,clearwater-settlement,s3,dev,15.46
cost-1682,2025-06-29,clearwater-settlement,s3,uat,33.43
cost-1683,2025-06-29,clearwater-settlement,s3,prod,131.32
cost-1684,2025-06-29,clearwater-settlement,lambda,dev,25.19
cost-1685,2025-06-29,clearwater-settlement,lambda,uat,57.59
cost-1686,2025-06-29,clearwater-settlement,lambda,prod,161.68
cost-1687,2025-06-29,clearwater-settlement,eks,dev,36.49
cost-1688,2025-06-29,clearwater-settlement,eks,uat,60.93
cost-1689,2025-06-29,clearwater-settlement,eks,prod,260.25
cost-1690,2025-06-29,clearwater-settlement,cloudwatch,dev,9.57
cost-1691,2025-06-29,clearwater-settlement,cloudwatch,uat,19.71
cost-1692,2025-06-29,clearwater-settlement,cloudwatch,prod,73.48
cost-1693,2025-06-29,clearwater-sales,ec2,dev,33.56
cost-1694,2025-06-29,clearwater-sales,ec2,uat,65.23
cost-1695,2025-06-29,clearwater-sales,ec2,prod,226.59
cost-1696,2025-06-29,clearwater-sales,rds,dev,17.07
cost-1697,2025-06-29,clearwater-sales,rds,uat,34.55
cost-1698,2025-06-29,clearwater-sales,rds,prod,141.18
cost-1699,2025-06-29,clearwater-sales,s3,dev,14.27
cost-1700,2025-06-29,clearwater-sales,s3,uat,27.79
cost-1701,2025-06-29,clearwater-sales,s3,prod,100.30
cost-1702,2025-06-29,clearwater-sales,lambda,dev,33.85
cost-1703,2025-06-29,clearwater-sales,lambda,uat,69.69
cost-1704,2025-06-29,clearwater-sales,lambda,prod,282.03
cost-1705,2025-06-29,clearwater-sales,eks,dev,12.70
cost-1706,2025-06-29,clearwater-sales,eks,uat,27.16
cost-1707,2025-06-29,clearwater-sales,eks,prod,76.47
cost-1708,2025-06-29,clearwater-sales,cloudwatch,dev,9.75
cost-1709,2025-06-29,clearwater-sales,cloudwatch,uat,18.88
cost-1710,2025-06-29,clearwater-sales,cloudwatch,prod,62.50
cost-1711,2025-06-29,clearwater-collateral,ec2,dev,14.29
cost-1712,2025-06-29,clearwater-collateral,ec2,uat,22.97
cost-1713,2025-06-29,clearwater-collateral,ec2,prod,83.52
cost-1714,2025-06-29,clearwater-collateral,rds,dev,30.69
cost-1715,2025-06-29,clearwater-collateral,rds,uat,55.43
cost-1716,2025-06-29,clearwater-collateral,rds,prod,220.95
cost-1717,2025-06-29,clearwater-collateral,s3,dev,28.30
cost-1718,2025-06-29,clearwater-collateral,s3,uat,61.85
cost-1719,2025-06-29,clearwater-collateral,s3,prod,187.86
cost-1720,2025-06-29,clearwater-collateral,lambda,dev,6.87
cost-1721,2025-06-29,clearwater-collateral,lambda,uat,15.53
cost-1722,2025-06-29,clearwater-collateral,lambda,prod,56.53
cost-1723,2025-06-29,clearwater-collateral,eks,dev,6.29
cost-1724,2025-06-29,clearwater-collateral,eks,uat,10.79
cost-1725,2025-06-29,clearwater-collateral,eks,prod,47.66
cost-1726,2025-06-29,clearwater-collateral,cloudwatch,dev,4.87
cost-1727,2025-06-29,clearwater-collateral,cloudwatch,uat,8.69
cost-1728,2025-06-29,clearwater-collateral,cloudwatch,prod,27.23
cost-1729,2025-06-30,clearwater-trade,ec2,dev,77.35
cost-1730,2025-06-30,clearwater-trade,ec2,uat,177.34
cost-1731,2025-06-30,clearwater-trade,ec2,prod,587.81
cost-1732,2025-06-30,clearwater-trade,rds,dev,57.49
cost-1733,2025-06-30,clearwater-trade,rds,uat,126.52
cost-1734,2025-06-30,clearwater-trade,rds,prod,438.07
cost-1735,2025-06-30,clearwater-trade,s3,dev,13.27
cost-1736,2025-06-30,clearwater-trade,s3,uat,22.70
cost-1737,2025-06-30,clearwater-trade,s3,prod,93.64
cost-1738,2025-06-30,clearwater-trade,lambda,dev,28.49
cost-1739,2025-06-30,clearwater-trade,lambda,uat,53.56
cost-1740,2025-06-30,clearwater-trade,lambda,prod,179.92
cost-1741,2025-06-30,clearwater-trade,eks,dev,44.49
cost-1742,2025-06-30,clearwater-trade,eks,uat,107.75
cost-1743,2025-06-30,clearwater-trade,eks,prod,344.27
cost-1744,2025-06-30,clearwater-trade,cloudwatch,dev,14.15
cost-1745,2025-06-30,clearwater-trade,cloudwatch,uat,22.69
cost-1746,2025-06-30,clearwater-trade,cloudwatch,prod,97.88
cost-1747,2025-06-30,clearwater-settlement,ec2,dev,73.00
cost-1748,2025-06-30,clearwater-settlement,ec2,uat,113.13
cost-1749,2025-06-30,clearwater-settlement,ec2,prod,514.53
cost-1750,2025-06-30,clearwater-settlement,rds,dev,69.96
cost-1751,2025-06-30,clearwater-settlement,rds,uat,130.80
cost-1752,2025-06-30,clearwater-settlement,rds,prod,432.24
cost-1753,2025-06-30,clearwater-settlement,s3,dev,15.46
cost-1754,2025-06-30,clearwater-settlement,s3,uat,34.77
cost-1755,2025-06-30,clearwater-settlement,s3,prod,118.73
cost-1756,2025-06-30,clearwater-settlement,lambda,dev,24.62
cost-1757,2025-06-30,clearwater-settlement,lambda,uat,53.59
cost-1758,2025-06-30,clearwater-settlement,lambda,prod,172.45
cost-1759,2025-06-30,clearwater-settlement,eks,dev,29.85
cost-1760,2025-06-30,clearwater-settlement,eks,uat,70.09
cost-1761,2025-06-30,clearwater-settlement,eks,prod,228.48
cost-1762,2025-06-30,clearwater-settlement,cloudwatch,dev,9.64
cost-1763,2025-06-30,clearwater-settlement,cloudwatch,uat,19.13
cost-1764,2025-06-30,clearwater-settlement,cloudwatch,prod,67.21
cost-1765,2025-06-30,clearwater-sales,ec2,dev,31.60
cost-1766,2025-06-30,clearwater-sales,ec2,uat,52.91
cost-1767,2025-06-30,clearwater-sales,ec2,prod,205.28
cost-1768,2025-06-30,clearwater-sales,rds,dev,17.62
cost-1769,2025-06-30,clearwater-sales,rds,uat,35.97
cost-1770,2025-06-30,clearwater-sales,rds,prod,135.76
cost-1771,2025-06-30,clearwater-sales,s3,dev,13.74
cost-1772,2025-06-30,clearwater-sales,s3,uat,28.87
cost-1773,2025-06-30,clearwater-sales,s3,prod,87.47
cost-1774,2025-06-30,clearwater-sales,lambda,dev,39.60
cost-1775,2025-06-30,clearwater-sales,lambda,uat,81.52
cost-1776,2025-06-30,clearwater-sales,lambda,prod,255.48
cost-1777,2025-06-30,clearwater-sales,eks,dev,11.23
cost-1778,2025-06-30,clearwater-sales,eks,uat,22.87
cost-1779,2025-06-30,clearwater-sales,eks,prod,91.57
cost-1780,2025-06-30,clearwater-sales,cloudwatch,dev,9.82
cost-1781,2025-06-30,clearwater-sales,cloudwatch,uat,21.14
cost-1782,2025-06-30,clearwater-sales,cloudwatch,prod,69.60
cost-1783,2025-06-30,clearwater-collateral,ec2,dev,15.38
cost-1784,2025-06-30,clearwater-collateral,ec2,uat,30.06
cost-1785,2025-06-30,clearwater-collateral,ec2,prod,102.73
cost-1786,2025-06-30,clearwater-collateral,rds,dev,35.31
cost-1787,2025-06-30,clearwater-collateral,rds,uat,67.98
cost-1788,2025-06-30,clearwater-collateral,rds,prod,235.73
cost-1789,2025-06-30,clearwater-collateral,s3,dev,24.39
cost-1790,2025-06-30,clearwater-collateral,s3,uat,61.91
cost-1791,2025-06-30,clearwater-collateral,s3,prod,210.30
cost-1792,2025-06-30,clearwater-collateral,lambda,dev,6.17
cost-1793,2025-06-30,clearwater-collateral,lambda,uat,14.47
cost-1794,2025-06-30,clearwater-collateral,lambda,prod,52.07
cost-1795,2025-06-30,clearwater-collateral,eks,dev,5.66
cost-1796,2025-06-30,clearwater-collateral,eks,uat,13.80
cost-1797,2025-06-30,clearwater-collateral,eks,prod,42.96
cost-1798,2025-06-30,clearwater-collateral,cloudwatch,dev,4.65
cost-1799,2025-06-30,clearwater-collateral,cloudwatch,uat,8.88
cost-1800,2025-06-30,clearwater-collateral,cloudwatch,prod,29.80
cost-1801,2025-07-01,clearwater-trade,ec2,dev,78.54
cost-1802,2025-07-01,clearwater-trade,ec2,uat,205.73
cost-1803,2025-07-01,clearwater-trade,ec2,prod,669.76
cost-1804,2025-07-01,clearwater-trade,rds,dev,56.21
cost-1805,2025-07-01,clearwater-trade,rds,uat,112.39
cost-1806,2025-07-01,clearwater-trade,rds,prod,459.59
cost-1807,2025-07-01,clearwater-trade,s3,dev,14.30
cost-1808,2025-07-01,clearwater-trade,s3,uat,28.78
cost-1809,2025-07-01,clearwater-trade,s3,prod,88.59
cost-1810,2025-07-01,clearwater-trade,lambda,dev,22.40
cost-1811,2025-07-01,clearwater-trade,lambda,uat,55.91
cost-1812,2025-07-01,clearwater-trade,lambda,prod,206.53
cost-1813,2025-07-01,clearwater-trade,eks,dev,49.60
cost-1814,2025-07-01,clearwater-trade,eks,uat,101.54
cost-1815,2025-07-01,clearwater-trade,eks,prod,359.16
cost-1816,2025-07-01,clearwater-trade,cloudwatch,dev,14.64
cost-1817,2025-07-01,clearwater-trade,cloudwatch,uat,27.34
cost-1818,2025-07-01,clearwater-trade,cloudwatch,prod,100.10
cost-1819,2025-07-01,clearwater-settlement,ec2,dev,69.46
cost-1820,2025-07-01,clearwater-settlement,ec2,uat,155.25
cost-1821,2025-07-01,clearwater-settlement,ec2,prod,420.24
cost-1822,2025-07-01,clearwater-settlement,rds,dev,77.79
cost-1823,2025-07-01,clearwater-settlement,rds,uat,127.72
cost-1824,2025-07-01,clearwater-settlement,rds,prod,529.78
cost-1825,2025-07-01,clearwater-settlement,s3,dev,20.08
cost-1826,2025-07-01,clearwater-settlement,s3,uat,38.28
cost-1827,2025-07-01,clearwater-settlement,s3,prod,133.65
cost-1828,2025-07-01,clearwater-settlement,lambda,dev,26.92
cost-1829,2025-07-01,clearwater-settlement,lambda,uat,52.99
cost-1830,2025-07-01,clearwater-settlement,lambda,prod,183.31
cost-1831,2025-07-01,clearwater-settlement,eks,dev,30.78
cost-1832,2025-07-01,clearwater-settlement,eks,uat,70.64
cost-1833,2025-07-01,clearwater-settlement,eks,prod,232.51
cost-1834,2025-07-01,clearwater-settlement,cloudwatch,dev,10.58
cost-1835,2025-07-01,clearwater-settlement,cloudwatch,uat,19.41
cost-1836,2025-07-01,clearwater-settlement,cloudwatch,prod,81.52
cost-1837,2025-07-01,clearwater-sales,ec2,dev,31.81
cost-1838,2025-07-01,clearwater-sales,ec2,uat,57.08
cost-1839,2025-07-01,clearwater-sales,ec2,prod,215.42
cost-1840,2025-07-01,clearwater-sales,rds,dev,17.20
cost-1841,2025-07-01,clearwater-sales,rds,uat,41.65
cost-1842,2025-07-01,clearwater-sales,rds,prod,127.61
cost-1843,2025-07-01,clearwater-sales,s3,dev,14.20
cost-1844,2025-07-01,clearwater-sales,s3,uat,32.46
cost-1845,2025-07-01,clearwater-sales,s3,prod,103.11
cost-1846,2025-07-01,clearwater-sales,lambda,dev,36.83
cost-1847,2025-07-01,clearwater-sales,lambda,uat,69.60
cost-1848,2025-07-01,clearwater-sales,lambda,prod,242.76
cost-1849,2025-07-01,clearwater-sales,eks,dev,12.97
cost-1850,2025-07-01,clearwater-sales,eks,uat,21.36
cost-1851,2025-07-01,clearwater-sales,eks,prod,79.93
cost-1852,2025-07-01,clearwater-sales,cloudwatch,dev,10.81
cost-1853,2025-07-01,clearwater-sales,cloudwatch,uat,19.02
cost-1854,2025-07-01,clearwater-sales,cloudwatch,prod,69.05
cost-1855,2025-07-01,clearwater-collateral,ec2,dev,13.63
cost-1856,2025-07-01,clearwater-collateral,ec2,uat,27.98
cost-1857,2025-07-01,clearwater-collateral,ec2,prod,84.48
cost-1858,2025-07-01,clearwater-collateral,rds,dev,32.99
cost-1859,2025-07-01,clearwater-collateral,rds,uat,55.58
cost-1860,2025-07-01,clearwater-collateral,rds,prod,243.46
cost-1861,2025-07-01,clearwater-collateral,s3,dev,28.62
cost-1862,2025-07-01,clearwater-collateral,s3,uat,59.61
cost-1863,2025-07-01,clearwater-collateral,s3,prod,170.11
cost-1864,2025-07-01,clearwater-collateral,lambda,dev,6.98
cost-1865,2025-07-01,clearwater-collateral,lambda,uat,15.07
cost-1866,2025-07-01,clearwater-collateral,lambda,prod,50.32
cost-1867,2025-07-01,clearwater-collateral,eks,dev,5.54
cost-1868,2025-07-01,clearwater-collateral,eks,uat,12.44
cost-1869,2025-07-01,clearwater-collateral,eks,prod,38.02
cost-1870,2025-07-01,clearwater-collateral,cloudwatch,dev,4.44
cost-1871,2025-07-01,clearwater-collateral,cloudwatch,uat,9.81
cost-1872,2025-07-01,clearwater-collateral,cloudwatch,prod,36.05
cost-1873,2025-07-02,clearwater-trade,ec2,dev,79.01
cost-1874,2025-07-02,clearwater-trade,ec2,uat,179.95
cost-1875,2025-07-02,clearwater-trade,ec2,prod,553.58
cost-1876,2025-07-02,clearwater-trade,rds,dev,64.90
cost-1877,2025-07-02,clearwater-trade,rds,uat,111.03
cost-1878,2025-07-02,clearwater-trade,rds,prod,512.85
cost-1879,2025-07-02,clearwater-trade,s3,dev,11.93
cost-1880,2025-07-02,clearwater-trade,s3,uat,22.71
cost-1881,2025-07-02,clearwater-trade,s3,prod,101.97
cost-1882,2025-07-02,clearwater-trade,lambda,dev,26.72
cost-1883,2025-07-02,clearwater-trade,lambda,uat,52.82
cost-1884,2025-07-02,clearwater-trade,lambda,prod,165.49
cost-1885,2025-07-02,clearwater-trade,eks,dev,57.58
cost-1886,2025-07-02,clearwater-trade,eks,uat,94.97
cost-1887,2025-07-02,clearwater-trade,eks,prod,320.50
cost-1888,2025-07-02,clearwater-trade,cloudwatch,dev,12.09
cost-1889,2025-07-02,clearwater-trade,cloudwatch,uat,25.39
cost-1890,2025-07-02,clearwater-trade,cloudwatch,prod,80.01
cost-1891,2025-07-02,clearwater-settlement,ec2,dev,58.70
cost-1892,2025-07-02,clearwater-settlement,ec2,uat,131.18
cost-1893,2025-07-02,clearwater-settlement,ec2,prod,527.80
cost-1894,2025-07-02,clearwater-settlement,rds,dev,67.88
cost-1895,2025-07-02,clearwater-settlement,rds,uat,120.24
cost-1896,2025-07-02,clearwater-settlement,rds,prod,448.57
cost-1897,2025-07-02,clearwater-settlement,s3,dev,18.69
cost-1898,2025-07-02,clearwater-settlement,s3,uat,31.53
cost-1899,2025-07-02,clearwater-settlement,s3,prod,111.37
cost-1900,2025-07-02,clearwater-settlement,lambda,dev,26.71
cost-1901,2025-07-02,clearwater-settlement,lambda,uat,52.21
cost-1902,2025-07-02,clearwater-settlement,lambda,prod,181.03
cost-1903,2025-07-02,clearwater-settlement,eks,dev,33.11
cost-1904,2025-07-02,clearwater-settlement,eks,uat,61.13
cost-1905,2025-07-02,clearwater-settlement,eks,prod,222.98
cost-1906,2025-07-02,clearwater-settlement,cloudwatch,dev,10.98
cost-1907,2025-07-02,clearwater-settlement,cloudwatch,uat,23.62
cost-1908,2025-07-02,clearwater-settlement,cloudwatch,prod,79.77
cost-1909,2025-07-02,clearwater-sales,ec2,dev,26.61
cost-1910,2025-07-02,clearwater-sales,ec2,uat,65.49
cost-1911,2025-07-02,clearwater-sales,ec2,prod,185.73
cost-1912,2025-07-02,clearwater-sales,rds,dev,20.59
cost-1913,2025-07-02,clearwater-sales,rds,uat,41.17
cost-1914,2025-07-02,clearwater-sales,rds,prod,114.70
cost-1915,2025-07-02,clearwater-sales,s3,dev,12.85
cost-1916,2025-07-02,clearwater-sales,s3,uat,32.68
cost-1917,2025-07-02,clearwater-sales,s3,prod,102.12
cost-1918,2025-07-02,clearwater-sales,lambda,dev,31.91
cost-1919,2025-07-02,clearwater-sales,lambda,uat,64.70
cost-1920,2025-07-02,clearwater-sales,lambda,prod,249.95
cost-1921,2025-07-02,clearwater-sales,eks,dev,12.08
cost-1922,2025-07-02,clearwater-sales,eks,uat,24.83
cost-1923,2025-07-02,clearwater-sales,eks,prod,90.82
cost-1924,2025-07-02,clearwater-sales,cloudwatch,dev,10.11
cost-1925,2025-07-02,clearwater-sales,cloudwatch,uat,20.38
cost-1926,2025-07-02,clearwater-sales,cloudwatch,prod,74.62
cost-1927,2025-07-02,clearwater-collateral,ec2,dev,15.45
cost-1928,2025-07-02,clearwater-collateral,ec2,uat,30.46
cost-1929,2025-07-02,clearwater-collateral,ec2,prod,87.79
cost-1930,2025-07-02,clearwater-collateral,rds,dev,29.74
cost-1931,2025-07-02,clearwater-collateral,rds,uat,56.22
cost-1932,2025-07-02,clearwater-collateral,rds,prod,254.88
cost-1933,2025-07-02,clearwater-collateral,s3,dev,27.08
cost-1934,2025-07-02,clearwater-collateral,s3,uat,52.37
cost-1935,2025-07-02,clearwater-collateral,s3,prod,191.15
cost-1936,2025-07-02,clearwater-collateral,lambda,dev,7.38
cost-1937,2025-07-02,clearwater-collateral,lambda,uat,15.70
cost-1938,2025-07-02,clearwater-collateral,lambda,prod,53.96
cost-1939,2025-07-02,clearwater-collateral,eks,dev,6.84
cost-1940,2025-07-02,clearwater-collateral,eks,uat,13.93
cost-1941,2025-07-02,clearwater-collateral,eks,prod,42.94
cost-1942,2025-07-02,clearwater-collateral,cloudwatch,dev,5.03
cost-1943,2025-07-02,clearwater-collateral,cloudwatch,uat,8.79
cost-1944,2025-07-02,clearwater-collateral,cloudwatch,prod,28.25
cost-1945,2025-07-03,clearwater-trade,ec2,dev,100.06
cost-1946,2025-07-03,clearwater-trade,ec2,uat,153.35
cost-1947,2025-07-03,clearwater-trade,ec2,prod,649.15
cost-1948,2025-07-03,clearwater-trade,rds,dev,68.38
cost-1949,2025-07-03,clearwater-trade,rds,uat,133.65
cost-1950,2025-07-03,clearwater-trade,rds,prod,484.78
cost-1951,2025-07-03,clearwater-trade,s3,dev,12.30
cost-1952,2025-07-03,clearwater-trade,s3,uat,23.01
cost-1953,2025-07-03,clearwater-trade,s3,prod,86.37
cost-1954,2025-07-03,clearwater-trade,lambda,dev,25.64
cost-1955,2025-07-03,clearwater-trade,lambda,uat,46.37
cost-1956,2025-07-03,clearwater-trade,lambda,prod,187.49
cost-1957,2025-07-03,clearwater-trade,eks,dev,46.74
cost-1958,2025-07-03,clearwater-trade,eks,uat,104.67
cost-1959,2025-07-03,clearwater-trade,eks,prod,402.31
cost-1960,2025-07-03,clearwater-trade,cloudwatch,dev,13.12
cost-1961,2025-07-03,clearwater-trade,cloudwatch,uat,23.67
cost-1962,2025-07-03,clearwater-trade,cloudwatch,prod,95.36
cost-1963,2025-07-03,clearwater-settlement,ec2,dev,73.15
cost-1964,2025-07-03,clearwater-settlement,ec2,uat,142.51
cost-1965,2025-07-03,clearwater-settlement,ec2,prod,509.01
cost-1966,2025-07-03,clearwater-settlement,rds,dev,75.04
cost-1967,2025-07-03,clearwater-settlement,rds,uat,120.16
cost-1968,2025-07-03,clearwater-settlement,rds,prod,502.54
cost-1969,2025-07-03,clearwater-settlement,s3,dev,17.83
cost-1970,2025-07-03,clearwater-settlement,s3,uat,40.02
cost-1971,2025-07-03,clearwater-settlement,s3,prod,128.19
cost-1972,2025-07-03,clearwater-settlement,lambda,dev,26.79
cost-1973,2025-07-03,clearwater-settlement,lambda,uat,53.98
cost-1974,2025-07-03,clearwater-settlement,lambda,prod,188.88
cost-1975,2025-07-03,clearwater-settlement,eks,dev,35.05
cost-1976,2025-07-03,clearwater-settlement,eks,uat,70.29
cost-1977,2025-07-03,clearwater-settlement,eks,prod,248.86
cost-1978,2025-07-03,clearwater-settlement,cloudwatch,dev,11.49
cost-1979,2025-07-03,clearwater-settlement,cloudwatch,uat,21.50
cost-1980,2025-07-03,clearwater-settlement,cloudwatch,prod,69.48
cost-1981,2025-07-03,clearwater-sales,ec2,dev,27.58
cost-1982,2025-07-03,clearwater-sales,ec2,uat,58.73
cost-1983,2025-07-03,clearwater-sales,ec2,prod,231.99
cost-1984,2025-07-03,clearwater-sales,rds,dev,17.68
cost-1985,2025-07-03,clearwater-sales,rds,uat,35.29
cost-1986,2025-07-03,clearwater-sales,rds,prod,123.25
cost-1987,2025-07-03,clearwater-sales,s3,dev,12.63
cost-1988,2025-07-03,clearwater-sales,s3,uat,29.46
cost-1989,2025-07-03,clearwater-sales,s3,prod,109.62
cost-1990,2025-07-03,clearwater-sales,lambda,dev,34.08
cost-1991,2025-07-03,clearwater-sales,lambda,uat,78.13
cost-1992,2025-07-03,clearwater-sales,lambda,prod,226.36
cost-1993,2025-07-03,clearwater-sales,eks,dev,12.79
cost-1994,2025-07-03,clearwater-sales,eks,uat,23.47
cost-1995,2025-07-03,clearwater-sales,eks,prod,79.42
cost-1996,2025-07-03,clearwater-sales,cloudwatch,dev,8.47
cost-1997,2025-07-03,clearwater-sales,cloudwatch,uat,16.69
cost-1998,2025-07-03,clearwater-sales,cloudwatch,prod,69.03
cost-1999,2025-07-03,clearwater-collateral,ec2,dev,12.57
cost-2000,2025-07-03,clearwater-collateral,ec2,uat,29.91
cost-2001,2025-07-03,clearwater-collateral,ec2,prod,85.13
cost-2002,2025-07-03,clearwater-collateral,rds,dev,32.16
cost-2003,2025-07-03,clearwater-collateral,rds,uat,56.92
cost-2004,2025-07-03,clearwater-collateral,rds,prod,221.18
cost-2005,2025-07-03,clearwater-collateral,s3,dev,26.08
cost-2006,2025-07-03,clearwater-collateral,s3,uat,53.66
cost-2007,2025-07-03,clearwater-collateral,s3,prod,216.21
cost-2008,2025-07-03,clearwater-collateral,lambda,dev,7.53
cost-2009,2025-07-03,clearwater-collateral,lambda,uat,13.81
cost-2010,2025-07-03,clearwater-collateral,lambda,prod,56.57
cost-2011,2025-07-03,clearwater-collateral,eks,dev,5.92
cost-2012,2025-07-03,clearwater-collateral,eks,uat,14.14
cost-2013,2025-07-03,clearwater-collateral,eks,prod,38.42
cost-2014,2025-07-03,clearwater-collateral,cloudwatch,dev,4.03
cost-2015,2025-07-03,clearwater-collateral,cloudwatch,uat,10.29
cost-2016,2025-07-03,clearwater-collateral,cloudwatch,prod,33.11
cost-2017,2025-07-04,clearwater-trade,ec2,dev,78.64
cost-2018,2025-07-04,clearwater-trade,ec2,uat,202.36
cost-2019,2025-07-04,clearwater-trade,ec2,prod,696.73
cost-2020,2025-07-04,clearwater-trade,rds,dev,62.64
cost-2021,2025-07-04,clearwater-trade,rds,uat,119.49
cost-2022,2025-07-04,clearwater-trade,rds,prod,478.11
cost-2023,2025-07-04,clearwater-trade,s3,dev,14.75
cost-2024,2025-07-04,clearwater-trade,s3,uat,22.73
cost-2025,2025-07-04,clearwater-trade,s3,prod,89.68
cost-2026,2025-07-04,clearwater-trade,lambda,dev,23.89
cost-2027,2025-07-04,clearwater-trade,lambda,uat,45.90
cost-2028,2025-07-04,clearwater-trade,lambda,prod,203.24
cost-2029,2025-07-04,clearwater-trade,eks,dev,47.24
cost-2030,2025-07-04,clearwater-trade,eks,uat,97.70
cost-2031,2025-07-04,clearwater-trade,eks,prod,338.32
cost-2032,2025-07-04,clearwater-trade,cloudwatch,dev,12.73
cost-2033,2025-07-04,clearwater-trade,cloudwatch,uat,28.06
cost-2034,2025-07-04,clearwater-trade,cloudwatch,prod,80.35
cost-2035,2025-07-04,clearwater-settlement,ec2,dev,72.25
cost-2036,2025-07-04,clearwater-settlement,ec2,uat,135.53
cost-2037,2025-07-04,clearwater-settlement,ec2,prod,475.66
cost-2038,2025-07-04,clearwater-settlement,rds,dev,67.93
cost-2039,2025-07-04,clearwater-settlement,rds,uat,142.57
cost-2040,2025-07-04,clearwater-settlement,rds,prod,431.76
cost-2041,2025-07-04,clearwater-settlement,s3,dev,16.99
cost-2042,2025-07-04,clearwater-settlement,s3,uat,33.26
cost-2043,2025-07-04,clearwater-settlement,s3,prod,138.89
cost-2044,2025-07-04,clearwater-settlement,lambda,dev,23.34
cost-2045,2025-07-04,clearwater-settlement,lambda,uat,47.33
cost-2046,2025-07-04,clearwater-settlement,lambda,prod,169.68
cost-2047,2025-07-04,clearwater-settlement,eks,dev,30.53
cost-2048,2025-07-04,clearwater-settlement,eks,uat,70.18
cost-2049,2025-07-04,clearwater-settlement,eks,prod,235.83
cost-2050,2025-07-04,clearwater-settlement,cloudwatch,dev,11.99
cost-2051,2025-07-04,clearwater-settlement,cloudwatch,uat,23.38
cost-2052,2025-07-04,clearwater-settlement,cloudwatch,prod,85.68
cost-2053,2025-07-04,clearwater-sales,ec2,dev,33.99
cost-2054,2025-07-04,clearwater-sales,ec2,uat,59.30
cost-2055,2025-07-04,clearwater-sales,ec2,prod,237.10
cost-2056,2025-07-04,clearwater-sales,rds,dev,19.45
cost-2057,2025-07-04,clearwater-sales,rds,uat,35.31
cost-2058,2025-07-04,clearwater-sales,rds,prod,132.15
cost-2059,2025-07-04,clearwater-sales,s3,dev,16.23
cost-2060,2025-07-04,clearwater-sales,s3,uat,25.83
cost-2061,2025-07-04,clearwater-sales,s3,prod,87.23
cost-2062,2025-07-04,clearwater-sales,lambda,dev,41.34
cost-2063,2025-07-04,clearwater-sales,lambda,uat,76.03
cost-2064,2025-07-04,clearwater-sales,lambda,prod,261.68
cost-2065,2025-07-04,clearwater-sales,eks,dev,11.66
cost-2066,2025-07-04,clearwater-sales,eks,uat,21.65
cost-2067,2025-07-04,clearwater-sales,eks,prod,84.20
cost-2068,2025-07-04,clearwater-sales,cloudwatch,dev,10.38
cost-2069,2025-07-04,clearwater-sales,cloudwatch,uat,16.58
cost-2070,2025-07-04,clearwater-sales,cloudwatch,prod,74.99
cost-2071,2025-07-04,clearwater-collateral,ec2,dev,13.59
cost-2072,2025-07-04,clearwater-collateral,ec2,uat,24.41
cost-2073,2025-07-04,clearwater-collateral,ec2,prod,87.96
cost-2074,2025-07-04,clearwater-collateral,rds,dev,33.35
cost-2075,2025-07-04,clearwater-collateral,rds,uat,66.40
cost-2076,2025-07-04,clearwater-collateral,rds,prod,226.45
cost-2077,2025-07-04,clearwater-collateral,s3,dev,30.25
cost-2078,2025-07-04,clearwater-collateral,s3,uat,50.50
cost-2079,2025-07-04,clearwater-collateral,s3,prod,215.92
cost-2080,2025-07-04,clearwater-collateral,lambda,dev,6.83
cost-2081,2025-07-04,clearwater-collateral,lambda,uat,13.63
cost-2082,2025-07-04,clearwater-collateral,lambda,prod,52.57
cost-2083,2025-07-04,clearwater-collateral,eks,dev,6.70
cost-2084,2025-07-04,clearwater-collateral,eks,uat,11.09
cost-2085,2025-07-04,clearwater-collateral,eks,prod,40.44
cost-2086,2025-07-04,clearwater-collateral,cloudwatch,dev,4.95
cost-2087,2025-07-04,clearwater-collateral,cloudwatch,uat,8.03
cost-2088,2025-07-04,clearwater-collateral,cloudwatch,prod,29.77
cost-2089,2025-07-05,clearwater-trade,ec2,dev,82.22
cost-2090,2025-07-05,clearwater-trade,ec2,uat,190.32
cost-2091,2025-07-05,clearwater-trade,ec2,prod,560.44
cost-2092,2025-07-05,clearwater-trade,rds,dev,57.17
cost-2093,2025-07-05,clearwater-trade,rds,uat,139.23
cost-2094,2025-07-05,clearwater-trade,rds,prod,442.77
cost-2095,2025-07-05,clearwater-trade,s3,dev,12.39
cost-2096,2025-07-05,clearwater-trade,s3,uat,27.92
cost-2097,2025-07-05,clearwater-trade,s3,prod,86.09
cost-2098,2025-07-05,clearwater-trade,lambda,dev,27.70
cost-2099,2025-07-05,clearwater-trade,lambda,uat,54.33
cost-2100,2025-07-05,clearwater-trade,lambda,prod,198.21
cost-2101,2025-07-05,clearwater-trade,eks,dev,44.06
cost-2102,2025-07-05,clearwater-trade,eks,uat,88.00
cost-2103,2025-07-05,clearwater-trade,eks,prod,399.20
cost-2104,2025-07-05,clearwater-trade,cloudwatch,dev,12.82
cost-2105,2025-07-05,clearwater-trade,cloudwatch,uat,27.49
cost-2106,2025-07-05,clearwater-trade,cloudwatch,prod,99.03
cost-2107,2025-07-05,clearwater-settlement,ec2,dev,72.26
cost-2108,2025-07-05,clearwater-settlement,ec2,uat,149.61
cost-2109,2025-07-05,clearwater-settlement,ec2,prod,407.82
cost-2110,2025-07-05,clearwater-settlement,rds,dev,71.70
cost-2111,2025-07-05,clearwater-settlement,rds,uat,142.69
cost-2112,2025-07-05,clearwater-settlement,rds,prod,405.73
cost-2113,2025-07-05,clearwater-settlement,s3,dev,15.66
cost-2114,2025-07-05,clearwater-settlement,s3,uat,40.16
cost-2115,2025-07-05,clearwater-settlement,s3,prod,137.01
cost-2116,2025-07-05,clearwater-settlement,lambda,dev,26.74
cost-2117,2025-07-05,clearwater-settlement,lambda,uat,52.06
cost-2118,2025-07-05,clearwater-settlement,lambda,prod,169.95
cost-2119,2025-07-05,clearwater-settlement,eks,dev,29.04
cost-2120,2025-07-05,clearwater-settlement,eks,uat,66.94
cost-2121,2025-07-05,clearwater-settlement,eks,prod,238.71
cost-2122,2025-07-05,clearwater-settlement,cloudwatch,dev,12.72
cost-2123,2025-07-05,clearwater-settlement,cloudwatch,uat,25.06
cost-2124,2025-07-05,clearwater-settlement,cloudwatch,prod,67.19
cost-2125,2025-07-05,clearwater-sales,ec2,dev,34.74
cost-2126,2025-07-05,clearwater-sales,ec2,uat,52.76
cost-2127,2025-07-05,clearwater-sales,ec2,prod,194.96
cost-2128,2025-07-05,clearwater-sales,rds,dev,17.94
cost-2129,2025-07-05,clearwater-sales,rds,uat,33.09
cost-2130,2025-07-05,clearwater-sales,rds,prod,139.59
cost-2131,2025-07-05,clearwater-sales,s3,dev,14.58
cost-2132,2025-07-05,clearwater-sales,s3,uat,30.45
cost-2133,2025-07-05,clearwater-sales,s3,prod,99.35
cost-2134,2025-07-05,clearwater-sales,lambda,dev,35.54
cost-2135,2025-07-05,clearwater-sales,lambda,uat,64.79
cost-2136,2025-07-05,clearwater-sales,lambda,prod,241.38
cost-2137,2025-07-05,clearwater-sales,eks,dev,10.77
cost-2138,2025-07-05,clearwater-sales,eks,uat,26.03
cost-2139,2025-07-05,clearwater-sales,eks,prod,89.81
cost-2140,2025-07-05,clearwater-sales,cloudwatch,dev,11.17
cost-2141,2025-07-05,clearwater-sales,cloudwatch,uat,18.04
cost-2142,2025-07-05,clearwater-sales,cloudwatch,prod,66.21
cost-2143,2025-07-05,clearwater-collateral,ec2,dev,11.97
cost-2144,2025-07-05,clearwater-collateral,ec2,uat,31.17
cost-2145,2025-07-05,clearwater-collateral,ec2,prod,81.86
cost-2146,2025-07-05,clearwater-collateral,rds,dev,28.34
cost-2147,2025-07-05,clearwater-collateral,rds,uat,63.94
cost-2148,2025-07-05,clearwater-collateral,rds,prod,249.80
cost-2149,2025-07-05,clearwater-collateral,s3,dev,25.50
cost-2150,2025-07-05,clearwater-collateral,s3,uat,48.50
cost-2151,2025-07-05,clearwater-collateral,s3,prod,199.73
cost-2152,2025-07-05,clearwater-collateral,lambda,dev,6.75
cost-2153,2025-07-05,clearwater-collateral,lambda,uat,13.20
cost-2154,2025-07-05,clearwater-collateral,lambda,prod,54.36
cost-2155,2025-07-05,clearwater-collateral,eks,dev,6.07
cost-2156,2025-07-05,clearwater-collateral,eks,uat,14.46
cost-2157,2025-07-05,clearwater-collateral,eks,prod,46.16
cost-2158,2025-07-05,clearwater-collateral,cloudwatch,dev,4.33
cost-2159,2025-07-05,clearwater-collateral,cloudwatch,uat,9.23
cost-2160,2025-07-05,clearwater-collateral,cloudwatch,prod,27.05
cost-2161,2025-07-06,clearwater-trade,ec2,dev,94.44
cost-2162,2025-07-06,clearwater-trade,ec2,uat,182.11
cost-2163,2025-07-06,clearwater-trade,ec2,prod,670.40
cost-2164,2025-07-06,clearwater-trade,rds,dev,55.30
cost-2165,2025-07-06,clearwater-trade,rds,uat,114.43
cost-2166,2025-07-06,clearwater-trade,rds,prod,416.78
cost-2167,2025-07-06,clearwater-trade,s3,dev,13.84
cost-2168,2025-07-06,clearwater-trade,s3,uat,24.53
cost-2169,2025-07-06,clearwater-trade,s3,prod,96.00
cost-2170,2025-07-06,clearwater-trade,lambda,dev,22.11
cost-2171,2025-07-06,clearwater-trade,lambda,uat,51.22
cost-2172,2025-07-06,clearwater-trade,lambda,prod,157.01
cost-2173,2025-07-06,clearwater-trade,eks,dev,58.35
cost-2174,2025-07-06,clearwater-trade,eks,uat,108.51
cost-2175,2025-07-06,clearwater-trade,eks,prod,333.85
cost-2176,2025-07-06,clearwater-trade,cloudwatch,dev,12.62
cost-2177,2025-07-06,clearwater-trade,cloudwatch,uat,23.48
cost-2178,2025-07-06,clearwater-trade,cloudwatch,prod,97.07
cost-2179,2025-07-06,clearwater-settlement,ec2,dev,62.86
cost-2180,2025-07-06,clearwater-settlement,ec2,uat,139.59
cost-2181,2025-07-06,clearwater-settlement,ec2,prod,484.93
cost-2182,2025-07-06,clearwater-settlement,rds,dev,58.81
cost-2183,2025-07-06,clearwater-settlement,rds,uat,126.19
cost-2184,2025-07-06,clearwater-settlement,rds,prod,446.86
cost-2185,2025-07-06,clearwater-settlement,s3,dev,15.80
cost-2186,2025-07-06,clearwater-settlement,s3,uat,33.85
cost-2187,2025-07-06,clearwater-settlement,s3,prod,133.36
cost-2188,2025-07-06,clearwater-settlement,lambda,dev,29.19
cost-2189,2025-07-06,clearwater-settlement,lambda,uat,61.97
cost-2190,2025-07-06,clearwater-settlement,lambda,prod,179.77
cost-2191,2025-07-06,clearwater-settlement,eks,dev,31.77
cost-2192,2025-07-06,clearwater-settlement,eks,uat,64.03
cost-2193,2025-07-06,clearwater-settlement,eks,prod,258.11
cost-2194,2025-07-06,clearwater-settlement,cloudwatch,dev,9.94
cost-2195,2025-07-06,clearwater-settlement,cloudwatch,uat,25.58
cost-2196,2025-07-06,clearwater-settlement,cloudwatch,prod,90.14
cost-2197,2025-07-06,clearwater-sales,ec2,dev,26.00
cost-2198,2025-07-06,clearwater-sales,ec2,uat,68.77
cost-2199,2025-07-06,clearwater-sales,ec2,prod,187.49
cost-2200,2025-07-06,clearwater-sales,rds,dev,19.83
cost-2201,2025-07-06,clearwater-sales,rds,uat,32.79
cost-2202,2025-07-06,clearwater-sales,rds,prod,114.50
cost-2203,2025-07-06,clearwater-sales,s3,dev,16.64
cost-2204,2025-07-06,clearwater-sales,s3,uat,29.45
cost-2205,2025-07-06,clearwater-sales,s3,prod,114.11
cost-2206,2025-07-06,clearwater-sales,lambda,dev,35.54
cost-2207,2025-07-06,clearwater-sales,lambda,uat,82.45
cost-2208,2025-07-06,clearwater-sales,lambda,prod,264.29
cost-2209,2025-07-06,clearwater-sales,eks,dev,11.12
cost-2210,2025-07-06,clearwater-sales,eks,uat,21.16
cost-2211,2025-07-06,clearwater-sales,eks,prod,76.33
cost-2212,2025-07-06,clearwater-sales,cloudwatch,dev,8.47
cost-2213,2025-07-06,clearwater-sales,cloudwatch,uat,18.02
cost-2214,2025-07-06,clearwater-sales,cloudwatch,prod,72.82
cost-2215,2025-07-06,clearwater-collateral,ec2,dev,13.00
cost-2216,2025-07-06,clearwater-collateral,ec2,uat,28.49
cost-2217,2025-07-06,clearwater-collateral,ec2,prod,101.46
cost-2218,2025-07-06,clearwater-collateral,rds,dev,34.84
cost-2219,2025-07-06,clearwater-collateral,rds,uat,56.75
cost-2220,2025-07-06,clearwater-collateral,rds,prod,214.02
cost-2221,2025-07-06,clearwater-collateral,s3,dev,28.03
cost-2222,2025-07-06,clearwater-collateral,s3,uat,60.93
cost-2223,2025-07-06,clearwater-collateral,s3,prod,172.65
cost-2224,2025-07-06,clearwater-collateral,lambda,dev,6.68
cost-2225,2025-07-06,clearwater-collateral,lambda,uat,14.88
cost-2226,2025-07-06,clearwater-collateral,lambda,prod,49.26
cost-2227,2025-07-06,clearwater-collateral,eks,dev,5.57
cost-2228,2025-07-06,clearwater-collateral,eks,uat,12.95
cost-2229,2025-07-06,clearwater-collateral,eks,prod,38.79
cost-2230,2025-07-06,clearwater-collateral,cloudwatch,dev,4.75
cost-2231,2025-07-06,clearwater-collateral,cloudwatch,uat,9.75
cost-2232,2025-07-06,clearwater-collateral,cloudwatch,prod,30.48
cost-2233,2025-07-07,clearwater-trade,ec2,dev,88.79
cost-2234,2025-07-07,clearwater-trade,ec2,uat,177.32
cost-2235,2025-07-07,clearwater-trade,ec2,prod,678.33
cost-2236,2025-07-07,clearwater-trade,rds,dev,55.01
cost-2237,2025-07-07,clearwater-trade,rds,uat,125.64
cost-2238,2025-07-07,clearwater-trade,rds,prod,512.06
cost-2239,2025-07-07,clearwater-trade,s3,dev,13.22
cost-2240,2025-07-07,clearwater-trade,s3,uat,24.50
cost-2241,2025-07-07,clearwater-trade,s3,prod,102.34
cost-2242,2025-07-07,clearwater-trade,lambda,dev,26.86
cost-2243,2025-07-07,clearwater-trade,lambda,uat,43.83
cost-2244,2025-07-07,clearwater-trade,lambda,prod,180.96
cost-2245,2025-07-07,clearwater-trade,eks,dev,51.21
cost-2246,2025-07-07,clearwater-trade,eks,uat,88.15
cost-2247,2025-07-07,clearwater-trade,eks,prod,351.04
cost-2248,2025-07-07,clearwater-trade,cloudwatch,dev,10.97
cost-2249,2025-07-07,clearwater-trade,cloudwatch,uat,26.18
cost-2250,2025-07-07,clearwater-trade,cloudwatch,prod,79.66
cost-2251,2025-07-07,clearwater-settlement,ec2,dev,74.62
cost-2252,2025-07-07,clearwater-settlement,ec2,uat,138.57
cost-2253,2025-07-07,clearwater-settlement,ec2,prod,487.26
cost-2254,2025-07-07,clearwater-settlement,rds,dev,60.79
cost-2255,2025-07-07,clearwater-settlement,rds,uat,142.11
cost-2256,2025-07-07,clearwater-settlement,rds,prod,461.50
cost-2257,2025-07-07,clearwater-settlement,s3,dev,19.82
cost-2258,2025-07-07,clearwater-settlement,s3,uat,31.10
cost-2259,2025-07-07,clearwater-settlement,s3,prod,129.33
cost-2260,2025-07-07,clearwater-settlement,lambda,dev,27.04
cost-2261,2025-07-07,clearwater-settlement,lambda,uat,46.23
cost-2262,2025-07-07,clearwater-settlement,lambda,prod,216.16
cost-2263,2025-07-07,clearwater-settlement,eks,dev,32.06
cost-2264,2025-07-07,clearwater-settlement,eks,uat,61.47
cost-2265,2025-07-07,clearwater-settlement,eks,prod,209.75
cost-2266,2025-07-07,clearwater-settlement,cloudwatch,dev,9.97
cost-2267,2025-07-07,clearwater-settlement,cloudwatch,uat,24.56
cost-2268,2025-07-07,clearwater-settlement,cloudwatch,prod,84.92
cost-2269,2025-07-07,clearwater-sales,ec2,dev,28.10
cost-2270,2025-07-07,clearwater-sales,ec2,uat,53.22
cost-2271,2025-07-07,clearwater-sales,ec2,prod,227.96
cost-2272,2025-07-07,clearwater-sales,rds,dev,17.39
cost-2273,2025-07-07,clearwater-sales,rds,uat,32.30
cost-2274,2025-07-07,clearwater-sales,rds,prod,127.97
cost-2275,2025-07-07,clearwater-sales,s3,dev,14.83
cost-2276,2025-07-07,clearwater-sales,s3,uat,31.90
cost-2277,2025-07-07,clearwater-sales,s3,prod,90.46
cost-2278,2025-07-07,clearwater-sales,lambda,dev,41.71
cost-2279,2025-07-07,clearwater-sales,lambda,uat,70.17
cost-2280,2025-07-07,clearwater-sales,lambda,prod,217.71
cost-2281,2025-07-07,clearwater-sales,eks,dev,13.43
cost-2282,2025-07-07,clearwater-sales,eks,uat,23.39
cost-2283,2025-07-07,clearwater-sales,eks,prod,87.39
cost-2284,2025-07-07,clearwater-sales,cloudwatch,dev,10.71
cost-2285,2025-07-07,clearwater-sales,cloudwatch,uat,17.66
cost-2286,2025-07-07,clearwater-sales,cloudwatch,prod,74.37
cost-2287,2025-07-07,clearwater-collateral,ec2,dev,11.91
cost-2288,2025-07-07,clearwater-collateral,ec2,uat,25.76
cost-2289,2025-07-07,clearwater-collateral,ec2,prod,92.45
cost-2290,2025-07-07,clearwater-collateral,rds,dev,35.49
cost-2291,2025-07-07,clearwater-collateral,rds,uat,70.23
cost-2292,2025-07-07,clearwater-collateral,rds,prod,253.48
cost-2293,2025-07-07,clearwater-collateral,s3,dev,27.56
cost-2294,2025-07-07,clearwater-collateral,s3,uat,48.00
cost-2295,2025-07-07,clearwater-collateral,s3,prod,216.03
cost-2296,2025-07-07,clearwater-collateral,lambda,dev,6.81
cost-2297,2025-07-07,clearwater-collateral,lambda,uat,14.89
cost-2298,2025-07-07,clearwater-collateral,lambda,prod,57.53
cost-2299,2025-07-07,clearwater-collateral,eks,dev,5.70
cost-2300,2025-07-07,clearwater-collateral,eks,uat,10.89
cost-2301,2025-07-07,clearwater-collateral,eks,prod,45.64
cost-2302,2025-07-07,clearwater-collateral,cloudwatch,dev,3.94
cost-2303,2025-07-07,clearwater-collateral,cloudwatch,uat,9.70
cost-2304,2025-07-07,clearwater-collateral,cloudwatch,prod,32.22
cost-2305,2025-07-08,clearwater-trade,ec2,dev,102.34
cost-2306,2025-07-08,clearwater-trade,ec2,uat,200.84
cost-2307,2025-07-08,clearwater-trade,ec2,prod,586.33
cost-2308,2025-07-08,clearwater-trade,rds,dev,64.93
cost-2309,2025-07-08,clearwater-trade,rds,uat,125.28
cost-2310,2025-07-08,clearwater-trade,rds,prod,408.23
cost-2311,2025-07-08,clearwater-trade,s3,dev,14.00
cost-2312,2025-07-08,clearwater-trade,s3,uat,23.04
cost-2313,2025-07-08,clearwater-trade,s3,prod,84.82
cost-2314,2025-07-08,clearwater-trade,lambda,dev,24.76
cost-2315,2025-07-08,clearwater-trade,lambda,uat,59.00
cost-2316,2025-07-08,clearwater-trade,lambda,prod,198.06
cost-2317,2025-07-08,clearwater-trade,eks,dev,44.34
cost-2318,2025-07-08,clearwater-trade,eks,uat,108.44
cost-2319,2025-07-08,clearwater-trade,eks,prod,381.58
cost-2320,2025-07-08,clearwater-trade,cloudwatch,dev,14.46
cost-2321,2025-07-08,clearwater-trade,cloudwatch,uat,25.18
cost-2322,2025-07-08,clearwater-trade,cloudwatch,prod,100.82
cost-2323,2025-07-08,clearwater-settlement,ec2,dev,68.86
cost-2324,2025-07-08,clearwater-settlement,ec2,uat,129.06
cost-2325,2025-07-08,clearwater-settlement,ec2,prod,429.04
cost-2326,2025-07-08,clearwater-settlement,rds,dev,67.53
cost-2327,2025-07-08,clearwater-settlement,rds,uat,144.17
cost-2328,2025-07-08,clearwater-settlement,rds,prod,444.53
cost-2329,2025-07-08,clearwater-settlement,s3,dev,20.33
cost-2330,2025-07-08,clearwater-settlement,s3,uat,32.25
cost-2331,2025-07-08,clearwater-settlement,s3,prod,129.88
cost-2332,2025-07-08,clearwater-settlement,lambda,dev,26.35
cost-2333,2025-07-08,clearwater-settlement,lambda,uat,58.43
cost-2334,2025-07-08,clearwater-settlement,lambda,prod,171.72
cost-2335,2025-07-08,clearwater-settlement,eks,dev,37.53
cost-2336,2025-07-08,clearwater-settlement,eks,uat,63.88
cost-2337,2025-07-08,clearwater-settlement,eks,prod,256.47
cost-2338,2025-07-08,clearwater-settlement,cloudwatch,dev,10.34
cost-2339,2025-07-08,clearwater-settlement,cloudwatch,uat,23.18
cost-2340,2025-07-08,clearwater-settlement,cloudwatch,prod,86.45
cost-2341,2025-07-08,clearwater-sales,ec2,dev,34.56
cost-2342,2025-07-08,clearwater-sales,ec2,uat,61.17
cost-2343,2025-07-08,clearwater-sales,ec2,prod,215.19
cost-2344,2025-07-08,clearwater-sales,rds,dev,16.86
cost-2345,2025-07-08,clearwater-sales,rds,uat,36.00
cost-2346,2025-07-08,clearwater-sales,rds,prod,118.78
cost-2347,2025-07-08,clearwater-sales,s3,dev,13.09
cost-2348,2025-07-08,clearwater-sales,s3,uat,28.14
cost-2349,2025-07-08,clearwater-sales,s3,prod,112.21
cost-2350,2025-07-08,clearwater-sales,lambda,dev,31.25
cost-2351,2025-07-08,clearwater-sales,lambda,uat,66.82
cost-2352,2025-07-08,clearwater-sales,lambda,prod,280.18
cost-2353,2025-07-08,clearwater-sales,eks,dev,12.83
cost-2354,2025-07-08,clearwater-sales,eks,uat,24.79
cost-2355,2025-07-08,clearwater-sales,eks,prod,77.00
cost-2356,2025-07-08,clearwater-sales,cloudwatch,dev,8.88
cost-2357,2025-07-08,clearwater-sales,cloudwatch,uat,20.00
cost-2358,2025-07-08,clearwater-sales,cloudwatch,prod,73.16
cost-2359,2025-07-08,clearwater-collateral,ec2,dev,15.52
cost-2360,2025-07-08,clearwater-collateral,ec2,uat,27.85
cost-2361,2025-07-08,clearwater-collateral,ec2,prod,97.99
cost-2362,2025-07-08,clearwater-collateral,rds,dev,34.71
cost-2363,2025-07-08,clearwater-collateral,rds,uat,69.51
cost-2364,2025-07-08,clearwater-collateral,rds,prod,208.47
cost-2365,2025-07-08,clearwater-collateral,s3,dev,27.31
cost-2366,2025-07-08,clearwater-collateral,s3,uat,48.05
cost-2367,2025-07-08,clearwater-collateral,s3,prod,194.42
cost-2368,2025-07-08,clearwater-collateral,lambda,dev,6.61
cost-2369,2025-07-08,clearwater-collateral,lambda,uat,13.90
cost-2370,2025-07-08,clearwater-collateral,lambda,prod,50.40
cost-2371,2025-07-08,clearwater-collateral,eks,dev,5.64
cost-2372,2025-07-08,clearwater-collateral,eks,uat,14.58
cost-2373,2025-07-08,clearwater-collateral,eks,prod,50.28
cost-2374,2025-07-08,clearwater-collateral,cloudwatch,dev,5.08
cost-2375,2025-07-08,clearwater-collateral,cloudwatch,uat,8.89
cost-2376,2025-07-08,clearwater-collateral,cloudwatch,prod,34.47
cost-2377,2025-07-09,clearwater-trade,ec2,dev,78.38
cost-2378,2025-07-09,clearwater-trade,ec2,uat,192.41
cost-2379,2025-07-09,clearwater-trade,ec2,prod,563.60
cost-2380,2025-07-09,clearwater-trade,rds,dev,58.97
cost-2381,2025-07-09,clearwater-trade,rds,uat,119.65
cost-2382,2025-07-09,clearwater-trade,rds,prod,420.82
cost-2383,2025-07-09,clearwater-trade,s3,dev,13.48
cost-2384,2025-07-09,clearwater-trade,s3,uat,29.41
cost-2385,2025-07-09,clearwater-trade,s3,prod,101.84
cost-2386,2025-07-09,clearwater-trade,lambda,dev,23.76
cost-2387,2025-07-09,clearwater-trade,lambda,uat,50.95
cost-2388,2025-07-09,clearwater-trade,lambda,prod,156.80
cost-2389,2025-07-09,clearwater-trade,eks,dev,51.06
cost-2390,2025-07-09,clearwater-trade,eks,uat,103.51
cost-2391,2025-07-09,clearwater-trade,eks,prod,387.49
cost-2392,2025-07-09,clearwater-trade,cloudwatch,dev,13.51
cost-2393,2025-07-09,clearwater-trade,cloudwatch,uat,22.13
cost-2394,2025-07-09,clearwater-trade,cloudwatch,prod,88.18
cost-2395,2025-07-09,clearwater-settlement,ec2,dev,76.48
cost-2396,2025-07-09,clearwater-settlement,ec2,uat,119.88
cost-2397,2025-07-09,clearwater-settlement,ec2,prod,503.87
cost-2398,2025-07-09,clearwater-settlement,rds,dev,63.05
cost-2399,2025-07-09,clearwater-settlement,rds,uat,143.79
cost-2400,2025-07-09,clearwater-settlement,rds,prod,446.94
cost-2401,2025-07-09,clearwater-settlement,s3,dev,16.10
cost-2402,2025-07-09,clearwater-settlement,s3,uat,34.15
cost-2403,2025-07-09,clearwater-settlement,s3,prod,114.24
cost-2404,2025-07-09,clearwater-settlement,lambda,dev,25.25
cost-2405,2025-07-09,clearwater-settlement,lambda,uat,59.58
cost-2406,2025-07-09,clearwater-settlement,lambda,prod,193.54
cost-2407,2025-07-09,clearwater-settlement,eks,dev,37.85
cost-2408,2025-07-09,clearwater-settlement,eks,uat,60.75
cost-2409,2025-07-09,clearwater-settlement,eks,prod,269.18
cost-2410,2025-07-09,clearwater-settlement,cloudwatch,dev,12.40
cost-2411,2025-07-09,clearwater-settlement,cloudwatch,uat,23.66
cost-2412,2025-07-09,clearwater-settlement,cloudwatch,prod,80.55
cost-2413,2025-07-09,clearwater-sales,ec2,dev,34.06
cost-2414,2025-07-09,clearwater-sales,ec2,uat,59.56
cost-2415,2025-07-09,clearwater-sales,ec2,prod,204.56
cost-2416,2025-07-09,clearwater-sales,rds,dev,15.56
cost-2417,2025-07-09,clearwater-sales,rds,uat,36.82
cost-2418,2025-07-09,clearwater-sales,rds,prod,121.88
cost-2419,2025-07-09,clearwater-sales,s3,dev,12.85
cost-2420,2025-07-09,clearwater-sales,s3,uat,28.65
cost-2421,2025-07-09,clearwater-sales,s3,prod,114.91
cost-2422,2025-07-09,clearwater-sales,lambda,dev,35.25
cost-2423,2025-07-09,clearwater-sales,lambda,uat,67.98
cost-2424,2025-07-09,clearwater-sales,lambda,prod,277.64
cost-2425,2025-07-09,clearwater-sales,eks,dev,11.71
cost-2426,2025-07-09,clearwater-sales,eks,uat,23.44
cost-2427,2025-07-09,clearwater-sales,eks,prod,76.15
cost-2428,2025-07-09,clearwater-sales,cloudwatch,dev,9.81
cost-2429,2025-07-09,clearwater-sales,cloudwatch,uat,19.44
cost-2430,2025-07-09,clearwater-sales,cloudwatch,prod,76.95
cost-2431,2025-07-09,clearwater-collateral,ec2,dev,15.59
cost-2432,2025-07-09,clearwater-collateral,ec2,uat,28.68
cost-2433,2025-07-09,clearwater-collateral,ec2,prod,100.86
cost-2434,2025-07-09,clearwater-collateral,rds,dev,34.88
cost-2435,2025-07-09,clearwater-collateral,rds,uat,69.56
cost-2436,2025-07-09,clearwater-collateral,rds,prod,229.08
cost-2437,2025-07-09,clearwater-collateral,s3,dev,29.28
cost-2438,2025-07-09,clearwater-collateral,s3,uat,55.83
cost-2439,2025-07-09,clearwater-collateral,s3,prod,186.31
cost-2440,2025-07-09,clearwater-collateral,lambda,dev,7.10
cost-2441,2025-07-09,clearwater-collateral,lambda,uat,15.69
cost-2442,2025-07-09,clearwater-collateral,lambda,prod,45.24
cost-2443,2025-07-09,clearwater-collateral,eks,dev,6.56
cost-2444,2025-07-09,clearwater-collateral,eks,uat,13.05
cost-2445,2025-07-09,clearwater-collateral,eks,prod,40.37
cost-2446,2025-07-09,clearwater-collateral,cloudwatch,dev,4.70
cost-2447,2025-07-09,clearwater-collateral,cloudwatch,uat,8.76
cost-2448,2025-07-09,clearwater-collateral,cloudwatch,prod,33.81
cost-2449,2025-07-10,clearwater-trade,ec2,dev,102.03
cost-2450,2025-07-10,clearwater-trade,ec2,uat,193.93
cost-2451,2025-07-10,clearwater-trade,ec2,prod,675.86
cost-2452,2025-07-10,clearwater-trade,rds,dev,64.96
cost-2453,2025-07-10,clearwater-trade,rds,uat,135.36
cost-2454,2025-07-10,clearwater-trade,rds,prod,385.96
cost-2455,2025-07-10,clearwater-trade,s3,dev,12.95
cost-2456,2025-07-10,clearwater-trade,s3,uat,25.36
cost-2457,2025-07-10,clearwater-trade,s3,prod,101.19
cost-2458,2025-07-10,clearwater-trade,lambda,dev,27.51
cost-2459,2025-07-10,clearwater-trade,lambda,uat,56.30
cost-2460,2025-07-10,clearwater-trade,lambda,prod,174.21
cost-2461,2025-07-10,clearwater-trade,eks,dev,56.49
cost-2462,2025-07-10,clearwater-trade,eks,uat,101.77
cost-2463,2025-07-10,clearwater-trade,eks,prod,334.83
cost-2464,2025-07-10,clearwater-trade,cloudwatch,dev,11.97
cost-2465,2025-07-10,clearwater-trade,cloudwatch,uat,29.48
cost-2466,2025-07-10,clearwater-trade,cloudwatch,prod,90.58
cost-2467,2025-07-10,clearwater-settlement,ec2,dev,77.02
cost-2468,2025-07-10,clearwater-settlement,ec2,uat,142.78
cost-2469,2025-07-10,clearwater-settlement,ec2,prod,484.37
cost-2470,2025-07-10,clearwater-settlement,rds,dev,59.12
cost-2471,2025-07-10,clearwater-settlement,rds,uat,126.79
cost-2472,2025-07-10,clearwater-settlement,rds,prod,521.41
cost-2473,2025-07-10,clearwater-settlement,s3,dev,16.46
cost-2474,2025-07-10,clearwater-settlement,s3,uat,35.65
cost-2475,2025-07-10,clearwater-settlement,s3,prod,142.09
cost-2476,2025-07-10,clearwater-settlement,lambda,dev,27.05
cost-2477,2025-07-10,clearwater-settlement,lambda,uat,49.83
cost-2478,2025-07-10,clearwater-settlement,lambda,prod,177.08
cost-2479,2025-07-10,clearwater-settlement,eks,dev,35.10
cost-2480,2025-07-10,clearwater-settlement,eks,uat,62.64
cost-2481,2025-07-10,clearwater-settlement,eks,prod,243.59
cost-2482,2025-07-10,clearwater-settlement,cloudwatch,dev,12.56
cost-2483,2025-07-10,clearwater-settlement,cloudwatch,uat,24.47
cost-2484,2025-07-10,clearwater-settlement,cloudwatch,prod,83.09
cost-2485,2025-07-10,clearwater-sales,ec2,dev,34.19
cost-2486,2025-07-10,clearwater-sales,ec2,uat,66.69
cost-2487,2025-07-10,clearwater-sales,ec2,prod,185.01
cost-2488,2025-07-10,clearwater-sales,rds,dev,17.40
cost-2489,2025-07-10,clearwater-sales,rds,uat,36.43
cost-2490,2025-07-10,clearwater-sales,rds,prod,144.31
cost-2491,2025-07-10,clearwater-sales,s3,dev,14.78
cost-2492,2025-07-10,clearwater-sales,s3,uat,32.79
cost-2493,2025-07-10,clearwater-sales,s3,prod,95.94
cost-2494,2025-07-10,clearwater-sales,lambda,dev,33.46
cost-2495,2025-07-10,clearwater-sales,lambda,uat,73.90
cost-2496,2025-07-10,clearwater-sales,lambda,prod,245.05
cost-2497,2025-07-10,clearwater-sales,eks,dev,13.96
cost-2498,2025-07-10,clearwater-sales,eks,uat,27.13
cost-2499,2025-07-10,clearwater-sales,eks,prod,79.74
cost-2500,2025-07-10,clearwater-sales,cloudwatch,dev,10.46
cost-2501,2025-07-10,clearwater-sales,cloudwatch,uat,21.03
cost-2502,2025-07-10,clearwater-sales,cloudwatch,prod,71.61
cost-2503,2025-07-10,clearwater-collateral,ec2,dev,13.20
cost-2504,2025-07-10,clearwater-collateral,ec2,uat,25.48
cost-2505,2025-07-10,clearwater-collateral,ec2,prod,81.21
cost-2506,2025-07-10,clearwater-collateral,rds,dev,29.17
cost-2507,2025-07-10,clearwater-collateral,rds,uat,64.09
cost-2508,2025-07-10,clearwater-collateral,rds,prod,206.39
cost-2509,2025-07-10,clearwater-collateral,s3,dev,26.23
cost-2510,2025-07-10,clearwater-collateral,s3,uat,49.05
cost-2511,2025-07-10,clearwater-collateral,s3,prod,216.87
cost-2512,2025-07-10,clearwater-collateral,lambda,dev,6.24
cost-2513,2025-07-10,clearwater-collateral,lambda,uat,13.05
cost-2514,2025-07-10,clearwater-collateral,lambda,prod,47.95
cost-2515,2025-07-10,clearwater-collateral,eks,dev,7.05
cost-2516,2025-07-10,clearwater-collateral,eks,uat,11.72
cost-2517,2025-07-10,clearwater-collateral,eks,prod,42.55
cost-2518,2025-07-10,clearwater-collateral,cloudwatch,dev,4.70
cost-2519,2025-07-10,clearwater-collateral,cloudwatch,uat,9.20
cost-2520,2025-07-10,clearwater-collateral,cloudwatch,prod,27.64
cost-2521,2025-07-11,clearwater-trade,ec2,dev,97.46
cost-2522,2025-07-11,clearwater-trade,ec2,uat,178.18
cost-2523,2025-07-11,clearwater-trade,ec2,prod,707.05
cost-2524,2025-07-11,clearwater-trade,rds,dev,68.14
cost-2525,2025-07-11,clearwater-trade,rds,uat,122.08
cost-2526,2025-07-11,clearwater-trade,rds,prod,494.59
cost-2527,2025-07-11,clearwater-trade,s3,dev,14.47
cost-2528,2025-07-11,clearwater-trade,s3,uat,24.72
cost-2529,2025-07-11,clearwater-trade,s3,prod,93.17
cost-2530,2025-07-11,clearwater-trade,lambda,dev,27.18
cost-2531,2025-07-11,clearwater-trade,lambda,uat,56.36
cost-2532,2025-07-11,clearwater-trade,lambda,prod,183.58
cost-2533,2025-07-11,clearwater-trade,eks,dev,54.72
cost-2534,2025-07-11,clearwater-trade,eks,uat,116.05
cost-2535,2025-07-11,clearwater-trade,eks,prod,322.38
cost-2536,2025-07-11,clearwater-trade,cloudwatch,dev,11.91
cost-2537,2025-07-11,clearwater-trade,cloudwatch,uat,25.62
cost-2538,2025-07-11,clearwater-trade,cloudwatch,prod,93.64
cost-2539,2025-07-11,clearwater-settlement,ec2,dev,76.59
cost-2540,2025-07-11,clearwater-settlement,ec2,uat,151.44
cost-2541,2025-07-11,clearwater-settlement,ec2,prod,534.17
cost-2542,2025-07-11,clearwater-settlement,rds,dev,64.13
cost-2543,2025-07-11,clearwater-settlement,rds,uat,141.15
cost-2544,2025-07-11,clearwater-settlement,rds,prod,492.86
cost-2545,2025-07-11,clearwater-settlement,s3,dev,18.07
cost-2546,2025-07-11,clearwater-settlement,s3,uat,31.31
cost-2547,2025-07-11,clearwater-settlement,s3,prod,140.81
cost-2548,2025-07-11,clearwater-settlement,lambda,dev,29.11
cost-2549,2025-07-11,clearwater-settlement,lambda,uat,57.28
cost-2550,2025-07-11,clearwater-settlement,lambda,prod,190.54
cost-2551,2025-07-11,clearwater-settlement,eks,dev,37.28
cost-2552,2025-07-11,clearwater-settlement,eks,uat,65.40
cost-2553,2025-07-11,clearwater-settlement,eks,prod,264.14
cost-2554,2025-07-11,clearwater-settlement,cloudwatch,dev,11.62
cost-2555,2025-07-11,clearwater-settlement,cloudwatch,uat,24.63
cost-2556,2025-07-11,clearwater-settlement,cloudwatch,prod,84.02
cost-2557,2025-07-11,clearwater-sales,ec2,dev,28.38
cost-2558,2025-07-11,clearwater-sales,ec2,uat,63.84
cost-2559,2025-07-11,clearwater-sales,ec2,prod,202.23
cost-2560,2025-07-11,clearwater-sales,rds,dev,15.72
cost-2561,2025-07-11,clearwater-sales,rds,uat,34.29
cost-2562,2025-07-11,clearwater-sales,rds,prod,141.90
cost-2563,2025-07-11,clearwater-sales,s3,dev,15.81
cost-2564,2025-07-11,clearwater-sales,s3,uat,28.69
cost-2565,2025-07-11,clearwater-sales,s3,prod,87.66
cost-2566,2025-07-11,clearwater-sales,lambda,dev,36.09
cost-2567,2025-07-11,clearwater-sales,lambda,uat,66.19
cost-2568,2025-07-11,clearwater-sales,lambda,prod,241.85
cost-2569,2025-07-11,clearwater-sales,eks,dev,11.83
cost-2570,2025-07-11,clearwater-sales,eks,uat,22.75
cost-2571,2025-07-11,clearwater-sales,eks,prod,94.02
cost-2572,2025-07-11,clearwater-sales,cloudwatch,dev,10.10
cost-2573,2025-07-11,clearwater-sales,cloudwatch,uat,19.20
cost-2574,2025-07-11,clearwater-sales,cloudwatch,prod,71.88
cost-2575,2025-07-11,clearwater-collateral,ec2,dev,12.97
cost-2576,2025-07-11,clearwater-collateral,ec2,uat,25.64
cost-2577,2025-07-11,clearwater-collateral,ec2,prod,97.56
cost-2578,2025-07-11,clearwater-collateral,rds,dev,34.82
cost-2579,2025-07-11,clearwater-collateral,rds,uat,71.71
cost-2580,2025-07-11,clearwater-collateral,rds,prod,231.84
cost-2581,2025-07-11,clearwater-collateral,s3,dev,31.14
cost-2582,2025-07-11,clearwater-collateral,s3,uat,52.31
cost-2583,2025-07-11,clearwater-collateral,s3,prod,207.41
cost-2584,2025-07-11,clearwater-collateral,lambda,dev,6.76
cost-2585,2025-07-11,clearwater-collateral,lambda,uat,15.92
cost-2586,2025-07-11,clearwater-collateral,lambda,prod,46.33
cost-2587,2025-07-11,clearwater-collateral,eks,dev,5.84
cost-2588,2025-07-11,clearwater-collateral,eks,uat,13.92
cost-2589,2025-07-11,clearwater-collateral,eks,prod,40.85
cost-2590,2025-07-11,clearwater-collateral,cloudwatch,dev,4.53
cost-2591,2025-07-11,clearwater-collateral,cloudwatch,uat,8.87
cost-2592,2025-07-11,clearwater-collateral,cloudwatch,prod,27.78
cost-2593,2025-07-12,clearwater-trade,ec2,dev,82.41
cost-2594,2025-07-12,clearwater-trade,ec2,uat,165.16
cost-2595,2025-07-12,clearwater-trade,ec2,prod,691.52
cost-2596,2025-07-12,clearwater-trade,rds,dev,68.61
cost-2597,2025-07-12,clearwater-trade,rds,uat,135.15
cost-2598,2025-07-12,clearwater-trade,rds,prod,427.84
cost-2599,2025-07-12,clearwater-trade,s3,dev,11.26
cost-2600,2025-07-12,clearwater-trade,s3,uat,28.84
cost-2601,2025-07-12,clearwater-trade,s3,prod,89.81
cost-2602,2025-07-12,clearwater-trade,lambda,dev,27.17
cost-2603,2025-07-12,clearwater-trade,lambda,uat,53.57
cost-2604,2025-07-12,clearwater-trade,lambda,prod,189.41
cost-2605,2025-07-12,clearwater-trade,eks,dev,43.88
cost-2606,2025-07-12,clearwater-trade,eks,uat,98.08
cost-2607,2025-07-12,clearwater-trade,eks,prod,377.14
cost-2608,2025-07-12,clearwater-trade,cloudwatch,dev,13.90
cost-2609,2025-07-12,clearwater-trade,cloudwatch,uat,23.53
cost-2610,2025-07-12,clearwater-trade,cloudwatch,prod,80.88
cost-2611,2025-07-12,clearwater-settlement,ec2,dev,76.33
cost-2612,2025-07-12,clearwater-settlement,ec2,uat,140.37
cost-2613,2025-07-12,clearwater-settlement,ec2,prod,542.18
cost-2614,2025-07-12,clearwater-settlement,rds,dev,70.69
cost-2615,2025-07-12,clearwater-settlement,rds,uat,142.77
cost-2616,2025-07-12,clearwater-settlement,rds,prod,438.02
cost-2617,2025-07-12,clearwater-settlement,s3,dev,16.69
cost-2618,2025-07-12,clearwater-settlement,s3,uat,39.41
cost-2619,2025-07-12,clearwater-settlement,s3,prod,132.70
cost-2620,2025-07-12,clearwater-settlement,lambda,dev,23.21
cost-2621,2025-07-12,clearwater-settlement,lambda,uat,60.67
cost-2622,2025-07-12,clearwater-settlement,lambda,prod,209.28
cost-2623,2025-07-12,clearwater-settlement,eks,dev,35.43
cost-2624,2025-07-12,clearwater-settlement,eks,uat,71.95
cost-2625,2025-07-12,clearwater-settlement,eks,prod,255.54
cost-2626,2025-07-12,clearwater-settlement,cloudwatch,dev,9.85
cost-2627,2025-07-12,clearwater-settlement,cloudwatch,uat,24.26
cost-2628,2025-07-12,clearwater-settlement,cloudwatch,prod,76.49
cost-2629,2025-07-12,clearwater-sales,ec2,dev,31.99
cost-2630,2025-07-12,clearwater-sales,ec2,uat,66.13
cost-2631,2025-07-12,clearwater-sales,ec2,prod,223.82
cost-2632,2025-07-12,clearwater-sales,rds,dev,16.71
cost-2633,2025-07-12,clearwater-sales,rds,uat,34.23
cost-2634,2025-07-12,clearwater-sales,rds,prod,135.96
cost-2635,2025-07-12,clearwater-sales,s3,dev,14.93
cost-2636,2025-07-12,clearwater-sales,s3,uat,29.71
cost-2637,2025-07-12,clearwater-sales,s3,prod,110.85
cost-2638,2025-07-12,clearwater-sales,lambda,dev,38.59
cost-2639,2025-07-12,clearwater-sales,lambda,uat,69.90
cost-2640,2025-07-12,clearwater-sales,lambda,prod,222.77
cost-2641,2025-07-12,clearwater-sales,eks,dev,12.23
cost-2642,2025-07-12,clearwater-sales,eks,uat,22.56
cost-2643,2025-07-12,clearwater-sales,eks,prod,75.95
cost-2644,2025-07-12,clearwater-sales,cloudwatch,dev,11.09
cost-2645,2025-07-12,clearwater-sales,cloudwatch,uat,21.70
cost-2646,2025-07-12,clearwater-sales,cloudwatch,prod,70.67
cost-2647,2025-07-12,clearwater-collateral,ec2,dev,11.85
cost-2648,2025-07-12,clearwater-collateral,ec2,uat,25.33
cost-2649,2025-07-12,clearwater-collateral,ec2,prod,106.00
cost-2650,2025-07-12,clearwater-collateral,rds,dev,33.98
cost-2651,2025-07-12,clearwater-collateral,rds,uat,59.35
cost-2652,2025-07-12,clearwater-collateral,rds,prod,240.65
cost-2653,2025-07-12,clearwater-collateral,s3,dev,28.81
cost-2654,2025-07-12,clearwater-collateral,s3,uat,58.13
cost-2655,2025-07-12,clearwater-collateral,s3,prod,181.29
cost-2656,2025-07-12,clearwater-collateral,lambda,dev,6.94
cost-2657,2025-07-12,clearwater-collateral,lambda,uat,14.55
cost-2658,2025-07-12,clearwater-collateral,lambda,prod,55.00
cost-2659,2025-07-12,clearwater-collateral,eks,dev,6.90
cost-2660,2025-07-12,clearwater-collateral,eks,uat,11.76
cost-2661,2025-07-12,clearwater-collateral,eks,prod,48.38
cost-2662,2025-07-12,clearwater-collateral,cloudwatch,dev,4.01
cost-2663,2025-07-12,clearwater-collateral,cloudwatch,uat,10.04
cost-2664,2025-07-12,clearwater-collateral,cloudwatch,prod,29.64
cost-2665,2025-07-13,clearwater-trade,ec2,dev,87.18
cost-2666,2025-07-13,clearwater-trade,ec2,uat,204.86
cost-2667,2025-07-13,clearwater-trade,ec2,prod,622.81
cost-2668,2025-07-13,clearwater-trade,rds,dev,64.81
cost-2669,2025-07-13,clearwater-trade,rds,uat,113.34
cost-2670,2025-07-13,clearwater-trade,rds,prod,395.54
cost-2671,2025-07-13,clearwater-trade,s3,dev,13.08
cost-2672,2025-07-13,clearwater-trade,s3,uat,25.98
cost-2673,2025-07-13,clearwater-trade,s3,prod,88.54
cost-2674,2025-07-13,clearwater-trade,lambda,dev,28.93
cost-2675,2025-07-13,clearwater-trade,lambda,uat,44.48
cost-2676,2025-07-13,clearwater-trade,lambda,prod,180.23
cost-2677,2025-07-13,clearwater-trade,eks,dev,56.98
cost-2678,2025-07-13,clearwater-trade,eks,uat,90.35
cost-2679,2025-07-13,clearwater-trade,eks,prod,410.38
cost-2680,2025-07-13,clearwater-trade,cloudwatch,dev,14.53
cost-2681,2025-07-13,clearwater-trade,cloudwatch,uat,29.38
cost-2682,2025-07-13,clearwater-trade,cloudwatch,prod,96.55
cost-2683,2025-07-13,clearwater-settlement,ec2,dev,64.79
cost-2684,2025-07-13,clearwater-settlement,ec2,uat,121.49
cost-2685,2025-07-13,clearwater-settlement,ec2,prod,454.05
cost-2686,2025-07-13,clearwater-settlement,rds,dev,69.54
cost-2687,2025-07-13,clearwater-settlement,rds,uat,155.18
cost-2688,2025-07-13,clearwater-settlement,rds,prod,531.67
cost-2689,2025-07-13,clearwater-settlement,s3,dev,18.39
cost-2690,2025-07-13,clearwater-settlement,s3,uat,34.62
cost-2691,2025-07-13,clearwater-settlement,s3,prod,111.44
cost-2692,2025-07-13,clearwater-settlement,lambda,dev,28.83
cost-2693,2025-07-13,clearwater-settlement,lambda,uat,46.56
cost-2694,2025-07-13,clearwater-settlement,lambda,prod,205.70
cost-2695,2025-07-13,clearwater-settlement,eks,dev,35.54
cost-2696,2025-07-13,clearwater-settlement,eks,uat,74.67
cost-2697,2025-07-13,clearwater-settlement,eks,prod,245.46
cost-2698,2025-07-13,clearwater-settlement,cloudwatch,dev,11.51
cost-2699,2025-07-13,clearwater-settlement,cloudwatch,uat,25.06
cost-2700,2025-07-13,clearwater-settlement,cloudwatch,prod,81.90
cost-2701,2025-07-13,clearwater-sales,ec2,dev,29.70
cost-2702,2025-07-13,clearwater-sales,ec2,uat,60.43
cost-2703,2025-07-13,clearwater-sales,ec2,prod,216.31
cost-2704,2025-07-13,clearwater-sales,rds,dev,15.60
cost-2705,2025-07-13,clearwater-sales,rds,uat,41.50
cost-2706,2025-07-13,clearwater-sales,rds,prod,132.27
cost-2707,2025-07-13,clearwater-sales,s3,dev,13.24
cost-2708,2025-07-13,clearwater-sales,s3,uat,25.09
cost-2709,2025-07-13,clearwater-sales,s3,prod,101.61
cost-2710,2025-07-13,clearwater-sales,lambda,dev,31.95
cost-2711,2025-07-13,clearwater-sales,lambda,uat,67.31
cost-2712,2025-07-13,clearwater-sales,lambda,prod,287.12
cost-2713,2025-07-13,clearwater-sales,eks,dev,12.06
cost-2714,2025-07-13,clearwater-sales,eks,uat,21.34
cost-2715,2025-07-13,clearwater-sales,eks,prod,90.37
cost-2716,2025-07-13,clearwater-sales,cloudwatch,dev,8.29
cost-2717,2025-07-13,clearwater-sales,cloudwatch,uat,17.82
cost-2718,2025-07-13,clearwater-sales,cloudwatch,prod,74.59
cost-2719,2025-07-13,clearwater-collateral,ec2,dev,13.15
cost-2720,2025-07-13,clearwater-collateral,ec2,uat,25.02
cost-2721,2025-07-13,clearwater-collateral,ec2,prod,99.75
cost-2722,2025-07-13,clearwater-collateral,rds,dev,33.04
cost-2723,2025-07-13,clearwater-collateral,rds,uat,62.01
cost-2724,2025-07-13,clearwater-collateral,rds,prod,244.00
cost-2725,2025-07-13,clearwater-collateral,s3,dev,27.67
cost-2726,2025-07-13,clearwater-collateral,s3,uat,62.70
cost-2727,2025-07-13,clearwater-collateral,s3,prod,173.50
cost-2728,2025-07-13,clearwater-collateral,lambda,dev,6.21
cost-2729,2025-07-13,clearwater-collateral,lambda,uat,13.54
cost-2730,2025-07-13,clearwater-collateral,lambda,prod,46.01
cost-2731,2025-07-13,clearwater-collateral,eks,dev,7.25
cost-2732,2025-07-13,clearwater-collateral,eks,uat,11.28
cost-2733,2025-07-13,clearwater-collateral,eks,prod,39.94
cost-2734,2025-07-13,clearwater-collateral,cloudwatch,dev,3.92
cost-2735,2025-07-13,clearwater-collateral,cloudwatch,uat,8.99
cost-2736,2025-07-13,clearwater-collateral,cloudwatch,prod,35.05
cost-2737,2025-07-14,clearwater-trade,ec2,dev,77.80
cost-2738,2025-07-14,clearwater-trade,ec2,uat,202.53
cost-2739,2025-07-14,clearwater-trade,ec2,prod,708.77
cost-2740,2025-07-14,clearwater-trade,rds,dev,63.13
cost-2741,2025-07-14,clearwater-trade,rds,uat,136.73
cost-2742,2025-07-14,clearwater-trade,rds,prod,474.94
cost-2743,2025-07-14,clearwater-trade,s3,dev,11.48
cost-2744,2025-07-14,clearwater-trade,s3,uat,23.66
cost-2745,2025-07-14,clearwater-trade,s3,prod,81.52
cost-2746,2025-07-14,clearwater-trade,lambda,dev,22.64
cost-2747,2025-07-14,clearwater-trade,lambda,uat,56.39
cost-2748,2025-07-14,clearwater-trade,lambda,prod,161.42
cost-2749,2025-07-14,clearwater-trade,eks,dev,52.24
cost-2750,2025-07-14,clearwater-trade,eks,uat,97.22
cost-2751,2025-07-14,clearwater-trade,eks,prod,369.81
cost-2752,2025-07-14,clearwater-trade,cloudwatch,dev,14.05
cost-2753,2025-07-14,clearwater-trade,cloudwatch,uat,24.90
cost-2754,2025-07-14,clearwater-trade,cloudwatch,prod,100.76
cost-2755,2025-07-14,clearwater-settlement,ec2,dev,58.50
cost-2756,2025-07-14,clearwater-settlement,ec2,uat,127.90
cost-2757,2025-07-14,clearwater-settlement,ec2,prod,410.80
cost-2758,2025-07-14,clearwater-settlement,rds,dev,68.92
cost-2759,2025-07-14,clearwater-settlement,rds,uat,146.38
cost-2760,2025-07-14,clearwater-settlement,rds,prod,468.57
cost-2761,2025-07-14,clearwater-settlement,s3,dev,16.73
cost-2762,2025-07-14,clearwater-settlement,s3,uat,35.94
cost-2763,2025-07-14,clearwater-settlement,s3,prod,114.85
cost-2764,2025-07-14,clearwater-settlement,lambda,dev,29.42
cost-2765,2025-07-14,clearwater-settlement,lambda,uat,58.24
cost-2766,2025-07-14,clearwater-settlement,lambda,prod,170.08
cost-2767,2025-07-14,clearwater-settlement,eks,dev,36.80
cost-2768,2025-07-14,clearwater-settlement,eks,uat,70.83
cost-2769,2025-07-14,clearwater-settlement,eks,prod,221.04
cost-2770,2025-07-14,clearwater-settlement,cloudwatch,dev,12.44
cost-2771,2025-07-14,clearwater-settlement,cloudwatch,uat,19.76
cost-2772,2025-07-14,clearwater-settlement,cloudwatch,prod,67.83
cost-2773,2025-07-14,clearwater-sales,ec2,dev,27.03
cost-2774,2025-07-14,clearwater-sales,ec2,uat,65.16
cost-2775,2025-07-14,clearwater-sales,ec2,prod,211.10
cost-2776,2025-07-14,clearwater-sales,rds,dev,16.02
cost-2777,2025-07-14,clearwater-sales,rds,uat,41.37
cost-2778,2025-07-14,clearwater-sales,rds,prod,116.90
cost-2779,2025-07-14,clearwater-sales,s3,dev,16.03
cost-2780,2025-07-14,clearwater-sales,s3,uat,27.37
cost-2781,2025-07-14,clearwater-sales,s3,prod,112.27
cost-2782,2025-07-14,clearwater-sales,lambda,dev,37.80
cost-2783,2025-07-14,clearwater-sales,lambda,uat,73.73
cost-2784,2025-07-14,clearwater-sales,lambda,prod,275.26
cost-2785,2025-07-14,clearwater-sales,eks,dev,13.25
cost-2786,2025-07-14,clearwater-sales,eks,uat,26.94
cost-2787,2025-07-14,clearwater-sales,eks,prod,74.56
cost-2788,2025-07-14,clearwater-sales,cloudwatch,dev,9.01
cost-2789,2025-07-14,clearwater-sales,cloudwatch,uat,22.02
cost-2790,2025-07-14,clearwater-sales,cloudwatch,prod,69.34
cost-2791,2025-07-14,clearwater-collateral,ec2,dev,13.13
cost-2792,2025-07-14,clearwater-collateral,ec2,uat,29.15
cost-2793,2025-07-14,clearwater-collateral,ec2,prod,85.24
cost-2794,2025-07-14,clearwater-collateral,rds,dev,30.37
cost-2795,2025-07-14,clearwater-collateral,rds,uat,57.57
cost-2796,2025-07-14,clearwater-collateral,rds,prod,200.32
cost-2797,2025-07-14,clearwater-collateral,s3,dev,23.60
cost-2798,2025-07-14,clearwater-collateral,s3,uat,57.76
cost-2799,2025-07-14,clearwater-collateral,s3,prod,211.48
cost-2800,2025-07-14,clearwater-collateral,lambda,dev,7.19
cost-2801,2025-07-14,clearwater-collateral,lambda,uat,14.66
cost-2802,2025-07-14,clearwater-collateral,lambda,prod,48.82
cost-2803,2025-07-14,clearwater-collateral,eks,dev,6.33
cost-2804,2025-07-14,clearwater-collateral,eks,uat,14.51
cost-2805,2025-07-14,clearwater-collateral,eks,prod,47.11
cost-2806,2025-07-14,clearwater-collateral,cloudwatch,dev,4.73
cost-2807,2025-07-14,clearwater-collateral,cloudwatch,uat,8.75
cost-2808,2025-07-14,clearwater-collateral,cloudwatch,prod,36.09
cost-2809,2025-07-15,clearwater-trade,ec2,dev,77.33
cost-2810,2025-07-15,clearwater-trade,ec2,uat,200.34
cost-2811,2025-07-15,clearwater-trade,ec2,prod,546.72
cost-2812,2025-07-15,clearwater-trade,rds,dev,62.76
cost-2813,2025-07-15,clearwater-trade,rds,uat,121.66
cost-2814,2025-07-15,clearwater-trade,rds,prod,448.89
cost-2815,2025-07-15,clearwater-trade,s3,dev,12.71
cost-2816,2025-07-15,clearwater-trade,s3,uat,22.72
cost-2817,2025-07-15,clearwater-trade,s3,prod,81.33
cost-2818,2025-07-15,clearwater-trade,lambda,dev,23.83
cost-2819,2025-07-15,clearwater-trade,lambda,uat,48.77
cost-2820,2025-07-15,clearwater-trade,lambda,prod,166.94
cost-2821,2025-07-15,clearwater-trade,eks,dev,51.60
cost-2822,2025-07-15,clearwater-trade,eks,uat,102.35
cost-2823,2025-07-15,clearwater-trade,eks,prod,376.08
cost-2824,2025-07-15,clearwater-trade,cloudwatch,dev,11.02
cost-2825,2025-07-15,clearwater-trade,cloudwatch,uat,25.43
cost-2826,2025-07-15,clearwater-trade,cloudwatch,prod,96.14
cost-2827,2025-07-15,clearwater-settlement,ec2,dev,62.76
cost-2828,2025-07-15,clearwater-settlement,ec2,uat,148.87
cost-2829,2025-07-15,clearwater-settlement,ec2,prod,542.91
cost-2830,2025-07-15,clearwater-settlement,rds,dev,69.43
cost-2831,2025-07-15,clearwater-settlement,rds,uat,135.47
cost-2832,2025-07-15,clearwater-settlement,rds,prod,447.92
cost-2833,2025-07-15,clearwater-settlement,s3,dev,20.21
cost-2834,2025-07-15,clearwater-settlement,s3,uat,33.79
cost-2835,2025-07-15,clearwater-settlement,s3,prod,143.45
cost-2836,2025-07-15,clearwater-settlement,lambda,dev,24.87
cost-2837,2025-07-15,clearwater-settlement,lambda,uat,56.89
cost-2838,2025-07-15,clearwater-settlement,lambda,prod,214.17
cost-2839,2025-07-15,clearwater-settlement,eks,dev,29.18
cost-2840,2025-07-15,clearwater-settlement,eks,uat,66.89
cost-2841,2025-07-15,clearwater-settlement,eks,prod,223.23
cost-2842,2025-07-15,clearwater-settlement,cloudwatch,dev,12.53
cost-2843,2025-07-15,clearwater-settlement,cloudwatch,uat,25.76
cost-2844,2025-07-15,clearwater-settlement,cloudwatch,prod,70.48
cost-2845,2025-07-15,clearwater-sales,ec2,dev,29.82
cost-2846,2025-07-15,clearwater-sales,ec2,uat,52.42
cost-2847,2025-07-15,clearwater-sales,ec2,prod,227.56
cost-2848,2025-07-15,clearwater-sales,rds,dev,17.64
cost-2849,2025-07-15,clearwater-sales,rds,uat,39.77
cost-2850,2025-07-15,clearwater-sales,rds,prod,122.77
cost-2851,2025-07-15,clearwater-sales,s3,dev,13.63
cost-2852,2025-07-15,clearwater-sales,s3,uat,26.81
cost-2853,2025-07-15,clearwater-sales,s3,prod,116.70
cost-2854,2025-07-15,clearwater-sales,lambda,dev,37.33
cost-2855,2025-07-15,clearwater-sales,lambda,uat,71.37
cost-2856,2025-07-15,clearwater-sales,lambda,prod,254.51
cost-2857,2025-07-15,clearwater-sales,eks,dev,13.80
cost-2858,2025-07-15,clearwater-sales,eks,uat,23.22
cost-2859,2025-07-15,clearwater-sales,eks,prod,97.78
cost-2860,2025-07-15,clearwater-sales,cloudwatch,dev,9.29
cost-2861,2025-07-15,clearwater-sales,cloudwatch,uat,17.75
cost-2862,2025-07-15,clearwater-sales,cloudwatch,prod,59.89
cost-2863,2025-07-15,clearwater-collateral,ec2,dev,13.58
cost-2864,2025-07-15,clearwater-collateral,ec2,uat,26.50
cost-2865,2025-07-15,clearwater-collateral,ec2,prod,94.76
cost-2866,2025-07-15,clearwater-collateral,rds,dev,36.58
cost-2867,2025-07-15,clearwater-collateral,rds,uat,65.67
cost-2868,2025-07-15,clearwater-collateral,rds,prod,202.63
cost-2869,2025-07-15,clearwater-collateral,s3,dev,23.56
cost-2870,2025-07-15,clearwater-collateral,s3,uat,48.05
cost-2871,2025-07-15,clearwater-collateral,s3,prod,189.74
cost-2872,2025-07-15,clearwater-collateral,lambda,dev,6.93
cost-2873,2025-07-15,clearwater-collateral,lambda,uat,13.78
cost-2874,2025-07-15,clearwater-collateral,lambda,prod,53.55
cost-2875,2025-07-15,clearwater-collateral,eks,dev,6.25
cost-2876,2025-07-15,clearwater-collateral,eks,uat,13.11
cost-2877,2025-07-15,clearwater-collateral,eks,prod,43.85
cost-2878,2025-07-15,clearwater-collateral,cloudwatch,dev,4.98
cost-2879,2025-07-15,clearwater-collateral,cloudwatch,uat,8.61
cost-2880,2025-07-15,clearwater-collateral,cloudwatch,prod,35.34
cost-2881,2025-07-16,clearwater-trade,ec2,dev,98.98
cost-2882,2025-07-16,clearwater-trade,ec2,uat,154.06
cost-2883,2025-07-16,clearwater-trade,ec2,prod,658.48
cost-2884,2025-07-16,clearwater-trade,rds,dev,56.18
cost-2885,2025-07-16,clearwater-trade,rds,uat,137.96
cost-2886,2025-07-16,clearwater-trade,rds,prod,506.45
cost-2887,2025-07-16,clearwater-trade,s3,dev,13.52
cost-2888,2025-07-16,clearwater-trade,s3,uat,22.18
cost-2889,2025-07-16,clearwater-trade,s3,prod,78.93
cost-2890,2025-07-16,clearwater-trade,lambda,dev,22.94
cost-2891,2025-07-16,clearwater-trade,lambda,uat,51.55
cost-2892,2025-07-16,clearwater-trade,lambda,prod,167.42
cost-2893,2025-07-16,clearwater-trade,eks,dev,44.05
cost-2894,2025-07-16,clearwater-trade,eks,uat,110.64
cost-2895,2025-07-16,clearwater-trade,eks,prod,360.50
cost-2896,2025-07-16,clearwater-trade,cloudwatch,dev,11.88
cost-2897,2025-07-16,clearwater-trade,cloudwatch,uat,28.58
cost-2898,2025-07-16,clearwater-trade,cloudwatch,prod,93.86
cost-2899,2025-07-16,clearwater-settlement,ec2,dev,75.04
cost-2900,2025-07-16,clearwater-settlement,ec2,uat,117.89
cost-2901,2025-07-16,clearwater-settlement,ec2,prod,418.14
cost-2902,2025-07-16,clearwater-settlement,rds,dev,71.61
cost-2903,2025-07-16,clearwater-settlement,rds,uat,141.05
cost-2904,2025-07-16,clearwater-settlement,rds,prod,471.06
cost-2905,2025-07-16,clearwater-settlement,s3,dev,19.33
cost-2906,2025-07-16,clearwater-settlement,s3,uat,36.62
cost-2907,2025-07-16,clearwater-settlement,s3,prod,107.39
cost-2908,2025-07-16,clearwater-settlement,lambda,dev,27.82
cost-2909,2025-07-16,clearwater-settlement,lambda,uat,56.95
cost-2910,2025-07-16,clearwater-settlement,lambda,prod,186.30
cost-2911,2025-07-16,clearwater-settlement,eks,dev,36.87
cost-2912,2025-07-16,clearwater-settlement,eks,uat,68.78
cost-2913,2025-07-16,clearwater-settlement,eks,prod,253.65
cost-2914,2025-07-16,clearwater-settlement,cloudwatch,dev,12.78
cost-2915,2025-07-16,clearwater-settlement,cloudwatch,uat,20.62
cost-2916,2025-07-16,clearwater-settlement,cloudwatch,prod,79.43
cost-2917,2025-07-16,clearwater-sales,ec2,dev,27.68
cost-2918,2025-07-16,clearwater-sales,ec2,uat,61.19
cost-2919,2025-07-16,clearwater-sales,ec2,prod,184.45
cost-2920,2025-07-16,clearwater-sales,rds,dev,18.32
cost-2921,2025-07-16,clearwater-sales,rds,uat,34.65
cost-2922,2025-07-16,clearwater-sales,rds,prod,126.77
cost-2923,2025-07-16,clearwater-sales,s3,dev,14.95
cost-2924,2025-07-16,clearwater-sales,s3,uat,32.78
cost-2925,2025-07-16,clearwater-sales,s3,prod,110.56
cost-2926,2025-07-16,clearwater-sales,lambda,dev,39.10
cost-2927,2025-07-16,clearwater-sales,lambda,uat,67.66
cost-2928,2025-07-16,clearwater-sales,lambda,prod,281.59
cost-2929,2025-07-16,clearwater-sales,eks,dev,10.49
cost-2930,2025-07-16,clearwater-sales,eks,uat,24.03
cost-2931,2025-07-16,clearwater-sales,eks,prod,73.31
cost-2932,2025-07-16,clearwater-sales,cloudwatch,dev,10.95
cost-2933,2025-07-16,clearwater-sales,cloudwatch,uat,17.78
cost-2934,2025-07-16,clearwater-sales,cloudwatch,prod,60.41
cost-2935,2025-07-16,clearwater-collateral,ec2,dev,13.90
cost-2936,2025-07-16,clearwater-collateral,ec2,uat,28.30
cost-2937,2025-07-16,clearwater-collateral,ec2,prod,106.20
cost-2938,2025-07-16,clearwater-collateral,rds,dev,30.97
cost-2939,2025-07-16,clearwater-collateral,rds,uat,58.76
cost-2940,2025-07-16,clearwater-collateral,rds,prod,202.86
cost-2941,2025-07-16,clearwater-collateral,s3,dev,27.12
cost-2942,2025-07-16,clearwater-collateral,s3,uat,56.12
cost-2943,2025-07-16,clearwater-collateral,s3,prod,182.10
cost-2944,2025-07-16,clearwater-collateral,lambda,dev,7.45
cost-2945,2025-07-16,clearwater-collateral,lambda,uat,12.75
cost-2946,2025-07-16,clearwater-collateral,lambda,prod,43.32
cost-2947,2025-07-16,clearwater-collateral,eks,dev,6.73
cost-2948,2025-07-16,clearwater-collateral,eks,uat,11.40
cost-2949,2025-07-16,clearwater-collateral,eks,prod,48.04
cost-2950,2025-07-16,clearwater-collateral,cloudwatch,dev,4.40
cost-2951,2025-07-16,clearwater-collateral,cloudwatch,uat,9.00
cost-2952,2025-07-16,clearwater-collateral,cloudwatch,prod,27.91
cost-2953,2025-07-17,clearwater-trade,ec2,dev,77.50
cost-2954,2025-07-17,clearwater-trade,ec2,uat,162.14
cost-2955,2025-07-17,clearwater-trade,ec2,prod,649.97
cost-2956,2025-07-17,clearwater-trade,rds,dev,64.91
cost-2957,2025-07-17,clearwater-trade,rds,uat,134.62
cost-2958,2025-07-17,clearwater-trade,rds,prod,453.80
cost-2959,2025-07-17,clearwater-trade,s3,dev,10.97
cost-2960,2025-07-17,clearwater-trade,s3,uat,26.81
cost-2961,2025-07-17,clearwater-trade,s3,prod,82.21
cost-2962,2025-07-17,clearwater-trade,lambda,dev,24.16
cost-2963,2025-07-17,clearwater-trade,lambda,uat,55.14
cost-2964,2025-07-17,clearwater-trade,lambda,prod,161.96
cost-2965,2025-07-17,clearwater-trade,eks,dev,55.95
cost-2966,2025-07-17,clearwater-trade,eks,uat,91.55
cost-2967,2025-07-17,clearwater-trade,eks,prod,399.87
cost-2968,2025-07-17,clearwater-trade,cloudwatch,dev,14.50
cost-2969,2025-07-17,clearwater-trade,cloudwatch,uat,27.18
cost-2970,2025-07-17,clearwater-trade,cloudwatch,prod,84.41
cost-2971,2025-07-17,clearwater-settlement,ec2,dev,57.92
cost-2972,2025-07-17,clearwater-settlement,ec2,uat,125.57
cost-2973,2025-07-17,clearwater-settlement,ec2,prod,540.65
cost-2974,2025-07-17,clearwater-settlement,rds,dev,69.25
cost-2975,2025-07-17,clearwater-settlement,rds,uat,123.43
cost-2976,2025-07-17,clearwater-settlement,rds,prod,412.12
cost-2977,2025-07-17,clearwater-settlement,s3,dev,16.28
cost-2978,2025-07-17,clearwater-settlement,s3,uat,36.74
cost-2979,2025-07-17,clearwater-settlement,s3,prod,136.95
cost-2980,2025-07-17,clearwater-settlement,lambda,dev,24.08
cost-2981,2025-07-17,clearwater-settlement,lambda,uat,61.12
cost-2982,2025-07-17,clearwater-settlement,lambda,prod,209.51
cost-2983,2025-07-17,clearwater-settlement,eks,dev,32.27
cost-2984,2025-07-17,clearwater-settlement,eks,uat,62.56
cost-2985,2025-07-17,clearwater-settlement,eks,prod,223.58
cost-2986,2025-07-17,clearwater-settlement,cloudwatch,dev,10.64
cost-2987,2025-07-17,clearwater-settlement,cloudwatch,uat,19.64
cost-2988,2025-07-17,clearwater-settlement,cloudwatch,prod,72.59
cost-2989,2025-07-17,clearwater-sales,ec2,dev,33.39
cost-2990,2025-07-17,clearwater-sales,ec2,uat,68.52
cost-2991,2025-07-17,clearwater-sales,ec2,prod,241.32
cost-2992,2025-07-17,clearwater-sales,rds,dev,18.06
cost-2993,2025-07-17,clearwater-sales,rds,uat,31.31
cost-2994,2025-07-17,clearwater-sales,rds,prod,120.84
cost-2995,2025-07-17,clearwater-sales,s3,dev,15.55
cost-2996,2025-07-17,clearwater-sales,s3,uat,27.07
cost-2997,2025-07-17,clearwater-sales,s3,prod,96.32
cost-2998,2025-07-17,clearwater-sales,lambda,dev,37.89
cost-2999,2025-07-17,clearwater-sales,lambda,uat,79.03
cost-3000,2025-07-17,clearwater-sales,lambda,prod,256.46
cost-3001,2025-07-17,clearwater-sales,eks,dev,13.92
cost-3002,2025-07-17,clearwater-sales,eks,uat,24.59
cost-3003,2025-07-17,clearwater-sales,eks,prod,91.37
cost-3004,2025-07-17,clearwater-sales,cloudwatch,dev,8.40
cost-3005,2025-07-17,clearwater-sales,cloudwatch,uat,19.23
cost-3006,2025-07-17,clearwater-sales,cloudwatch,prod,74.96
cost-3007,2025-07-17,clearwater-collateral,ec2,dev,14.33
cost-3008,2025-07-17,clearwater-collateral,ec2,uat,30.75
cost-3009,2025-07-17,clearwater-collateral,ec2,prod,94.89
cost-3010,2025-07-17,clearwater-collateral,rds,dev,33.08
cost-3011,2025-07-17,clearwater-collateral,rds,uat,60.65
cost-3012,2025-07-17,clearwater-collateral,rds,prod,213.23
cost-3013,2025-07-17,clearwater-collateral,s3,dev,30.37
cost-3014,2025-07-17,clearwater-collateral,s3,uat,61.81
cost-3015,2025-07-17,clearwater-collateral,s3,prod,209.48
cost-3016,2025-07-17,clearwater-collateral,lambda,dev,7.22
cost-3017,2025-07-17,clearwater-collateral,lambda,uat,16.44
cost-3018,2025-07-17,clearwater-collateral,lambda,prod,51.45
cost-3019,2025-07-17,clearwater-collateral,eks,dev,6.46
cost-3020,2025-07-17,clearwater-collateral,eks,uat,14.25
cost-3021,2025-07-17,clearwater-collateral,eks,prod,47.49
cost-3022,2025-07-17,clearwater-collateral,cloudwatch,dev,4.20
cost-3023,2025-07-17,clearwater-collateral,cloudwatch,uat,9.44
cost-3024,2025-07-17,clearwater-collateral,cloudwatch,prod,27.93
cost-3025,2025-07-18,clearwater-trade,ec2,dev,83.21
cost-3026,2025-07-18,clearwater-trade,ec2,uat,178.23
cost-3027,2025-07-18,clearwater-trade,ec2,prod,558.40
cost-3028,2025-07-18,clearwater-trade,rds,dev,54.97
cost-3029,2025-07-18,clearwater-trade,rds,uat,119.42
cost-3030,2025-07-18,clearwater-trade,rds,prod,431.99
cost-3031,2025-07-18,clearwater-trade,s3,dev,11.94
cost-3032,2025-07-18,clearwater-trade,s3,uat,26.43
cost-3033,2025-07-18,clearwater-trade,s3,prod,77.10
cost-3034,2025-07-18,clearwater-trade,lambda,dev,22.01
cost-3035,2025-07-18,clearwater-trade,lambda,uat,44.96
cost-3036,2025-07-18,clearwater-trade,lambda,prod,163.29
cost-3037,2025-07-18,clearwater-trade,eks,dev,51.23
cost-3038,2025-07-18,clearwater-trade,eks,uat,107.66
cost-3039,2025-07-18,clearwater-trade,eks,prod,360.62
cost-3040,2025-07-18,clearwater-trade,cloudwatch,dev,13.54
cost-3041,2025-07-18,clearwater-trade,cloudwatch,uat,26.58
cost-3042,2025-07-18,clearwater-trade,cloudwatch,prod,95.24
cost-3043,2025-07-18,clearwater-settlement,ec2,dev,60.85
cost-3044,2025-07-18,clearwater-settlement,ec2,uat,128.69
cost-3045,2025-07-18,clearwater-settlement,ec2,prod,408.09
cost-3046,2025-07-18,clearwater-settlement,rds,dev,60.46
cost-3047,2025-07-18,clearwater-settlement,rds,uat,142.77
cost-3048,2025-07-18,clearwater-settlement,rds,prod,497.90
cost-3049,2025-07-18,clearwater-settlement,s3,dev,16.17
cost-3050,2025-07-18,clearwater-settlement,s3,uat,32.75
cost-3051,2025-07-18,clearwater-settlement,s3,prod,129.78
cost-3052,2025-07-18,clearwater-settlement,lambda,dev,26.28
cost-3053,2025-07-18,clearwater-settlement,lambda,uat,46.45
cost-3054,2025-07-18,clearwater-settlement,lambda,prod,181.99
cost-3055,2025-07-18,clearwater-settlement,eks,dev,30.06
cost-3056,2025-07-18,clearwater-settlement,eks,uat,64.09
cost-3057,2025-07-18,clearwater-settlement,eks,prod,247.73
cost-3058,2025-07-18,clearwater-settlement,cloudwatch,dev,10.97
cost-3059,2025-07-18,clearwater-settlement,cloudwatch,uat,20.81
cost-3060,2025-07-18,clearwater-settlement,cloudwatch,prod,81.91
cost-3061,2025-07-18,clearwater-sales,ec2,dev,34.77
cost-3062,2025-07-18,clearwater-sales,ec2,uat,56.92
cost-3063,2025-07-18,clearwater-sales,ec2,prod,181.62
cost-3064,2025-07-18,clearwater-sales,rds,dev,17.19
cost-3065,2025-07-18,clearwater-sales,rds,uat,37.62
cost-3066,2025-07-18,clearwater-sales,rds,prod,139.22
cost-3067,2025-07-18,clearwater-sales,s3,dev,12.61
cost-3068,2025-07-18,clearwater-sales,s3,uat,25.68
cost-3069,2025-07-18,clearwater-sales,s3,prod,104.24
cost-3070,2025-07-18,clearwater-sales,lambda,dev,40.92
cost-3071,2025-07-18,clearwater-sales,lambda,uat,72.37
cost-3072,2025-07-18,clearwater-sales,lambda,prod,239.30
cost-3073,2025-07-18,clearwater-sales,eks,dev,11.31
cost-3074,2025-07-18,clearwater-sales,eks,uat,21.60
cost-3075,2025-07-18,clearwater-sales,eks,prod,84.62
cost-3076,2025-07-18,clearwater-sales,cloudwatch,dev,10.19
cost-3077,2025-07-18,clearwater-sales,cloudwatch,uat,18.30
cost-3078,2025-07-18,clearwater-sales,cloudwatch,prod,59.06
cost-3079,2025-07-18,clearwater-collateral,ec2,dev,12.02
cost-3080,2025-07-18,clearwater-collateral,ec2,uat,23.56
cost-3081,2025-07-18,clearwater-collateral,ec2,prod,90.94
cost-3082,2025-07-18,clearwater-collateral,rds,dev,29.75
cost-3083,2025-07-18,clearwater-collateral,rds,uat,70.76
cost-3084,2025-07-18,clearwater-collateral,rds,prod,189.70
cost-3085,2025-07-18,clearwater-collateral,s3,dev,26.73
cost-3086,2025-07-18,clearwater-collateral,s3,uat,55.70
cost-3087,2025-07-18,clearwater-collateral,s3,prod,203.14
cost-3088,2025-07-18,clearwater-collateral,lambda,dev,8.35
cost-3089,2025-07-18,clearwater-collateral,lambda,uat,12.40
cost-3090,2025-07-18,clearwater-collateral,lambda,prod,50.74
cost-3091,2025-07-18,clearwater-collateral,eks,dev,6.77
cost-3092,2025-07-18,clearwater-collateral,eks,uat,13.67
cost-3093,2025-07-18,clearwater-collateral,eks,prod,46.41
cost-3094,2025-07-18,clearwater-collateral,cloudwatch,dev,4.87
cost-3095,2025-07-18,clearwater-collateral,cloudwatch,uat,8.39
cost-3096,2025-07-18,clearwater-collateral,cloudwatch,prod,31.91
cost-3097,2025-07-19,clearwater-trade,ec2,dev,88.11
cost-3098,2025-07-19,clearwater-trade,ec2,uat,198.13
cost-3099,2025-07-19,clearwater-trade,ec2,prod,655.42
cost-3100,2025-07-19,clearwater-trade,rds,dev,57.13
cost-3101,2025-07-19,clearwater-trade,rds,uat,129.74
cost-3102,2025-07-19,clearwater-trade,rds,prod,447.49
cost-3103,2025-07-19,clearwater-trade,s3,dev,12.91
cost-3104,2025-07-19,clearwater-trade,s3,uat,28.09
cost-3105,2025-07-19,clearwater-trade,s3,prod,81.83
cost-3106,2025-07-19,clearwater-trade,lambda,dev,22.59
cost-3107,2025-07-19,clearwater-trade,lambda,uat,51.84
cost-3108,2025-07-19,clearwater-trade,lambda,prod,205.15
cost-3109,2025-07-19,clearwater-trade,eks,dev,44.92
cost-3110,2025-07-19,clearwater-trade,eks,uat,118.20
cost-3111,2025-07-19,clearwater-trade,eks,prod,355.59
cost-3112,2025-07-19,clearwater-trade,cloudwatch,dev,12.26
cost-3113,2025-07-19,clearwater-trade,cloudwatch,uat,28.42
cost-3114,2025-07-19,clearwater-trade,cloudwatch,prod,92.14
cost-3115,2025-07-19,clearwater-settlement,ec2,dev,61.72
cost-3116,2025-07-19,clearwater-settlement,ec2,uat,135.40
cost-3117,2025-07-19,clearwater-settlement,ec2,prod,541.43
cost-3118,2025-07-19,clearwater-settlement,rds,dev,72.36
cost-3119,2025-07-19,clearwater-settlement,rds,uat,145.60
cost-3120,2025-07-19,clearwater-settlement,rds,prod,473.75
cost-3121,2025-07-19,clearwater-settlement,s3,dev,16.52
cost-3122,2025-07-19,clearwater-settlement,s3,uat,38.80
cost-3123,2025-07-19,clearwater-settlement,s3,prod,134.24
cost-3124,2025-07-19,clearwater-settlement,lambda,dev,26.10
cost-3125,2025-07-19,clearwater-settlement,lambda,uat,56.01
cost-3126,2025-07-19,clearwater-settlement,lambda,prod,188.98
cost-3127,2025-07-19,clearwater-settlement,eks,dev,36.26
cost-3128,2025-07-19,clearwater-settlement,eks,uat,57.63
cost-3129,2025-07-19,clearwater-settlement,eks,prod,229.47
cost-3130,2025-07-19,clearwater-settlement,cloudwatch,dev,11.00
cost-3131,2025-07-19,clearwater-settlement,cloudwatch,uat,23.85
cost-3132,2025-07-19,clearwater-settlement,cloudwatch,prod,69.47
cost-3133,2025-07-19,clearwater-sales,ec2,dev,29.42
cost-3134,2025-07-19,clearwater-sales,ec2,uat,60.68
cost-3135,2025-07-19,clearwater-sales,ec2,prod,187.24
cost-3136,2025-07-19,clearwater-sales,rds,dev,17.17
cost-3137,2025-07-19,clearwater-sales,rds,uat,39.99
cost-3138,2025-07-19,clearwater-sales,rds,prod,112.00
cost-3139,2025-07-19,clearwater-sales,s3,dev,14.66
cost-3140,2025-07-19,clearwater-sales,s3,uat,29.22
cost-3141,2025-07-19,clearwater-sales,s3,prod,97.37
cost-3142,2025-07-19,clearwater-sales,lambda,dev,32.34
cost-3143,2025-07-19,clearwater-sales,lambda,uat,63.23
cost-3144,2025-07-19,clearwater-sales,lambda,prod,227.81
cost-3145,2025-07-19,clearwater-sales,eks,dev,12.16
cost-3146,2025-07-19,clearwater-sales,eks,uat,21.45
cost-3147,2025-07-19,clearwater-sales,eks,prod,85.51
cost-3148,2025-07-19,clearwater-sales,cloudwatch,dev,9.60
cost-3149,2025-07-19,clearwater-sales,cloudwatch,uat,17.94
cost-3150,2025-07-19,clearwater-sales,cloudwatch,prod,64.91
cost-3151,2025-07-19,clearwater-collateral,ec2,dev,14.56
cost-3152,2025-07-19,clearwater-collateral,ec2,uat,29.48
cost-3153,2025-07-19,clearwater-collateral,ec2,prod,90.65
cost-3154,2025-07-19,clearwater-collateral,rds,dev,32.39
cost-3155,2025-07-19,clearwater-collateral,rds,uat,72.52
cost-3156,2025-07-19,clearwater-collateral,rds,prod,216.36
cost-3157,2025-07-19,clearwater-collateral,s3,dev,26.14
cost-3158,2025-07-19,clearwater-collateral,s3,uat,52.97
cost-3159,2025-07-19,clearwater-collateral,s3,prod,169.93
cost-3160,2025-07-19,clearwater-collateral,lambda,dev,6.61
cost-3161,2025-07-19,clearwater-collateral,lambda,uat,14.00
cost-3162,2025-07-19,clearwater-collateral,lambda,prod,53.49
cost-3163,2025-07-19,clearwater-collateral,eks,dev,6.99
cost-3164,2025-07-19,clearwater-collateral,eks,uat,11.47
cost-3165,2025-07-19,clearwater-collateral,eks,prod,50.15
cost-3166,2025-07-19,clearwater-collateral,cloudwatch,dev,4.06
cost-3167,2025-07-19,clearwater-collateral,cloudwatch,uat,9.61
cost-3168,2025-07-19,clearwater-collateral,cloudwatch,prod,29.18
cost-3169,2025-07-20,clearwater-trade,ec2,dev,94.75
cost-3170,2025-07-20,clearwater-trade,ec2,uat,204.46
cost-3171,2025-07-20,clearwater-trade,ec2,prod,638.66
cost-3172,2025-07-20,clearwater-trade,rds,dev,70.72
cost-3173,2025-07-20,clearwater-trade,rds,uat,146.08
cost-3174,2025-07-20,clearwater-trade,rds,prod,465.88
cost-3175,2025-07-20,clearwater-trade,s3,dev,13.18
cost-3176,2025-07-20,clearwater-trade,s3,uat,27.60
cost-3177,2025-07-20,clearwater-trade,s3,prod,90.47
cost-3178,2025-07-20,clearwater-trade,lambda,dev,22.07
cost-3179,2025-07-20,clearwater-trade,lambda,uat,57.90
cost-3180,2025-07-20,clearwater-trade,lambda,prod,180.02
cost-3181,2025-07-20,clearwater-trade,eks,dev,43.78
cost-3182,2025-07-20,clearwater-trade,eks,uat,97.97
cost-3183,2025-07-20,clearwater-trade,eks,prod,359.81
cost-3184,2025-07-20,clearwater-trade,cloudwatch,dev,14.79
cost-3185,2025-07-20,clearwater-trade,cloudwatch,uat,26.76
cost-3186,2025-07-20,clearwater-trade,cloudwatch,prod,76.85
cost-3187,2025-07-20,clearwater-settlement,ec2,dev,68.98
cost-3188,2025-07-20,clearwater-settlement,ec2,uat,153.39
cost-3189,2025-07-20,clearwater-settlement,ec2,prod,425.65
cost-3190,2025-07-20,clearwater-settlement,rds,dev,71.12
cost-3191,2025-07-20,clearwater-settlement,rds,uat,128.15
cost-3192,2025-07-20,clearwater-settlement,rds,prod,533.30
cost-3193,2025-07-20,clearwater-settlement,s3,dev,18.91
cost-3194,2025-07-20,clearwater-settlement,s3,uat,39.71
cost-3195,2025-07-20,clearwater-settlement,s3,prod,128.54
cost-3196,2025-07-20,clearwater-settlement,lambda,dev,23.64
cost-3197,2025-07-20,clearwater-settlement,lambda,uat,56.84
cost-3198,2025-07-20,clearwater-settlement,lambda,prod,205.40
cost-3199,2025-07-20,clearwater-settlement,eks,dev,31.70
cost-3200,2025-07-20,clearwater-settlement,eks,uat,66.66
cost-3201,2025-07-20,clearwater-settlement,eks,prod,264.80
cost-3202,2025-07-20,clearwater-settlement,cloudwatch,dev,10.22
cost-3203,2025-07-20,clearwater-settlement,cloudwatch,uat,24.37
cost-3204,2025-07-20,clearwater-settlement,cloudwatch,prod,81.41
cost-3205,2025-07-20,clearwater-sales,ec2,dev,33.41
cost-3206,2025-07-20,clearwater-sales,ec2,uat,63.63
cost-3207,2025-07-20,clearwater-sales,ec2,prod,215.19
cost-3208,2025-07-20,clearwater-sales,rds,dev,17.33
cost-3209,2025-07-20,clearwater-sales,rds,uat,31.90
cost-3210,2025-07-20,clearwater-sales,rds,prod,110.72
cost-3211,2025-07-20,clearwater-sales,s3,dev,14.60
cost-3212,2025-07-20,clearwater-sales,s3,uat,31.04
cost-3213,2025-07-20,clearwater-sales,s3,prod,105.22
cost-3214,2025-07-20,clearwater-sales,lambda,dev,41.04
cost-3215,2025-07-20,clearwater-sales,lambda,uat,65.47
cost-3216,2025-07-20,clearwater-sales,lambda,prod,258.52
cost-3217,2025-07-20,clearwater-sales,eks,dev,13.43
cost-3218,2025-07-20,clearwater-sales,eks,uat,27.73
cost-3219,2025-07-20,clearwater-sales,eks,prod,96.83
cost-3220,2025-07-20,clearwater-sales,cloudwatch,dev,10.66
cost-3221,2025-07-20,clearwater-sales,cloudwatch,uat,19.84
cost-3222,2025-07-20,clearwater-sales,cloudwatch,prod,64.27
cost-3223,2025-07-20,clearwater-collateral,ec2,dev,13.03
cost-3224,2025-07-20,clearwater-collateral,ec2,uat,29.29
cost-3225,2025-07-20,clearwater-collateral,ec2,prod,91.00
cost-3226,2025-07-20,clearwater-collateral,rds,dev,30.98
cost-3227,2025-07-20,clearwater-collateral,rds,uat,59.72
cost-3228,2025-07-20,clearwater-collateral,rds,prod,238.16
cost-3229,2025-07-20,clearwater-collateral,s3,dev,23.26
cost-3230,2025-07-20,clearwater-collateral,s3,uat,51.50
cost-3231,2025-07-20,clearwater-collateral,s3,prod,170.88
cost-3232,2025-07-20,clearwater-collateral,lambda,dev,7.20
cost-3233,2025-07-20,clearwater-collateral,lambda,uat,14.19
cost-3234,2025-07-20,clearwater-collateral,lambda,prod,46.23
cost-3235,2025-07-20,clearwater-collateral,eks,dev,7.20
cost-3236,2025-07-20,clearwater-collateral,eks,uat,11.09
cost-3237,2025-07-20,clearwater-collateral,eks,prod,47.14
cost-3238,2025-07-20,clearwater-collateral,cloudwatch,dev,4.85
cost-3239,2025-07-20,clearwater-collateral,cloudwatch,uat,9.35
cost-3240,2025-07-20,clearwater-collateral,cloudwatch,prod,35.39
cost-3241,2025-07-21,clearwater-trade,ec2,dev,94.43
cost-3242,2025-07-21,clearwater-trade,ec2,uat,158.36
cost-3243,2025-07-21,clearwater-trade,ec2,prod,570.56
cost-3244,2025-07-21,clearwater-trade,rds,dev,60.75
cost-3245,2025-07-21,clearwater-trade,rds,uat,141.66
cost-3246,2025-07-21,clearwater-trade,rds,prod,511.51
cost-3247,2025-07-21,clearwater-trade,s3,dev,12.24
cost-3248,2025-07-21,clearwater-trade,s3,uat,25.67
cost-3249,2025-07-21,clearwater-trade,s3,prod,98.07
cost-3250,2025-07-21,clearwater-trade,lambda,dev,28.25
cost-3251,2025-07-21,clearwater-trade,lambda,uat,56.20
cost-3252,2025-07-21,clearwater-trade,lambda,prod,206.57
cost-3253,2025-07-21,clearwater-trade,eks,dev,45.88
cost-3254,2025-07-21,clearwater-trade,eks,uat,109.39
cost-3255,2025-07-21,clearwater-trade,eks,prod,394.04
cost-3256,2025-07-21,clearwater-trade,cloudwatch,dev,12.20
cost-3257,2025-07-21,clearwater-trade,cloudwatch,uat,22.19
cost-3258,2025-07-21,clearwater-trade,cloudwatch,prod,100.07
cost-3259,2025-07-21,clearwater-settlement,ec2,dev,69.71
cost-3260,2025-07-21,clearwater-settlement,ec2,uat,146.73
cost-3261,2025-07-21,clearwater-settlement,ec2,prod,489.13
cost-3262,2025-07-21,clearwater-settlement,rds,dev,66.89
cost-3263,2025-07-21,clearwater-settlement,rds,uat,137.65
cost-3264,2025-07-21,clearwater-settlement,rds,prod,446.48
cost-3265,2025-07-21,clearwater-settlement,s3,dev,20.17
cost-3266,2025-07-21,clearwater-settlement,s3,uat,34.35
cost-3267,2025-07-21,clearwater-settlement,s3,prod,107.89
cost-3268,2025-07-21,clearwater-settlement,lambda,dev,24.37
cost-3269,2025-07-21,clearwater-settlement,lambda,uat,53.55
cost-3270,2025-07-21,clearwater-settlement,lambda,prod,201.71
cost-3271,2025-07-21,clearwater-settlement,eks,dev,29.43
cost-3272,2025-07-21,clearwater-settlement,eks,uat,66.45
cost-3273,2025-07-21,clearwater-settlement,eks,prod,225.78
cost-3274,2025-07-21,clearwater-settlement,cloudwatch,dev,11.56
cost-3275,2025-07-21,clearwater-settlement,cloudwatch,uat,19.34
cost-3276,2025-07-21,clearwater-settlement,cloudwatch,prod,79.50
cost-3277,2025-07-21,clearwater-sales,ec2,dev,28.16
cost-3278,2025-07-21,clearwater-sales,ec2,uat,61.52
cost-3279,2025-07-21,clearwater-sales,ec2,prod,244.08
cost-3280,2025-07-21,clearwater-sales,rds,dev,18.95
cost-3281,2025-07-21,clearwater-sales,rds,uat,34.74
cost-3282,2025-07-21,clearwater-sales,rds,prod,145.26
cost-3283,2025-07-21,clearwater-sales,s3,dev,12.66
cost-3284,2025-07-21,clearwater-sales,s3,uat,30.27
cost-3285,2025-07-21,clearwater-sales,s3,prod,108.37
cost-3286,2025-07-21,clearwater-sales,lambda,dev,34.94
cost-3287,2025-07-21,clearwater-sales,lambda,uat,74.99
cost-3288,2025-07-21,clearwater-sales,lambda,prod,258.04
cost-3289,2025-07-21,clearwater-sales,eks,dev,12.64
cost-3290,2025-07-21,clearwater-sales,eks,uat,26.14
cost-3291,2025-07-21,clearwater-sales,eks,prod,87.21
cost-3292,2025-07-21,clearwater-sales,cloudwatch,dev,11.00
cost-3293,2025-07-21,clearwater-sales,cloudwatch,uat,18.51
cost-3294,2025-07-21,clearwater-sales,cloudwatch,prod,60.05
cost-3295,2025-07-21,clearwater-collateral,ec2,dev,14.28
cost-3296,2025-07-21,clearwater-collateral,ec2,uat,23.69
cost-3297,2025-07-21,clearwater-collateral,ec2,prod,109.04
cost-3298,2025-07-21,clearwater-collateral,rds,dev,32.46
cost-3299,2025-07-21,clearwater-collateral,rds,uat,66.23
cost-3300,2025-07-21,clearwater-collateral,rds,prod,201.97
cost-3301,2025-07-21,clearwater-collateral,s3,dev,24.47
cost-3302,2025-07-21,clearwater-collateral,s3,uat,48.66
cost-3303,2025-07-21,clearwater-collateral,s3,prod,162.58
cost-3304,2025-07-21,clearwater-collateral,lambda,dev,7.45
cost-3305,2025-07-21,clearwater-collateral,lambda,uat,12.38
cost-3306,2025-07-21,clearwater-collateral,lambda,prod,53.91
cost-3307,2025-07-21,clearwater-collateral,eks,dev,6.79
cost-3308,2025-07-21,clearwater-collateral,eks,uat,12.15
cost-3309,2025-07-21,clearwater-collateral,eks,prod,44.21
cost-3310,2025-07-21,clearwater-collateral,cloudwatch,dev,4.22
cost-3311,2025-07-21,clearwater-collateral,cloudwatch,uat,7.97
cost-3312,2025-07-21,clearwater-collateral,cloudwatch,prod,31.47
cost-3313,2025-07-22,clearwater-trade,ec2,dev,94.70
cost-3314,2025-07-22,clearwater-trade,ec2,uat,193.22
cost-3315,2025-07-22,clearwater-trade,ec2,prod,619.62
cost-3316,2025-07-22,clearwater-trade,rds,dev,68.86
cost-3317,2025-07-22,clearwater-trade,rds,uat,138.48
cost-3318,2025-07-22,clearwater-trade,rds,prod,496.01
cost-3319,2025-07-22,clearwater-trade,s3,dev,14.16
cost-3320,2025-07-22,clearwater-trade,s3,uat,21.94
cost-3321,2025-07-22,clearwater-trade,s3,prod,84.96
cost-3322,2025-07-22,clearwater-trade,lambda,dev,22.65
cost-3323,2025-07-22,clearwater-trade,lambda,uat,45.86
cost-3324,2025-07-22,clearwater-trade,lambda,prod,186.24
cost-3325,2025-07-22,clearwater-trade,eks,dev,44.75
cost-3326,2025-07-22,clearwater-trade,eks,uat,96.33
cost-3327,2025-07-22,clearwater-trade,eks,prod,366.20
cost-3328,2025-07-22,clearwater-trade,cloudwatch,dev,12.62
cost-3329,2025-07-22,clearwater-trade,cloudwatch,uat,25.34
cost-3330,2025-07-22,clearwater-trade,cloudwatch,prod,99.62
cost-3331,2025-07-22,clearwater-settlement,ec2,dev,76.08
cost-3332,2025-07-22,clearwater-settlement,ec2,uat,138.58
cost-3333,2025-07-22,clearwater-settlement,ec2,prod,487.42
cost-3334,2025-07-22,clearwater-settlement,rds,dev,61.60
cost-3335,2025-07-22,clearwater-settlement,rds,uat,137.35
cost-3336,2025-07-22,clearwater-settlement,rds,prod,440.48
cost-3337,2025-07-22,clearwater-settlement,s3,dev,18.27
cost-3338,2025-07-22,clearwater-settlement,s3,uat,35.90
cost-3339,2025-07-22,clearwater-settlement,s3,prod,109.58
cost-3340,2025-07-22,clearwater-settlement,lambda,dev,27.75
cost-3341,2025-07-22,clearwater-settlement,lambda,uat,55.87
cost-3342,2025-07-22,clearwater-settlement,lambda,prod,176.82
cost-3343,2025-07-22,clearwater-settlement,eks,dev,28.82
cost-3344,2025-07-22,clearwater-settlement,eks,uat,75.28
cost-3345,2025-07-22,clearwater-settlement,eks,prod,220.39
cost-3346,2025-07-22,clearwater-settlement,cloudwatch,dev,12.94
cost-3347,2025-07-22,clearwater-settlement,cloudwatch,uat,25.14
cost-3348,2025-07-22,clearwater-settlement,cloudwatch,prod,83.69
cost-3349,2025-07-22,clearwater-sales,ec2,dev,32.01
cost-3350,2025-07-22,clearwater-sales,ec2,uat,59.37
cost-3351,2025-07-22,clearwater-sales,ec2,prod,189.12
cost-3352,2025-07-22,clearwater-sales,rds,dev,16.51
cost-3353,2025-07-22,clearwater-sales,rds,uat,40.65
cost-3354,2025-07-22,clearwater-sales,rds,prod,128.86
cost-3355,2025-07-22,clearwater-sales,s3,dev,12.94
cost-3356,2025-07-22,clearwater-sales,s3,uat,29.08
cost-3357,2025-07-22,clearwater-sales,s3,prod,100.00
cost-3358,2025-07-22,clearwater-sales,lambda,dev,34.70
cost-3359,2025-07-22,clearwater-sales,lambda,uat,78.74
cost-3360,2025-07-22,clearwater-sales,lambda,prod,247.63
cost-3361,2025-07-22,clearwater-sales,eks,dev,11.38
cost-3362,2025-07-22,clearwater-sales,eks,uat,21.12
cost-3363,2025-07-22,clearwater-sales,eks,prod,77.05
cost-3364,2025-07-22,clearwater-sales,cloudwatch,dev,8.95
cost-3365,2025-07-22,clearwater-sales,cloudwatch,uat,21.45
cost-3366,2025-07-22,clearwater-sales,cloudwatch,prod,65.03
cost-3367,2025-07-22,clearwater-collateral,ec2,dev,12.32
cost-3368,2025-07-22,clearwater-collateral,ec2,uat,29.45
cost-3369,2025-07-22,clearwater-collateral,ec2,prod,95.33
cost-3370,2025-07-22,clearwater-collateral,rds,dev,34.56
cost-3371,2025-07-22,clearwater-collateral,rds,uat,70.13
cost-3372,2025-07-22,clearwater-collateral,rds,prod,214.55
cost-3373,2025-07-22,clearwater-collateral,s3,dev,31.33
cost-3374,2025-07-22,clearwater-collateral,s3,uat,56.60
cost-3375,2025-07-22,clearwater-collateral,s3,prod,180.28
cost-3376,2025-07-22,clearwater-collateral,lambda,dev,6.20
cost-3377,2025-07-22,clearwater-collateral,lambda,uat,12.42
cost-3378,2025-07-22,clearwater-collateral,lambda,prod,51.38
cost-3379,2025-07-22,clearwater-collateral,eks,dev,6.43
cost-3380,2025-07-22,clearwater-collateral,eks,uat,14.58
cost-3381,2025-07-22,clearwater-collateral,eks,prod,41.28
cost-3382,2025-07-22,clearwater-collateral,cloudwatch,dev,3.90
cost-3383,2025-07-22,clearwater-collateral,cloudwatch,uat,8.95
cost-3384,2025-07-22,clearwater-collateral,cloudwatch,prod,28.51
cost-3385,2025-07-23,clearwater-trade,ec2,dev,99.05
cost-3386,2025-07-23,clearwater-trade,ec2,uat,187.02
cost-3387,2025-07-23,clearwater-trade,ec2,prod,574.24
cost-3388,2025-07-23,clearwater-trade,rds,dev,60.15
cost-3389,2025-07-23,clearwater-trade,rds,uat,134.32
cost-3390,2025-07-23,clearwater-trade,rds,prod,514.04
cost-3391,2025-07-23,clearwater-trade,s3,dev,13.95
cost-3392,2025-07-23,clearwater-trade,s3,uat,29.23
cost-3393,2025-07-23,clearwater-trade,s3,prod,76.70
cost-3394,2025-07-23,clearwater-trade,lambda,dev,27.23
cost-3395,2025-07-23,clearwater-trade,lambda,uat,47.46
cost-3396,2025-07-23,clearwater-trade,lambda,prod,202.30
cost-3397,2025-07-23,clearwater-trade,eks,dev,53.34
cost-3398,2025-07-23,clearwater-trade,eks,uat,104.23
cost-3399,2025-07-23,clearwater-trade,eks,prod,324.14
cost-3400,2025-07-23,clearwater-trade,cloudwatch,dev,14.06
cost-3401,2025-07-23,clearwater-trade,cloudwatch,uat,25.96
cost-3402,2025-07-23,clearwater-trade,cloudwatch,prod,85.06
cost-3403,2025-07-23,clearwater-settlement,ec2,dev,71.33
cost-3404,2025-07-23,clearwater-settlement,ec2,uat,116.96
cost-3405,2025-07-23,clearwater-settlement,ec2,prod,496.55
cost-3406,2025-07-23,clearwater-settlement,rds,dev,70.89
cost-3407,2025-07-23,clearwater-settlement,rds,uat,133.47
cost-3408,2025-07-23,clearwater-settlement,rds,prod,489.80
cost-3409,2025-07-23,clearwater-settlement,s3,dev,17.33
cost-3410,2025-07-23,clearwater-settlement,s3,uat,37.39
cost-3411,2025-07-23,clearwater-settlement,s3,prod,135.43
cost-3412,2025-07-23,clearwater-settlement,lambda,dev,27.64
cost-3413,2025-07-23,clearwater-settlement,lambda,uat,61.79
cost-3414,2025-07-23,clearwater-settlement,lambda,prod,176.57
cost-3415,2025-07-23,clearwater-settlement,eks,dev,38.63
cost-3416,2025-07-23,clearwater-settlement,eks,uat,67.76
cost-3417,2025-07-23,clearwater-settlement,eks,prod,216.00
cost-3418,2025-07-23,clearwater-settlement,cloudwatch,dev,10.79
cost-3419,2025-07-23,clearwater-settlement,cloudwatch,uat,22.15
cost-3420,2025-07-23,clearwater-settlement,cloudwatch,prod,83.02
cost-3421,2025-07-23,clearwater-sales,ec2,dev,28.36
cost-3422,2025-07-23,clearwater-sales,ec2,uat,51.94
cost-3423,2025-07-23,clearwater-sales,ec2,prod,209.76
cost-3424,2025-07-23,clearwater-sales,rds,dev,18.41
cost-3425,2025-07-23,clearwater-sales,rds,uat,32.65
cost-3426,2025-07-23,clearwater-sales,rds,prod,129.66
cost-3427,2025-07-23,clearwater-sales,s3,dev,14.29
cost-3428,2025-07-23,clearwater-sales,s3,uat,30.85
cost-3429,2025-07-23,clearwater-sales,s3,prod,99.20
cost-3430,2025-07-23,clearwater-sales,lambda,dev,39.36
cost-3431,2025-07-23,clearwater-sales,lambda,uat,68.90
cost-3432,2025-07-23,clearwater-sales,lambda,prod,235.10
cost-3433,2025-07-23,clearwater-sales,eks,dev,12.86
cost-3434,2025-07-23,clearwater-sales,eks,uat,27.04
cost-3435,2025-07-23,clearwater-sales,eks,prod,82.03
cost-3436,2025-07-23,clearwater-sales,cloudwatch,dev,8.45
cost-3437,2025-07-23,clearwater-sales,cloudwatch,uat,20.18
cost-3438,2025-07-23,clearwater-sales,cloudwatch,prod,65.52
cost-3439,2025-07-23,clearwater-collateral,ec2,dev,12.43
cost-3440,2025-07-23,clearwater-collateral,ec2,uat,27.04
cost-3441,2025-07-23,clearwater-collateral,ec2,prod,95.44
cost-3442,2025-07-23,clearwater-collateral,rds,dev,35.55
cost-3443,2025-07-23,clearwater-collateral,rds,uat,62.94
cost-3444,2025-07-23,clearwater-collateral,rds,prod,223.43
cost-3445,2025-07-23,clearwater-collateral,s3,dev,26.83
cost-3446,2025-07-23,clearwater-collateral,s3,uat,57.71
cost-3447,2025-07-23,clearwater-collateral,s3,prod,214.72
cost-3448,2025-07-23,clearwater-collateral,lambda,dev,7.68
cost-3449,2025-07-23,clearwater-collateral,lambda,uat,16.53
cost-3450,2025-07-23,clearwater-collateral,lambda,prod,49.71
cost-3451,2025-07-23,clearwater-collateral,eks,dev,7.28
cost-3452,2025-07-23,clearwater-collateral,eks,uat,13.91
cost-3453,2025-07-23,clearwater-collateral,eks,prod,46.62
cost-3454,2025-07-23,clearwater-collateral,cloudwatch,dev,4.20
cost-3455,2025-07-23,clearwater-collateral,cloudwatch,uat,9.69
cost-3456,2025-07-23,clearwater-collateral,cloudwatch,prod,35.58
cost-3457,2025-07-24,clearwater-trade,ec2,dev,83.96
cost-3458,2025-07-24,clearwater-trade,ec2,uat,202.23
cost-3459,2025-07-24,clearwater-trade,ec2,prod,551.77
cost-3460,2025-07-24,clearwater-trade,rds,dev,59.58
cost-3461,2025-07-24,clearwater-trade,rds,uat,129.86
cost-3462,2025-07-24,clearwater-trade,rds,prod,485.29
cost-3463,2025-07-24,clearwater-trade,s3,dev,13.96
cost-3464,2025-07-24,clearwater-trade,s3,uat,23.28
cost-3465,2025-07-24,clearwater-trade,s3,prod,96.80
cost-3466,2025-07-24,clearwater-trade,lambda,dev,22.24
cost-3467,2025-07-24,clearwater-trade,lambda,uat,52.08
cost-3468,2025-07-24,clearwater-trade,lambda,prod,154.43
cost-3469,2025-07-24,clearwater-trade,eks,dev,54.34
cost-3470,2025-07-24,clearwater-trade,eks,uat,88.43
cost-3471,2025-07-24,clearwater-trade,eks,prod,390.07
cost-3472,2025-07-24,clearwater-trade,cloudwatch,dev,13.01
cost-3473,2025-07-24,clearwater-trade,cloudwatch,uat,28.84
cost-3474,2025-07-24,clearwater-trade,cloudwatch,prod,76.96
cost-3475,2025-07-24,clearwater-settlement,ec2,dev,67.08
cost-3476,2025-07-24,clearwater-settlement,ec2,uat,149.36
cost-3477,2025-07-24,clearwater-settlement,ec2,prod,515.36
cost-3478,2025-07-24,clearwater-settlement,rds,dev,68.09
cost-3479,2025-07-24,clearwater-settlement,rds,uat,128.68
cost-3480,2025-07-24,clearwater-settlement,rds,prod,511.65
cost-3481,2025-07-24,clearwater-settlement,s3,dev,16.13
cost-3482,2025-07-24,clearwater-settlement,s3,uat,40.58
cost-3483,2025-07-24,clearwater-settlement,s3,prod,141.72
cost-3484,2025-07-24,clearwater-settlement,lambda,dev,23.73
cost-3485,2025-07-24,clearwater-settlement,lambda,uat,58.79
cost-3486,2025-07-24,clearwater-settlement,lambda,prod,192.26
cost-3487,2025-07-24,clearwater-settlement,eks,dev,33.21
cost-3488,2025-07-24,clearwater-settlement,eks,uat,61.50
cost-3489,2025-07-24,clearwater-settlement,eks,prod,234.20
cost-3490,2025-07-24,clearwater-settlement,cloudwatch,dev,12.20
cost-3491,2025-07-24,clearwater-settlement,cloudwatch,uat,20.75
cost-3492,2025-07-24,clearwater-settlement,cloudwatch,prod,82.56
cost-3493,2025-07-24,clearwater-sales,ec2,dev,33.27
cost-3494,2025-07-24,clearwater-sales,ec2,uat,54.48
cost-3495,2025-07-24,clearwater-sales,ec2,prod,229.08
cost-3496,2025-07-24,clearwater-sales,rds,dev,15.96
cost-3497,2025-07-24,clearwater-sales,rds,uat,34.04
cost-3498,2025-07-24,clearwater-sales,rds,prod,128.12
cost-3499,2025-07-24,clearwater-sales,s3,dev,13.27
cost-3500,2025-07-24,clearwater-sales,s3,uat,29.02
cost-3501,2025-07-24,clearwater-sales,s3,prod,108.87
cost-3502,2025-07-24,clearwater-sales,lambda,dev,41.51
cost-3503,2025-07-24,clearwater-sales,lambda,uat,63.71
cost-3504,2025-07-24,clearwater-sales,lambda,prod,252.93
cost-3505,2025-07-24,clearwater-sales,eks,dev,13.83
cost-3506,2025-07-24,clearwater-sales,eks,uat,26.95
cost-3507,2025-07-24,clearwater-sales,eks,prod,89.06
cost-3508,2025-07-24,clearwater-sales,cloudwatch,dev,9.64
cost-3509,2025-07-24,clearwater-sales,cloudwatch,uat,18.01
cost-3510,2025-07-24,clearwater-sales,cloudwatch,prod,64.10
cost-3511,2025-07-24,clearwater-collateral,ec2,dev,15.48
cost-3512,2025-07-24,clearwater-collateral,ec2,uat,23.88
cost-3513,2025-07-24,clearwater-collateral,ec2,prod,95.48
cost-3514,2025-07-24,clearwater-collateral,rds,dev,33.58
cost-3515,2025-07-24,clearwater-collateral,rds,uat,58.80
cost-3516,2025-07-24,clearwater-collateral,rds,prod,240.49
cost-3517,2025-07-24,clearwater-collateral,s3,dev,30.11
cost-3518,2025-07-24,clearwater-collateral,s3,uat,58.02
cost-3519,2025-07-24,clearwater-collateral,s3,prod,162.55
cost-3520,2025-07-24,clearwater-collateral,lambda,dev,7.85
cost-3521,2025-07-24,clearwater-collateral,lambda,uat,16.56
cost-3522,2025-07-24,clearwater-collateral,lambda,prod,50.27
cost-3523,2025-07-24,clearwater-collateral,eks,dev,5.72
cost-3524,2025-07-24,clearwater-collateral,eks,uat,13.08
cost-3525,2025-07-24,clearwater-collateral,eks,prod,37.89
cost-3526,2025-07-24,clearwater-collateral,cloudwatch,dev,5.15
cost-3527,2025-07-24,clearwater-collateral,cloudwatch,uat,9.56
cost-3528,2025-07-24,clearwater-collateral,cloudwatch,prod,34.61
cost-3529,2025-07-25,clearwater-trade,ec2,dev,77.93
cost-3530,2025-07-25,clearwater-trade,ec2,uat,158.56
cost-3531,2025-07-25,clearwater-trade,ec2,prod,602.52
cost-3532,2025-07-25,clearwater-trade,rds,dev,66.08
cost-3533,2025-07-25,clearwater-trade,rds,uat,118.30
cost-3534,2025-07-25,clearwater-trade,rds,prod,480.66
cost-3535,2025-07-25,clearwater-trade,s3,dev,13.05
cost-3536,2025-07-25,clearwater-trade,s3,uat,24.44
cost-3537,2025-07-25,clearwater-trade,s3,prod,94.39
cost-3538,2025-07-25,clearwater-trade,lambda,dev,28.17
cost-3539,2025-07-25,clearwater-trade,lambda,uat,53.88
cost-3540,2025-07-25,clearwater-trade,lambda,prod,176.26
cost-3541,2025-07-25,clearwater-trade,eks,dev,54.27
cost-3542,2025-07-25,clearwater-trade,eks,uat,104.38
cost-3543,2025-07-25,clearwater-trade,eks,prod,386.96
cost-3544,2025-07-25,clearwater-trade,cloudwatch,dev,14.73
cost-3545,2025-07-25,clearwater-trade,cloudwatch,uat,24.70
cost-3546,2025-07-25,clearwater-trade,cloudwatch,prod,81.62
cost-3547,2025-07-25,clearwater-settlement,ec2,dev,59.01
cost-3548,2025-07-25,clearwater-settlement,ec2,uat,141.89
cost-3549,2025-07-25,clearwater-settlement,ec2,prod,445.29
cost-3550,2025-07-25,clearwater-settlement,rds,dev,73.10
cost-3551,2025-07-25,clearwater-settlement,rds,uat,119.38
cost-3552,2025-07-25,clearwater-settlement,rds,prod,407.73
cost-3553,2025-07-25,clearwater-settlement,s3,dev,19.38
cost-3554,2025-07-25,clearwater-settlement,s3,uat,33.84
cost-3555,2025-07-25,clearwater-settlement,s3,prod,129.15
cost-3556,2025-07-25,clearwater-settlement,lambda,dev,23.83
cost-3557,2025-07-25,clearwater-settlement,lambda,uat,61.03
cost-3558,2025-07-25,clearwater-settlement,lambda,prod,185.00
cost-3559,2025-07-25,clearwater-settlement,eks,dev,35.64
cost-3560,2025-07-25,clearwater-settlement,eks,uat,74.81
cost-3561,2025-07-25,clearwater-settlement,eks,prod,250.58
cost-3562,2025-07-25,clearwater-settlement,cloudwatch,dev,11.20
cost-3563,2025-07-25,clearwater-settlement,cloudwatch,uat,20.44
cost-3564,2025-07-25,clearwater-settlement,cloudwatch,prod,84.54
cost-3565,2025-07-25,clearwater-sales,ec2,dev,31.03
cost-3566,2025-07-25,clearwater-sales,ec2,uat,53.52
cost-3567,2025-07-25,clearwater-sales,ec2,prod,203.76
cost-3568,2025-07-25,clearwater-sales,rds,dev,16.91
cost-3569,2025-07-25,clearwater-sales,rds,uat,41.79
cost-3570,2025-07-25,clearwater-sales,rds,prod,144.09
cost-3571,2025-07-25,clearwater-sales,s3,dev,15.80
cost-3572,2025-07-25,clearwater-sales,s3,uat,31.15
cost-3573,2025-07-25,clearwater-sales,s3,prod,101.44
cost-3574,2025-07-25,clearwater-sales,lambda,dev,32.41
cost-3575,2025-07-25,clearwater-sales,lambda,uat,82.79
cost-3576,2025-07-25,clearwater-sales,lambda,prod,247.61
cost-3577,2025-07-25,clearwater-sales,eks,dev,13.66
cost-3578,2025-07-25,clearwater-sales,eks,uat,22.51
cost-3579,2025-07-25,clearwater-sales,eks,prod,78.74
cost-3580,2025-07-25,clearwater-sales,cloudwatch,dev,8.50
cost-3581,2025-07-25,clearwater-sales,cloudwatch,uat,21.56
cost-3582,2025-07-25,clearwater-sales,cloudwatch,prod,69.24
cost-3583,2025-07-25,clearwater-collateral,ec2,dev,14.51
cost-3584,2025-07-25,clearwater-collateral,ec2,uat,28.77
cost-3585,2025-07-25,clearwater-collateral,ec2,prod,105.25
cost-3586,2025-07-25,clearwater-collateral,rds,dev,31.82
cost-3587,2025-07-25,clearwater-collateral,rds,uat,69.32
cost-3588,2025-07-25,clearwater-collateral,rds,prod,220.01
cost-3589,2025-07-25,clearwater-collateral,s3,dev,27.38
cost-3590,2025-07-25,clearwater-collateral,s3,uat,59.89
cost-3591,2025-07-25,clearwater-collateral,s3,prod,192.28
cost-3592,2025-07-25,clearwater-collateral,lambda,dev,6.90
cost-3593,2025-07-25,clearwater-collateral,lambda,uat,16.34
cost-3594,2025-07-25,clearwater-collateral,lambda,prod,48.44
cost-3595,2025-07-25,clearwater-collateral,eks,dev,7.06
cost-3596,2025-07-25,clearwater-collateral,eks,uat,12.26
cost-3597,2025-07-25,clearwater-collateral,eks,prod,44.91
cost-3598,2025-07-25,clearwater-collateral,cloudwatch,dev,4.72
cost-3599,2025-07-25,clearwater-collateral,cloudwatch,uat,9.85
cost-3600,2025-07-25,clearwater-collateral,cloudwatch,prod,32.08
cost-3601,2025-07-26,clearwater-trade,ec2,dev,102.29
cost-3602,2025-07-26,clearwater-trade,ec2,uat,187.66
cost-3603,2025-07-26,clearwater-trade,ec2,prod,544.96
cost-3604,2025-07-26,clearwater-trade,rds,dev,60.61
cost-3605,2025-07-26,clearwater-trade,rds,uat,137.24
cost-3606,2025-07-26,clearwater-trade,rds,prod,387.05
cost-3607,2025-07-26,clearwater-trade,s3,dev,13.02
cost-3608,2025-07-26,clearwater-trade,s3,uat,27.70
cost-3609,2025-07-26,clearwater-trade,s3,prod,99.66
cost-3610,2025-07-26,clearwater-trade,lambda,dev,24.37
cost-3611,2025-07-26,clearwater-trade,lambda,uat,51.19
cost-3612,2025-07-26,clearwater-trade,lambda,prod,200.09
cost-3613,2025-07-26,clearwater-trade,eks,dev,45.70
cost-3614,2025-07-26,clearwater-trade,eks,uat,109.79
cost-3615,2025-07-26,clearwater-trade,eks,prod,344.13
cost-3616,2025-07-26,clearwater-trade,cloudwatch,dev,13.15
cost-3617,2025-07-26,clearwater-trade,cloudwatch,uat,26.69
cost-3618,2025-07-26,clearwater-trade,cloudwatch,prod,77.48
cost-3619,2025-07-26,clearwater-settlement,ec2,dev,62.44
cost-3620,2025-07-26,clearwater-settlement,ec2,uat,133.00
cost-3621,2025-07-26,clearwater-settlement,ec2,prod,422.63
cost-3622,2025-07-26,clearwater-settlement,rds,dev,70.78
cost-3623,2025-07-26,clearwater-settlement,rds,uat,124.82
cost-3624,2025-07-26,clearwater-settlement,rds,prod,487.43
cost-3625,2025-07-26,clearwater-settlement,s3,dev,18.31
cost-3626,2025-07-26,clearwater-settlement,s3,uat,39.39
cost-3627,2025-07-26,clearwater-settlement,s3,prod,123.44
cost-3628,2025-07-26,clearwater-settlement,lambda,dev,27.04
cost-3629,2025-07-26,clearwater-settlement,lambda,uat,58.35
cost-3630,2025-07-26,clearwater-settlement,lambda,prod,165.72
cost-3631,2025-07-26,clearwater-settlement,eks,dev,31.46
cost-3632,2025-07-26,clearwater-settlement,eks,uat,69.83
cost-3633,2025-07-26,clearwater-settlement,eks,prod,249.43
cost-3634,2025-07-26,clearwater-settlement,cloudwatch,dev,12.47
cost-3635,2025-07-26,clearwater-settlement,cloudwatch,uat,24.33
cost-3636,2025-07-26,clearwater-settlement,cloudwatch,prod,70.78
cost-3637,2025-07-26,clearwater-sales,ec2,dev,27.31
cost-3638,2025-07-26,clearwater-sales,ec2,uat,60.93
cost-3639,2025-07-26,clearwater-sales,ec2,prod,189.74
cost-3640,2025-07-26,clearwater-sales,rds,dev,20.70
cost-3641,2025-07-26,clearwater-sales,rds,uat,40.95
cost-3642,2025-07-26,clearwater-sales,rds,prod,118.02
cost-3643,2025-07-26,clearwater-sales,s3,dev,13.11
cost-3644,2025-07-26,clearwater-sales,s3,uat,32.22
cost-3645,2025-07-26,clearwater-sales,s3,prod,102.66
cost-3646,2025-07-26,clearwater-sales,lambda,dev,32.46
cost-3647,2025-07-26,clearwater-sales,lambda,uat,71.57
cost-3648,2025-07-26,clearwater-sales,lambda,prod,230.80
cost-3649,2025-07-26,clearwater-sales,eks,dev,12.55
cost-3650,2025-07-26,clearwater-sales,eks,uat,27.93
cost-3651,2025-07-26,clearwater-sales,eks,prod,80.08
cost-3652,2025-07-26,clearwater-sales,cloudwatch,dev,9.63
cost-3653,2025-07-26,clearwater-sales,cloudwatch,uat,19.39
cost-3654,2025-07-26,clearwater-sales,cloudwatch,prod,77.40
cost-3655,2025-07-26,clearwater-collateral,ec2,dev,13.80
cost-3656,2025-07-26,clearwater-collateral,ec2,uat,29.70
cost-3657,2025-07-26,clearwater-collateral,ec2,prod,105.47
cost-3658,2025-07-26,clearwater-collateral,rds,dev,33.55
cost-3659,2025-07-26,clearwater-collateral,rds,uat,71.38
cost-3660,2025-07-26,clearwater-collateral,rds,prod,207.63
cost-3661,2025-07-26,clearwater-collateral,s3,dev,30.16
cost-3662,2025-07-26,clearwater-collateral,s3,uat,51.47
cost-3663,2025-07-26,clearwater-collateral,s3,prod,213.00
cost-3664,2025-07-26,clearwater-collateral,lambda,dev,6.69
cost-3665,2025-07-26,clearwater-collateral,lambda,uat,15.26
cost-3666,2025-07-26,clearwater-collateral,lambda,prod,51.83
cost-3667,2025-07-26,clearwater-collateral,eks,dev,7.16
cost-3668,2025-07-26,clearwater-collateral,eks,uat,11.59
cost-3669,2025-07-26,clearwater-collateral,eks,prod,40.45
cost-3670,2025-07-26,clearwater-collateral,cloudwatch,dev,4.05
cost-3671,2025-07-26,clearwater-collateral,cloudwatch,uat,8.85
cost-3672,2025-07-26,clearwater-collateral,cloudwatch,prod,32.17
cost-3673,2025-07-27,clearwater-trade,ec2,dev,87.67
cost-3674,2025-07-27,clearwater-trade,ec2,uat,153.48
cost-3675,2025-07-27,clearwater-trade,ec2,prod,619.56
cost-3676,2025-07-27,clearwater-trade,rds,dev,59.26
cost-3677,2025-07-27,clearwater-trade,rds,uat,147.72
cost-3678,2025-07-27,clearwater-trade,rds,prod,500.54
cost-3679,2025-07-27,clearwater-trade,s3,dev,11.17
cost-3680,2025-07-27,clearwater-trade,s3,uat,29.36
cost-3681,2025-07-27,clearwater-trade,s3,prod,91.55
cost-3682,2025-07-27,clearwater-trade,lambda,dev,27.23
cost-3683,2025-07-27,clearwater-trade,lambda,uat,57.90
cost-3684,2025-07-27,clearwater-trade,lambda,prod,196.75
cost-3685,2025-07-27,clearwater-trade,eks,dev,46.34
cost-3686,2025-07-27,clearwater-trade,eks,uat,112.94
cost-3687,2025-07-27,clearwater-trade,eks,prod,385.45
cost-3688,2025-07-27,clearwater-trade,cloudwatch,dev,12.04
cost-3689,2025-07-27,clearwater-trade,cloudwatch,uat,25.69
cost-3690,2025-07-27,clearwater-trade,cloudwatch,prod,78.25
cost-3691,2025-07-27,clearwater-settlement,ec2,dev,69.88
cost-3692,2025-07-27,clearwater-settlement,ec2,uat,133.60
cost-3693,2025-07-27,clearwater-settlement,ec2,prod,479.05
cost-3694,2025-07-27,clearwater-settlement,rds,dev,64.02
cost-3695,2025-07-27,clearwater-settlement,rds,uat,145.30
cost-3696,2025-07-27,clearwater-settlement,rds,prod,460.95
cost-3697,2025-07-27,clearwater-settlement,s3,dev,20.10
cost-3698,2025-07-27,clearwater-settlement,s3,uat,41.08
cost-3699,2025-07-27,clearwater-settlement,s3,prod,110.97
cost-3700,2025-07-27,clearwater-settlement,lambda,dev,28.72
cost-3701,2025-07-27,clearwater-settlement,lambda,uat,57.52
cost-3702,2025-07-27,clearwater-settlement,lambda,prod,205.67
cost-3703,2025-07-27,clearwater-settlement,eks,dev,29.66
cost-3704,2025-07-27,clearwater-settlement,eks,uat,63.73
cost-3705,2025-07-27,clearwater-settlement,eks,prod,229.76
cost-3706,2025-07-27,clearwater-settlement,cloudwatch,dev,10.19
cost-3707,2025-07-27,clearwater-settlement,cloudwatch,uat,23.26
cost-3708,2025-07-27,clearwater-settlement,cloudwatch,prod,81.52
cost-3709,2025-07-27,clearwater-sales,ec2,dev,26.75
cost-3710,2025-07-27,clearwater-sales,ec2,uat,63.96
cost-3711,2025-07-27,clearwater-sales,ec2,prod,225.14
cost-3712,2025-07-27,clearwater-sales,rds,dev,15.89
cost-3713,2025-07-27,clearwater-sales,rds,uat,36.66
cost-3714,2025-07-27,clearwater-sales,rds,prod,110.53
cost-3715,2025-07-27,clearwater-sales,s3,dev,13.21
cost-3716,2025-07-27,clearwater-sales,s3,uat,28.34
cost-3717,2025-07-27,clearwater-sales,s3,prod,96.02
cost-3718,2025-07-27,clearwater-sales,lambda,dev,38.08
cost-3719,2025-07-27,clearwater-sales,lambda,uat,75.31
cost-3720,2025-07-27,clearwater-sales,lambda,prod,254.37
cost-3721,2025-07-27,clearwater-sales,eks,dev,10.38
cost-3722,2025-07-27,clearwater-sales,eks,uat,23.82
cost-3723,2025-07-27,clearwater-sales,eks,prod,97.31
cost-3724,2025-07-27,clearwater-sales,cloudwatch,dev,9.85
cost-3725,2025-07-27,clearwater-sales,cloudwatch,uat,21.89
cost-3726,2025-07-27,clearwater-sales,cloudwatch,prod,75.03
cost-3727,2025-07-27,clearwater-collateral,ec2,dev,14.40
cost-3728,2025-07-27,clearwater-collateral,ec2,uat,28.85
cost-3729,2025-07-27,clearwater-collateral,ec2,prod,86.55
cost-3730,2025-07-27,clearwater-collateral,rds,dev,35.14
cost-3731,2025-07-27,clearwater-collateral,rds,uat,70.33
cost-3732,2025-07-27,clearwater-collateral,rds,prod,225.41
cost-3733,2025-07-27,clearwater-collateral,s3,dev,30.38
cost-3734,2025-07-27,clearwater-collateral,s3,uat,47.07
cost-3735,2025-07-27,clearwater-collateral,s3,prod,198.63
cost-3736,2025-07-27,clearwater-collateral,lambda,dev,8.18
cost-3737,2025-07-27,clearwater-collateral,lambda,uat,14.23
cost-3738,2025-07-27,clearwater-collateral,lambda,prod,47.53
cost-3739,2025-07-27,clearwater-collateral,eks,dev,6.20
cost-3740,2025-07-27,clearwater-collateral,eks,uat,12.83
cost-3741,2025-07-27,clearwater-collateral,eks,prod,39.26
cost-3742,2025-07-27,clearwater-collateral,cloudwatch,dev,4.12
cost-3743,2025-07-27,clearwater-collateral,cloudwatch,uat,9.89
cost-3744,2025-07-27,clearwater-collateral,cloudwatch,prod,35.15
cost-3745,2025-07-28,clearwater-trade,ec2,dev,82.50
cost-3746,2025-07-28,clearwater-trade,ec2,uat,156.70
cost-3747,2025-07-28,clearwater-trade,ec2,prod,600.82
cost-3748,2025-07-28,clearwater-trade,rds,dev,58.72
cost-3749,2025-07-28,clearwater-trade,rds,uat,110.78
cost-3750,2025-07-28,clearwater-trade,rds,prod,399.25
cost-3751,2025-07-28,clearwater-trade,s3,dev,11.02
cost-3752,2025-07-28,clearwater-trade,s3,uat,24.86
cost-3753,2025-07-28,clearwater-trade,s3,prod,102.12
cost-3754,2025-07-28,clearwater-trade,lambda,dev,22.80
cost-3755,2025-07-28,clearwater-trade,lambda,uat,49.66
cost-3756,2025-07-28,clearwater-trade,lambda,prod,179.39
cost-3757,2025-07-28,clearwater-trade,eks,dev,45.29
cost-3758,2025-07-28,clearwater-trade,eks,uat,108.88
cost-3759,2025-07-28,clearwater-trade,eks,prod,339.90
cost-3760,2025-07-28,clearwater-trade,cloudwatch,dev,13.78
cost-3761,2025-07-28,clearwater-trade,cloudwatch,uat,22.72
cost-3762,2025-07-28,clearwater-trade,cloudwatch,prod,78.39
cost-3763,2025-07-28,clearwater-settlement,ec2,dev,59.22
cost-3764,2025-07-28,clearwater-settlement,ec2,uat,121.86
cost-3765,2025-07-28,clearwater-settlement,ec2,prod,530.87
cost-3766,2025-07-28,clearwater-settlement,rds,dev,76.87
cost-3767,2025-07-28,clearwater-settlement,rds,uat,130.34
cost-3768,2025-07-28,clearwater-settlement,rds,prod,523.40
cost-3769,2025-07-28,clearwater-settlement,s3,dev,19.59
cost-3770,2025-07-28,clearwater-settlement,s3,uat,33.13
cost-3771,2025-07-28,clearwater-settlement,s3,prod,108.40
cost-3772,2025-07-28,clearwater-settlement,lambda,dev,25.72
cost-3773,2025-07-28,clearwater-settlement,lambda,uat,59.20
cost-3774,2025-07-28,clearwater-settlement,lambda,prod,181.77
cost-3775,2025-07-28,clearwater-settlement,eks,dev,29.29
cost-3776,2025-07-28,clearwater-settlement,eks,uat,66.41
cost-3777,2025-07-28,clearwater-settlement,eks,prod,232.75
cost-3778,2025-07-28,clearwater-settlement,cloudwatch,dev,9.61
cost-3779,2025-07-28,clearwater-settlement,cloudwatch,uat,23.82
cost-3780,2025-07-28,clearwater-settlement,cloudwatch,prod,76.74
cost-3781,2025-07-28,clearwater-sales,ec2,dev,32.78
cost-3782,2025-07-28,clearwater-sales,ec2,uat,62.44
cost-3783,2025-07-28,clearwater-sales,ec2,prod,198.53
cost-3784,2025-07-28,clearwater-sales,rds,dev,17.18
cost-3785,2025-07-28,clearwater-sales,rds,uat,32.74
cost-3786,2025-07-28,clearwater-sales,rds,prod,111.79
cost-3787,2025-07-28,clearwater-sales,s3,dev,14.41
cost-3788,2025-07-28,clearwater-sales,s3,uat,31.36
cost-3789,2025-07-28,clearwater-sales,s3,prod,100.67
cost-3790,2025-07-28,clearwater-sales,lambda,dev,32.27
cost-3791,2025-07-28,clearwater-sales,lambda,uat,69.66
cost-3792,2025-07-28,clearwater-sales,lambda,prod,267.35
cost-3793,2025-07-28,clearwater-sales,eks,dev,12.37
cost-3794,2025-07-28,clearwater-sales,eks,uat,21.74
cost-3795,2025-07-28,clearwater-sales,eks,prod,79.93
cost-3796,2025-07-28,clearwater-sales,cloudwatch,dev,9.86
cost-3797,2025-07-28,clearwater-sales,cloudwatch,uat,16.84
cost-3798,2025-07-28,clearwater-sales,cloudwatch,prod,59.02
cost-3799,2025-07-28,clearwater-collateral,ec2,dev,13.17
cost-3800,2025-07-28,clearwater-collateral,ec2,uat,30.71
cost-3801,2025-07-28,clearwater-collateral,ec2,prod,89.51
cost-3802,2025-07-28,clearwater-collateral,rds,dev,35.21
cost-3803,2025-07-28,clearwater-collateral,rds,uat,55.38
cost-3804,2025-07-28,clearwater-collateral,rds,prod,240.68
cost-3805,2025-07-28,clearwater-collateral,s3,dev,25.29
cost-3806,2025-07-28,clearwater-collateral,s3,uat,52.27
cost-3807,2025-07-28,clearwater-collateral,s3,prod,215.62
cost-3808,2025-07-28,clearwater-collateral,lambda,dev,7.96
cost-3809,2025-07-28,clearwater-collateral,lambda,uat,12.39
cost-3810,2025-07-28,clearwater-collateral,lambda,prod,55.19
cost-3811,2025-07-28,clearwater-collateral,eks,dev,5.67
cost-3812,2025-07-28,clearwater-collateral,eks,uat,12.53
cost-3813,2025-07-28,clearwater-collateral,eks,prod,50.72
cost-3814,2025-07-28,clearwater-collateral,cloudwatch,dev,4.79
cost-3815,2025-07-28,clearwater-collateral,cloudwatch,uat,8.08
cost-3816,2025-07-28,clearwater-collateral,cloudwatch,prod,32.70
cost-3817,2025-07-29,clearwater-trade,ec2,dev,84.83
cost-3818,2025-07-29,clearwater-trade,ec2,uat,180.49
cost-3819,2025-07-29,clearwater-trade,ec2,prod,681.20
cost-3820,2025-07-29,clearwater-trade,rds,dev,59.31
cost-3821,2025-07-29,clearwater-trade,rds,uat,110.68
cost-3822,2025-07-29,clearwater-trade,rds,prod,383.98
cost-3823,2025-07-29,clearwater-trade,s3,dev,12.01
cost-3824,2025-07-29,clearwater-trade,s3,uat,25.57
cost-3825,2025-07-29,clearwater-trade,s3,prod,99.95
cost-3826,2025-07-29,clearwater-trade,lambda,dev,24.36
cost-3827,2025-07-29,clearwater-trade,lambda,uat,58.28
cost-3828,2025-07-29,clearwater-trade,lambda,prod,190.36
cost-3829,2025-07-29,clearwater-trade,eks,dev,45.89
cost-3830,2025-07-29,clearwater-trade,eks,uat,90.09
cost-3831,2025-07-29,clearwater-trade,eks,prod,355.18
cost-3832,2025-07-29,clearwater-trade,cloudwatch,dev,13.99
cost-3833,2025-07-29,clearwater-trade,cloudwatch,uat,25.63
cost-3834,2025-07-29,clearwater-trade,cloudwatch,prod,100.60
cost-3835,2025-07-29,clearwater-settlement,ec2,dev,73.76
cost-3836,2025-07-29,clearwater-settlement,ec2,uat,148.00
cost-3837,2025-07-29,clearwater-settlement,ec2,prod,482.38
cost-3838,2025-07-29,clearwater-settlement,rds,dev,76.17
cost-3839,2025-07-29,clearwater-settlement,rds,uat,120.84
cost-3840,2025-07-29,clearwater-settlement,rds,prod,435.52
cost-3841,2025-07-29,clearwater-settlement,s3,dev,17.74
cost-3842,2025-07-29,clearwater-settlement,s3,uat,32.28
cost-3843,2025-07-29,clearwater-settlement,s3,prod,126.24
cost-3844,2025-07-29,clearwater-settlement,lambda,dev,24.99
cost-3845,2025-07-29,clearwater-settlement,lambda,uat,58.33
cost-3846,2025-07-29,clearwater-settlement,lambda,prod,172.39
cost-3847,2025-07-29,clearwater-settlement,eks,dev,38.51
cost-3848,2025-07-29,clearwater-settlement,eks,uat,68.42
cost-3849,2025-07-29,clearwater-settlement,eks,prod,235.59
cost-3850,2025-07-29,clearwater-settlement,cloudwatch,dev,9.80
cost-3851,2025-07-29,clearwater-settlement,cloudwatch,uat,22.56
cost-3852,2025-07-29,clearwater-settlement,cloudwatch,prod,73.59
cost-3853,2025-07-29,clearwater-sales,ec2,dev,26.22
cost-3854,2025-07-29,clearwater-sales,ec2,uat,65.72
cost-3855,2025-07-29,clearwater-sales,ec2,prod,231.82
cost-3856,2025-07-29,clearwater-sales,rds,dev,16.27
cost-3857,2025-07-29,clearwater-sales,rds,uat,34.90
cost-3858,2025-07-29,clearwater-sales,rds,prod,130.48
cost-3859,2025-07-29,clearwater-sales,s3,dev,14.97
cost-3860,2025-07-29,clearwater-sales,s3,uat,27.97
cost-3861,2025-07-29,clearwater-sales,s3,prod,104.94
cost-3862,2025-07-29,clearwater-sales,lambda,dev,39.34
cost-3863,2025-07-29,clearwater-sales,lambda,uat,74.99
cost-3864,2025-07-29,clearwater-sales,lambda,prod,284.95
cost-3865,2025-07-29,clearwater-sales,eks,dev,10.69
cost-3866,2025-07-29,clearwater-sales,eks,uat,21.33
cost-3867,2025-07-29,clearwater-sales,eks,prod,83.65
cost-3868,2025-07-29,clearwater-sales,cloudwatch,dev,9.23
cost-3869,2025-07-29,clearwater-sales,cloudwatch,uat,19.46
cost-3870,2025-07-29,clearwater-sales,cloudwatch,prod,72.94
cost-3871,2025-07-29,clearwater-collateral,ec2,dev,15.02
cost-3872,2025-07-29,clearwater-collateral,ec2,uat,27.37
cost-3873,2025-07-29,clearwater-collateral,ec2,prod,99.49
cost-3874,2025-07-29,clearwater-collateral,rds,dev,29.10
cost-3875,2025-07-29,clearwater-collateral,rds,uat,58.54
cost-3876,2025-07-29,clearwater-collateral,rds,prod,238.73
cost-3877,2025-07-29,clearwater-collateral,s3,dev,30.95
cost-3878,2025-07-29,clearwater-collateral,s3,uat,47.92
cost-3879,2025-07-29,clearwater-collateral,s3,prod,205.88
cost-3880,2025-07-29,clearwater-collateral,lambda,dev,6.86
cost-3881,2025-07-29,clearwater-collateral,lambda,uat,15.79
cost-3882,2025-07-29,clearwater-collateral,lambda,prod,55.86
cost-3883,2025-07-29,clearwater-collateral,eks,dev,7.04
cost-3884,2025-07-29,clearwater-collateral,eks,uat,13.30
cost-3885,2025-07-29,clearwater-collateral,eks,prod,45.88
cost-3886,2025-07-29,clearwater-collateral,cloudwatch,dev,4.50
cost-3887,2025-07-29,clearwater-collateral,cloudwatch,uat,8.56
cost-3888,2025-07-29,clearwater-collateral,cloudwatch,prod,30.46
cost-3889,2025-07-30,clearwater-trade,ec2,dev,83.04
cost-3890,2025-07-30,clearwater-trade,ec2,uat,172.27
cost-3891,2025-07-30,clearwater-trade,ec2,prod,669.25
cost-3892,2025-07-30,clearwater-trade,rds,dev,60.63
cost-3893,2025-07-30,clearwater-trade,rds,uat,122.43
cost-3894,2025-07-30,clearwater-trade,rds,prod,517.09
cost-3895,2025-07-30,clearwater-trade,s3,dev,13.95
cost-3896,2025-07-30,clearwater-trade,s3,uat,21.93
cost-3897,2025-07-30,clearwater-trade,s3,prod,98.17
cost-3898,2025-07-30,clearwater-trade,lambda,dev,25.71
cost-3899,2025-07-30,clearwater-trade,lambda,uat,47.93
cost-3900,2025-07-30,clearwater-trade,lambda,prod,200.83
cost-3901,2025-07-30,clearwater-trade,eks,dev,45.61
cost-3902,2025-07-30,clearwater-trade,eks,uat,107.82
cost-3903,2025-07-30,clearwater-trade,eks,prod,410.54
cost-3904,2025-07-30,clearwater-trade,cloudwatch,dev,14.16
cost-3905,2025-07-30,clearwater-trade,cloudwatch,uat,22.48
cost-3906,2025-07-30,clearwater-trade,cloudwatch,prod,91.85
cost-3907,2025-07-30,clearwater-settlement,ec2,dev,75.11
cost-3908,2025-07-30,clearwater-settlement,ec2,uat,124.31
cost-3909,2025-07-30,clearwater-settlement,ec2,prod,492.24
cost-3910,2025-07-30,clearwater-settlement,rds,dev,72.17
cost-3911,2025-07-30,clearwater-settlement,rds,uat,131.21
cost-3912,2025-07-30,clearwater-settlement,rds,prod,467.00
cost-3913,2025-07-30,clearwater-settlement,s3,dev,17.79
cost-3914,2025-07-30,clearwater-settlement,s3,uat,35.04
cost-3915,2025-07-30,clearwater-settlement,s3,prod,113.72
cost-3916,2025-07-30,clearwater-settlement,lambda,dev,27.23
cost-3917,2025-07-30,clearwater-settlement,lambda,uat,48.85
cost-3918,2025-07-30,clearwater-settlement,lambda,prod,188.68
cost-3919,2025-07-30,clearwater-settlement,eks,dev,38.77
cost-3920,2025-07-30,clearwater-settlement,eks,uat,69.71
cost-3921,2025-07-30,clearwater-settlement,eks,prod,220.33
cost-3922,2025-07-30,clearwater-settlement,cloudwatch,dev,11.52
cost-3923,2025-07-30,clearwater-settlement,cloudwatch,uat,22.08
cost-3924,2025-07-30,clearwater-settlement,cloudwatch,prod,88.89
cost-3925,2025-07-30,clearwater-sales,ec2,dev,25.91
cost-3926,2025-07-30,clearwater-sales,ec2,uat,65.36
cost-3927,2025-07-30,clearwater-sales,ec2,prod,196.50
cost-3928,2025-07-30,clearwater-sales,rds,dev,18.84
cost-3929,2025-07-30,clearwater-sales,rds,uat,39.23
cost-3930,2025-07-30,clearwater-sales,rds,prod,128.05
cost-3931,2025-07-30,clearwater-sales,s3,dev,15.42
cost-3932,2025-07-30,clearwater-sales,s3,uat,24.93
cost-3933,2025-07-30,clearwater-sales,s3,prod,97.43
cost-3934,2025-07-30,clearwater-sales,lambda,dev,36.30
cost-3935,2025-07-30,clearwater-sales,lambda,uat,70.52
cost-3936,2025-07-30,clearwater-sales,lambda,prod,286.00
cost-3937,2025-07-30,clearwater-sales,eks,dev,13.36
cost-3938,2025-07-30,clearwater-sales,eks,uat,23.46
cost-3939,2025-07-30,clearwater-sales,eks,prod,88.15
cost-3940,2025-07-30,clearwater-sales,cloudwatch,dev,8.89
cost-3941,2025-07-30,clearwater-sales,cloudwatch,uat,20.38
cost-3942,2025-07-30,clearwater-sales,cloudwatch,prod,67.64
cost-3943,2025-07-30,clearwater-collateral,ec2,dev,13.56
cost-3944,2025-07-30,clearwater-collateral,ec2,uat,23.60
cost-3945,2025-07-30,clearwater-collateral,ec2,prod,108.44
cost-3946,2025-07-30,clearwater-collateral,rds,dev,35.57
cost-3947,2025-07-30,clearwater-collateral,rds,uat,70.07
cost-3948,2025-07-30,clearwater-collateral,rds,prod,194.27
cost-3949,2025-07-30,clearwater-collateral,s3,dev,25.83
cost-3950,2025-07-30,clearwater-collateral,s3,uat,48.19
cost-3951,2025-07-30,clearwater-collateral,s3,prod,218.99
cost-3952,2025-07-30,clearwater-collateral,lambda,dev,6.42
cost-3953,2025-07-30,clearwater-collateral,lambda,uat,15.77
cost-3954,2025-07-30,clearwater-collateral,lambda,prod,54.62
cost-3955,2025-07-30,clearwater-collateral,eks,dev,6.98
cost-3956,2025-07-30,clearwater-collateral,eks,uat,11.70
cost-3957,2025-07-30,clearwater-collateral,eks,prod,46.54
cost-3958,2025-07-30,clearwater-collateral,cloudwatch,dev,4.51
cost-3959,2025-07-30,clearwater-collateral,cloudwatch,uat,10.40
cost-3960,2025-07-30,clearwater-collateral,cloudwatch,prod,35.66
cost-3961,2025-07-31,clearwater-trade,ec2,dev,90.64
cost-3962,2025-07-31,clearwater-trade,ec2,uat,204.14
cost-3963,2025-07-31,clearwater-trade,ec2,prod,666.30
cost-3964,2025-07-31,clearwater-trade,rds,dev,61.34
cost-3965,2025-07-31,clearwater-trade,rds,uat,141.50
cost-3966,2025-07-31,clearwater-trade,rds,prod,392.91
cost-3967,2025-07-31,clearwater-trade,s3,dev,11.12
cost-3968,2025-07-31,clearwater-trade,s3,uat,23.36
cost-3969,2025-07-31,clearwater-trade,s3,prod,92.81
cost-3970,2025-07-31,clearwater-trade,lambda,dev,23.42
cost-3971,2025-07-31,clearwater-trade,lambda,uat,47.05
cost-3972,2025-07-31,clearwater-trade,lambda,prod,156.58
cost-3973,2025-07-31,clearwater-trade,eks,dev,50.91
cost-3974,2025-07-31,clearwater-trade,eks,uat,110.48
cost-3975,2025-07-31,clearwater-trade,eks,prod,316.31
cost-3976,2025-07-31,clearwater-trade,cloudwatch,dev,11.55
cost-3977,2025-07-31,clearwater-trade,cloudwatch,uat,28.86
cost-3978,2025-07-31,clearwater-trade,cloudwatch,prod,81.38
cost-3979,2025-07-31,clearwater-settlement,ec2,dev,68.09
cost-3980,2025-07-31,clearwater-settlement,ec2,uat,115.47
cost-3981,2025-07-31,clearwater-settlement,ec2,prod,485.84
cost-3982,2025-07-31,clearwater-settlement,rds,dev,57.64
cost-3983,2025-07-31,clearwater-settlement,rds,uat,149.11
cost-3984,2025-07-31,clearwater-settlement,rds,prod,480.22
cost-3985,2025-07-31,clearwater-settlement,s3,dev,15.67
cost-3986,2025-07-31,clearwater-settlement,s3,uat,40.25
cost-3987,2025-07-31,clearwater-settlement,s3,prod,122.85
cost-3988,2025-07-31,clearwater-settlement,lambda,dev,24.95
cost-3989,2025-07-31,clearwater-settlement,lambda,uat,54.32
cost-3990,2025-07-31,clearwater-settlement,lambda,prod,184.26
cost-3991,2025-07-31,clearwater-settlement,eks,dev,31.99
cost-3992,2025-07-31,clearwater-settlement,eks,uat,75.19
cost-3993,2025-07-31,clearwater-settlement,eks,prod,201.32
cost-3994,2025-07-31,clearwater-settlement,cloudwatch,dev,12.44
cost-3995,2025-07-31,clearwater-settlement,cloudwatch,uat,22.72
cost-3996,2025-07-31,clearwater-settlement,cloudwatch,prod,68.70
cost-3997,2025-07-31,clearwater-sales,ec2,dev,32.95
cost-3998,2025-07-31,clearwater-sales,ec2,uat,58.44
cost-3999,2025-07-31,clearwater-sales,ec2,prod,189.73
cost-4000,2025-07-31,clearwater-sales,rds,dev,20.21
cost-4001,2025-07-31,clearwater-sales,rds,uat,31.75
cost-4002,2025-07-31,clearwater-sales,rds,prod,126.41
cost-4003,2025-07-31,clearwater-sales,s3,dev,16.37
cost-4004,2025-07-31,clearwater-sales,s3,uat,28.74
cost-4005,2025-07-31,clearwater-sales,s3,prod,87.28
cost-4006,2025-07-31,clearwater-sales,lambda,dev,32.82
cost-4007,2025-07-31,clearwater-sales,lambda,uat,78.48
cost-4008,2025-07-31,clearwater-sales,lambda,prod,231.08
cost-4009,2025-07-31,clearwater-sales,eks,dev,12.06
cost-4010,2025-07-31,clearwater-sales,eks,uat,25.98
cost-4011,2025-07-31,clearwater-sales,eks,prod,90.94
cost-4012,2025-07-31,clearwater-sales,cloudwatch,dev,9.30
cost-4013,2025-07-31,clearwater-sales,cloudwatch,uat,19.86
cost-4014,2025-07-31,clearwater-sales,cloudwatch,prod,66.93
cost-4015,2025-07-31,clearwater-collateral,ec2,dev,15.36
cost-4016,2025-07-31,clearwater-collateral,ec2,uat,26.03
cost-4017,2025-07-31,clearwater-collateral,ec2,prod,107.68
cost-4018,2025-07-31,clearwater-collateral,rds,dev,27.82
cost-4019,2025-07-31,clearwater-collateral,rds,uat,68.74
cost-4020,2025-07-31,clearwater-collateral,rds,prod,228.99
cost-4021,2025-07-31,clearwater-collateral,s3,dev,26.35
cost-4022,2025-07-31,clearwater-collateral,s3,uat,58.58
cost-4023,2025-07-31,clearwater-collateral,s3,prod,207.47
cost-4024,2025-07-31,clearwater-collateral,lambda,dev,7.94
cost-4025,2025-07-31,clearwater-collateral,lambda,uat,16.28
cost-4026,2025-07-31,clearwater-collateral,lambda,prod,54.68
cost-4027,2025-07-31,clearwater-collateral,eks,dev,5.59
cost-4028,2025-07-31,clearwater-collateral,eks,uat,13.14
cost-4029,2025-07-31,clearwater-collateral,eks,prod,41.46
cost-4030,2025-07-31,clearwater-collateral,cloudwatch,dev,4.47
cost-4031,2025-07-31,clearwater-collateral,cloudwatch,uat,10.44
cost-4032,2025-07-31,clearwater-collateral,cloudwatch,prod,29.55
cost-4033,2025-08-01,clearwater-trade,ec2,dev,78.91
cost-4034,2025-08-01,clearwater-trade,ec2,uat,178.45
cost-4035,2025-08-01,clearwater-trade,ec2,prod,589.64
cost-4036,2025-08-01,clearwater-trade,rds,dev,62.90
cost-4037,2025-08-01,clearwater-trade,rds,uat,140.98
cost-4038,2025-08-01,clearwater-trade,rds,prod,430.61
cost-4039,2025-08-01,clearwater-trade,s3,dev,13.95
cost-4040,2025-08-01,clearwater-trade,s3,uat,27.49
cost-4041,2025-08-01,clearwater-trade,s3,prod,98.29
cost-4042,2025-08-01,clearwater-trade,lambda,dev,27.00
cost-4043,2025-08-01,clearwater-trade,lambda,uat,50.86
cost-4044,2025-08-01,clearwater-trade,lambda,prod,205.91
cost-4045,2025-08-01,clearwater-trade,eks,dev,49.96
cost-4046,2025-08-01,clearwater-trade,eks,uat,110.16
cost-4047,2025-08-01,clearwater-trade,eks,prod,409.52
cost-4048,2025-08-01,clearwater-trade,cloudwatch,dev,12.80
cost-4049,2025-08-01,clearwater-trade,cloudwatch,uat,29.74
cost-4050,2025-08-01,clearwater-trade,cloudwatch,prod,94.72
cost-4051,2025-08-01,clearwater-settlement,ec2,dev,73.10
cost-4052,2025-08-01,clearwater-settlement,ec2,uat,153.04
cost-4053,2025-08-01,clearwater-settlement,ec2,prod,546.51
cost-4054,2025-08-01,clearwater-settlement,rds,dev,65.64
cost-4055,2025-08-01,clearwater-settlement,rds,uat,154.43
cost-4056,2025-08-01,clearwater-settlement,rds,prod,474.96
cost-4057,2025-08-01,clearwater-settlement,s3,dev,16.25
cost-4058,2025-08-01,clearwater-settlement,s3,uat,33.63
cost-4059,2025-08-01,clearwater-settlement,s3,prod,134.80
cost-4060,2025-08-01,clearwater-settlement,lambda,dev,24.22
cost-4061,2025-08-01,clearwater-settlement,lambda,uat,58.19
cost-4062,2025-08-01,clearwater-settlement,lambda,prod,169.20
cost-4063,2025-08-01,clearwater-settlement,eks,dev,34.61
cost-4064,2025-08-01,clearwater-settlement,eks,uat,59.86
cost-4065,2025-08-01,clearwater-settlement,eks,prod,208.76
cost-4066,2025-08-01,clearwater-settlement,cloudwatch,dev,11.39
cost-4067,2025-08-01,clearwater-settlement,cloudwatch,uat,20.75
cost-4068,2025-08-01,clearwater-settlement,cloudwatch,prod,69.97
cost-4069,2025-08-01,clearwater-sales,ec2,dev,26.94
cost-4070,2025-08-01,clearwater-sales,ec2,uat,60.26
cost-4071,2025-08-01,clearwater-sales,ec2,prod,244.43
cost-4072,2025-08-01,clearwater-sales,rds,dev,20.07
cost-4073,2025-08-01,clearwater-sales,rds,uat,36.98
cost-4074,2025-08-01,clearwater-sales,rds,prod,144.11
cost-4075,2025-08-01,clearwater-sales,s3,dev,15.94
cost-4076,2025-08-01,clearwater-sales,s3,uat,32.61
cost-4077,2025-08-01,clearwater-sales,s3,prod,92.59
cost-4078,2025-08-01,clearwater-sales,lambda,dev,40.64
cost-4079,2025-08-01,clearwater-sales,lambda,uat,68.38
cost-4080,2025-08-01,clearwater-sales,lambda,prod,250.55
cost-4081,2025-08-01,clearwater-sales,eks,dev,11.19
cost-4082,2025-08-01,clearwater-sales,eks,uat,22.70
cost-4083,2025-08-01,clearwater-sales,eks,prod,99.50
cost-4084,2025-08-01,clearwater-sales,cloudwatch,dev,8.93
cost-4085,2025-08-01,clearwater-sales,cloudwatch,uat,21.16
cost-4086,2025-08-01,clearwater-sales,cloudwatch,prod,76.62
cost-4087,2025-08-01,clearwater-collateral,ec2,dev,13.90
cost-4088,2025-08-01,clearwater-collateral,ec2,uat,30.46
cost-4089,2025-08-01,clearwater-collateral,ec2,prod,86.58
cost-4090,2025-08-01,clearwater-collateral,rds,dev,33.83
cost-4091,2025-08-01,clearwater-collateral,rds,uat,58.17
cost-4092,2025-08-01,clearwater-collateral,rds,prod,238.82
cost-4093,2025-08-01,clearwater-collateral,s3,dev,29.07
cost-4094,2025-08-01,clearwater-collateral,s3,uat,50.26
cost-4095,2025-08-01,clearwater-collateral,s3,prod,190.86
cost-4096,2025-08-01,clearwater-collateral,lambda,dev,8.32
cost-4097,2025-08-01,clearwater-collateral,lambda,uat,13.89
cost-4098,2025-08-01,clearwater-collateral,lambda,prod,57.60
cost-4099,2025-08-01,clearwater-collateral,eks,dev,5.77
cost-4100,2025-08-01,clearwater-collateral,eks,uat,13.44
cost-4101,2025-08-01,clearwater-collateral,eks,prod,40.95
cost-4102,2025-08-01,clearwater-collateral,cloudwatch,dev,4.31
cost-4103,2025-08-01,clearwater-collateral,cloudwatch,uat,9.75
cost-4104,2025-08-01,clearwater-collateral,cloudwatch,prod,35.64
cost-4105,2025-08-02,clearwater-trade,ec2,dev,92.99
cost-4106,2025-08-02,clearwater-trade,ec2,uat,173.95
cost-4107,2025-08-02,clearwater-trade,ec2,prod,569.05
cost-4108,2025-08-02,clearwater-trade,rds,dev,75.73
cost-4109,2025-08-02,clearwater-trade,rds,uat,143.50
cost-4110,2025-08-02,clearwater-trade,rds,prod,451.92
cost-4111,2025-08-02,clearwater-trade,s3,dev,14.76
cost-4112,2025-08-02,clearwater-trade,s3,uat,28.85
cost-4113,2025-08-02,clearwater-trade,s3,prod,95.03
cost-4114,2025-08-02,clearwater-trade,lambda,dev,24.77
cost-4115,2025-08-02,clearwater-trade,lambda,uat,58.00
cost-4116,2025-08-02,clearwater-trade,lambda,prod,198.70
cost-4117,2025-08-02,clearwater-trade,eks,dev,60.30
cost-4118,2025-08-02,clearwater-trade,eks,uat,117.30
cost-4119,2025-08-02,clearwater-trade,eks,prod,397.19
cost-4120,2025-08-02,clearwater-trade,cloudwatch,dev,12.77
cost-4121,2025-08-02,clearwater-trade,cloudwatch,uat,28.70
cost-4122,2025-08-02,clearwater-trade,cloudwatch,prod,96.63
cost-4123,2025-08-02,clearwater-settlement,ec2,dev,70.00
cost-4124,2025-08-02,clearwater-settlement,ec2,uat,118.95
cost-4125,2025-08-02,clearwater-settlement,ec2,prod,499.87
cost-4126,2025-08-02,clearwater-settlement,rds,dev,76.76
cost-4127,2025-08-02,clearwater-settlement,rds,uat,134.32
cost-4128,2025-08-02,clearwater-settlement,rds,prod,548.58
cost-4129,2025-08-02,clearwater-settlement,s3,dev,18.38
cost-4130,2025-08-02,clearwater-settlement,s3,uat,37.79
cost-4131,2025-08-02,clearwater-settlement,s3,prod,118.34
cost-4132,2025-08-02,clearwater-settlement,lambda,dev,28.03
cost-4133,2025-08-02,clearwater-settlement,lambda,uat,52.78
cost-4134,2025-08-02,clearwater-settlement,lambda,prod,207.06
cost-4135,2025-08-02,clearwater-settlement,eks,dev,34.09
cost-4136,2025-08-02,clearwater-settlement,eks,uat,66.19
cost-4137,2025-08-02,clearwater-settlement,eks,prod,245.60
cost-4138,2025-08-02,clearwater-settlement,cloudwatch,dev,12.61
cost-4139,2025-08-02,clearwater-settlement,cloudwatch,uat,24.40
cost-4140,2025-08-02,clearwater-settlement,cloudwatch,prod,74.74
cost-4141,2025-08-02,clearwater-sales,ec2,dev,32.59
cost-4142,2025-08-02,clearwater-sales,ec2,uat,59.88
cost-4143,2025-08-02,clearwater-sales,ec2,prod,191.26
cost-4144,2025-08-02,clearwater-sales,rds,dev,20.15
cost-4145,2025-08-02,clearwater-sales,rds,uat,37.30
cost-4146,2025-08-02,clearwater-sales,rds,prod,130.30
cost-4147,2025-08-02,clearwater-sales,s3,dev,16.30
cost-4148,2025-08-02,clearwater-sales,s3,uat,29.32
cost-4149,2025-08-02,clearwater-sales,s3,prod,112.68
cost-4150,2025-08-02,clearwater-sales,lambda,dev,37.04
cost-4151,2025-08-02,clearwater-sales,lambda,uat,78.71
cost-4152,2025-08-02,clearwater-sales,lambda,prod,245.18
cost-4153,2025-08-02,clearwater-sales,eks,dev,13.60
cost-4154,2025-08-02,clearwater-sales,eks,uat,26.08
cost-4155,2025-08-02,clearwater-sales,eks,prod,91.95
cost-4156,2025-08-02,clearwater-sales,cloudwatch,dev,9.80
cost-4157,2025-08-02,clearwater-sales,cloudwatch,uat,18.20
cost-4158,2025-08-02,clearwater-sales,cloudwatch,prod,65.20
cost-4159,2025-08-02,clearwater-collateral,ec2,dev,13.13
cost-4160,2025-08-02,clearwater-collateral,ec2,uat,31.11
cost-4161,2025-08-02,clearwater-collateral,ec2,prod,83.34
cost-4162,2025-08-02,clearwater-collateral,rds,dev,36.94
cost-4163,2025-08-02,clearwater-collateral,rds,uat,72.44
cost-4164,2025-08-02,clearwater-collateral,rds,prod,241.56
cost-4165,2025-08-02,clearwater-collateral,s3,dev,24.88
cost-4166,2025-08-02,clearwater-collateral,s3,uat,50.51
cost-4167,2025-08-02,clearwater-collateral,s3,prod,211.54
cost-4168,2025-08-02,clearwater-collateral,lambda,dev,6.80
cost-4169,2025-08-02,clearwater-collateral,lambda,uat,16.17
cost-4170,2025-08-02,clearwater-collateral,lambda,prod,47.95
cost-4171,2025-08-02,clearwater-collateral,eks,dev,6.24
cost-4172,2025-08-02,clearwater-collateral,eks,uat,13.03
cost-4173,2025-08-02,clearwater-collateral,eks,prod,39.45
cost-4174,2025-08-02,clearwater-collateral,cloudwatch,dev,4.00
cost-4175,2025-08-02,clearwater-collateral,cloudwatch,uat,10.43
cost-4176,2025-08-02,clearwater-collateral,cloudwatch,prod,31.22
cost-4177,2025-08-03,clearwater-trade,ec2,dev,97.79
cost-4178,2025-08-03,clearwater-trade,ec2,uat,193.63
cost-4179,2025-08-03,clearwater-trade,ec2,prod,553.72
cost-4180,2025-08-03,clearwater-trade,rds,dev,74.97
cost-4181,2025-08-03,clearwater-trade,rds,uat,137.45
cost-4182,2025-08-03,clearwater-trade,rds,prod,524.19
cost-4183,2025-08-03,clearwater-trade,s3,dev,11.41
cost-4184,2025-08-03,clearwater-trade,s3,uat,28.99
cost-4185,2025-08-03,clearwater-trade,s3,prod,85.63
cost-4186,2025-08-03,clearwater-trade,lambda,dev,22.95
cost-4187,2025-08-03,clearwater-trade,lambda,uat,47.25
cost-4188,2025-08-03,clearwater-trade,lambda,prod,200.75
cost-4189,2025-08-03,clearwater-trade,eks,dev,48.83
cost-4190,2025-08-03,clearwater-trade,eks,uat,111.59
cost-4191,2025-08-03,clearwater-trade,eks,prod,339.37
cost-4192,2025-08-03,clearwater-trade,cloudwatch,dev,13.10
cost-4193,2025-08-03,clearwater-trade,cloudwatch,uat,28.06
cost-4194,2025-08-03,clearwater-trade,cloudwatch,prod,87.80
cost-4195,2025-08-03,clearwater-settlement,ec2,dev,71.09
cost-4196,2025-08-03,clearwater-settlement,ec2,uat,144.02
cost-4197,2025-08-03,clearwater-settlement,ec2,prod,539.44
cost-4198,2025-08-03,clearwater-settlement,rds,dev,75.18
cost-4199,2025-08-03,clearwater-settlement,rds,uat,122.49
cost-4200,2025-08-03,clearwater-settlement,rds,prod,461.81
cost-4201,2025-08-03,clearwater-settlement,s3,dev,20.94
cost-4202,2025-08-03,clearwater-settlement,s3,uat,34.52
cost-4203,2025-08-03,clearwater-settlement,s3,prod,137.30
cost-4204,2025-08-03,clearwater-settlement,lambda,dev,28.50
cost-4205,2025-08-03,clearwater-settlement,lambda,uat,55.71
cost-4206,2025-08-03,clearwater-settlement,lambda,prod,184.24
cost-4207,2025-08-03,clearwater-settlement,eks,dev,37.23
cost-4208,2025-08-03,clearwater-settlement,eks,uat,72.98
cost-4209,2025-08-03,clearwater-settlement,eks,prod,262.07
cost-4210,2025-08-03,clearwater-settlement,cloudwatch,dev,11.48
cost-4211,2025-08-03,clearwater-settlement,cloudwatch,uat,22.47
cost-4212,2025-08-03,clearwater-settlement,cloudwatch,prod,72.86
cost-4213,2025-08-03,clearwater-sales,ec2,dev,34.10
cost-4214,2025-08-03,clearwater-sales,ec2,uat,57.25
cost-4215,2025-08-03,clearwater-sales,ec2,prod,200.28
cost-4216,2025-08-03,clearwater-sales,rds,dev,20.57
cost-4217,2025-08-03,clearwater-sales,rds,uat,41.80
cost-4218,2025-08-03,clearwater-sales,rds,prod,124.70
cost-4219,2025-08-03,clearwater-sales,s3,dev,15.05
cost-4220,2025-08-03,clearwater-sales,s3,uat,31.92
cost-4221,2025-08-03,clearwater-sales,s3,prod,112.27
cost-4222,2025-08-03,clearwater-sales,lambda,dev,41.82
cost-4223,2025-08-03,clearwater-sales,lambda,uat,66.95
cost-4224,2025-08-03,clearwater-sales,lambda,prod,260.36
cost-4225,2025-08-03,clearwater-sales,eks,dev,11.81
cost-4226,2025-08-03,clearwater-sales,eks,uat,28.23
cost-4227,2025-08-03,clearwater-sales,eks,prod,94.15
cost-4228,2025-08-03,clearwater-sales,cloudwatch,dev,9.93
cost-4229,2025-08-03,clearwater-sales,cloudwatch,uat,21.78
cost-4230,2025-08-03,clearwater-sales,cloudwatch,prod,77.16
cost-4231,2025-08-03,clearwater-collateral,ec2,dev,13.32
cost-4232,2025-08-03,clearwater-collateral,ec2,uat,26.93
cost-4233,2025-08-03,clearwater-collateral,ec2,prod,106.87
cost-4234,2025-08-03,clearwater-collateral,rds,dev,33.39
cost-4235,2025-08-03,clearwater-collateral,rds,uat,69.66
cost-4236,2025-08-03,clearwater-collateral,rds,prod,219.80
cost-4237,2025-08-03,clearwater-collateral,s3,dev,31.65
cost-4238,2025-08-03,clearwater-collateral,s3,uat,51.35
cost-4239,2025-08-03,clearwater-collateral,s3,prod,211.08
cost-4240,2025-08-03,clearwater-collateral,lambda,dev,6.54
cost-4241,2025-08-03,clearwater-collateral,lambda,uat,15.40
cost-4242,2025-08-03,clearwater-collateral,lambda,prod,56.39
cost-4243,2025-08-03,clearwater-collateral,eks,dev,6.74
cost-4244,2025-08-03,clearwater-collateral,eks,uat,11.34
cost-4245,2025-08-03,clearwater-collateral,eks,prod,41.75
cost-4246,2025-08-03,clearwater-collateral,cloudwatch,dev,4.29
cost-4247,2025-08-03,clearwater-collateral,cloudwatch,uat,8.46
cost-4248,2025-08-03,clearwater-collateral,cloudwatch,prod,34.05
cost-4249,2025-08-04,clearwater-trade,ec2,dev,81.06
cost-4250,2025-08-04,clearwater-trade,ec2,uat,196.74
cost-4251,2025-08-04,clearwater-trade,ec2,prod,735.03
cost-4252,2025-08-04,clearwater-trade,rds,dev,64.73
cost-4253,2025-08-04,clearwater-trade,rds,uat,129.28
cost-4254,2025-08-04,clearwater-trade,rds,prod,486.17
cost-4255,2025-08-04,clearwater-trade,s3,dev,13.34
cost-4256,2025-08-04,clearwater-trade,s3,uat,24.65
cost-4257,2025-08-04,clearwater-trade,s3,prod,88.53
cost-4258,2025-08-04,clearwater-trade,lambda,dev,27.13
cost-4259,2025-08-04,clearwater-trade,lambda,uat,47.27
cost-4260,2025-08-04,clearwater-trade,lambda,prod,210.06
cost-4261,2025-08-04,clearwater-trade,eks,dev,60.64
cost-4262,2025-08-04,clearwater-trade,eks,uat,110.16
cost-4263,2025-08-04,clearwater-trade,eks,prod,405.26
cost-4264,2025-08-04,clearwater-trade,cloudwatch,dev,13.28
cost-4265,2025-08-04,clearwater-trade,cloudwatch,uat,22.60
cost-4266,2025-08-04,clearwater-trade,cloudwatch,prod,96.59
cost-4267,2025-08-04,clearwater-settlement,ec2,dev,73.68
cost-4268,2025-08-04,clearwater-settlement,ec2,uat,150.08
cost-4269,2025-08-04,clearwater-settlement,ec2,prod,477.49
cost-4270,2025-08-04,clearwater-settlement,rds,dev,73.61
cost-4271,2025-08-04,clearwater-settlement,rds,uat,121.84
cost-4272,2025-08-04,clearwater-settlement,rds,prod,423.79
cost-4273,2025-08-04,clearwater-settlement,s3,dev,21.00
cost-4274,2025-08-04,clearwater-settlement,s3,uat,37.42
cost-4275,2025-08-04,clearwater-settlement,s3,prod,140.44
cost-4276,2025-08-04,clearwater-settlement,lambda,dev,26.59
cost-4277,2025-08-04,clearwater-settlement,lambda,uat,49.89
cost-4278,2025-08-04,clearwater-settlement,lambda,prod,214.55
cost-4279,2025-08-04,clearwater-settlement,eks,dev,37.89
cost-4280,2025-08-04,clearwater-settlement,eks,uat,73.43
cost-4281,2025-08-04,clearwater-settlement,eks,prod,233.02
cost-4282,2025-08-04,clearwater-settlement,cloudwatch,dev,11.14
cost-4283,2025-08-04,clearwater-settlement,cloudwatch,uat,26.46
cost-4284,2025-08-04,clearwater-settlement,cloudwatch,prod,79.82
cost-4285,2025-08-04,clearwater-sales,ec2,dev,28.12
cost-4286,2025-08-04,clearwater-sales,ec2,uat,53.42
cost-4287,2025-08-04,clearwater-sales,ec2,prod,213.87
cost-4288,2025-08-04,clearwater-sales,rds,dev,18.78
cost-4289,2025-08-04,clearwater-sales,rds,uat,42.10
cost-4290,2025-08-04,clearwater-sales,rds,prod,124.78
cost-4291,2025-08-04,clearwater-sales,s3,dev,15.12
cost-4292,2025-08-04,clearwater-sales,s3,uat,29.16
cost-4293,2025-08-04,clearwater-sales,s3,prod,118.68
cost-4294,2025-08-04,clearwater-sales,lambda,dev,41.79
cost-4295,2025-08-04,clearwater-sales,lambda,uat,68.74
cost-4296,2025-08-04,clearwater-sales,lambda,prod,227.43
cost-4297,2025-08-04,clearwater-sales,eks,dev,10.72
cost-4298,2025-08-04,clearwater-sales,eks,uat,22.52
cost-4299,2025-08-04,clearwater-sales,eks,prod,87.68
cost-4300,2025-08-04,clearwater-sales,cloudwatch,dev,10.41
cost-4301,2025-08-04,clearwater-sales,cloudwatch,uat,19.41
cost-4302,2025-08-04,clearwater-sales,cloudwatch,prod,68.77
cost-4303,2025-08-04,clearwater-collateral,ec2,dev,15.14
cost-4304,2025-08-04,clearwater-collateral,ec2,uat,26.74
cost-4305,2025-08-04,clearwater-collateral,ec2,prod,96.06
cost-4306,2025-08-04,clearwater-collateral,rds,dev,27.73
cost-4307,2025-08-04,clearwater-collateral,rds,uat,61.42
cost-4308,2025-08-04,clearwater-collateral,rds,prod,222.81
cost-4309,2025-08-04,clearwater-collateral,s3,dev,29.99
cost-4310,2025-08-04,clearwater-collateral,s3,uat,58.72
cost-4311,2025-08-04,clearwater-collateral,s3,prod,179.25
cost-4312,2025-08-04,clearwater-collateral,lambda,dev,7.84
cost-4313,2025-08-04,clearwater-collateral,lambda,uat,15.55
cost-4314,2025-08-04,clearwater-collateral,lambda,prod,48.70
cost-4315,2025-08-04,clearwater-collateral,eks,dev,7.22
cost-4316,2025-08-04,clearwater-collateral,eks,uat,12.64
cost-4317,2025-08-04,clearwater-collateral,eks,prod,48.32
cost-4318,2025-08-04,clearwater-collateral,cloudwatch,dev,4.61
cost-4319,2025-08-04,clearwater-collateral,cloudwatch,uat,9.44
cost-4320,2025-08-04,clearwater-collateral,cloudwatch,prod,36.33
cost-4321,2025-08-05,clearwater-trade,ec2,dev,100.54
cost-4322,2025-08-05,clearwater-trade,ec2,uat,207.23
cost-4323,2025-08-05,clearwater-trade,ec2,prod,567.43
cost-4324,2025-08-05,clearwater-trade,rds,dev,62.97
cost-4325,2025-08-05,clearwater-trade,rds,uat,122.58
cost-4326,2025-08-05,clearwater-trade,rds,prod,408.06
cost-4327,2025-08-05,clearwater-trade,s3,dev,12.96
cost-4328,2025-08-05,clearwater-trade,s3,uat,30.16
cost-4329,2025-08-05,clearwater-trade,s3,prod,96.01
cost-4330,2025-08-05,clearwater-trade,lambda,dev,27.38
cost-4331,2025-08-05,clearwater-trade,lambda,uat,59.95
cost-4332,2025-08-05,clearwater-trade,lambda,prod,175.99
cost-4333,2025-08-05,clearwater-trade,eks,dev,52.14
cost-4334,2025-08-05,clearwater-trade,eks,uat,116.70
cost-4335,2025-08-05,clearwater-trade,eks,prod,401.17
cost-4336,2025-08-05,clearwater-trade,cloudwatch,dev,14.07
cost-4337,2025-08-05,clearwater-trade,cloudwatch,uat,26.41
cost-4338,2025-08-05,clearwater-trade,cloudwatch,prod,88.73
cost-4339,2025-08-05,clearwater-settlement,ec2,dev,64.11
cost-4340,2025-08-05,clearwater-settlement,ec2,uat,140.76
cost-4341,2025-08-05,clearwater-settlement,ec2,prod,525.91
cost-4342,2025-08-05,clearwater-settlement,rds,dev,79.44
cost-4343,2025-08-05,clearwater-settlement,rds,uat,120.20
cost-4344,2025-08-05,clearwater-settlement,rds,prod,487.10
cost-4345,2025-08-05,clearwater-settlement,s3,dev,17.70
cost-4346,2025-08-05,clearwater-settlement,s3,uat,41.87
cost-4347,2025-08-05,clearwater-settlement,s3,prod,124.47
cost-4348,2025-08-05,clearwater-settlement,lambda,dev,27.62
cost-4349,2025-08-05,clearwater-settlement,lambda,uat,63.19
cost-4350,2025-08-05,clearwater-settlement,lambda,prod,199.73
cost-4351,2025-08-05,clearwater-settlement,eks,dev,33.53
cost-4352,2025-08-05,clearwater-settlement,eks,uat,77.55
cost-4353,2025-08-05,clearwater-settlement,eks,prod,259.21
cost-4354,2025-08-05,clearwater-settlement,cloudwatch,dev,13.01
cost-4355,2025-08-05,clearwater-settlement,cloudwatch,uat,20.12
cost-4356,2025-08-05,clearwater-settlement,cloudwatch,prod,69.35
cost-4357,2025-08-05,clearwater-sales,ec2,dev,30.45
cost-4358,2025-08-05,clearwater-sales,ec2,uat,65.57
cost-4359,2025-08-05,clearwater-sales,ec2,prod,233.88
cost-4360,2025-08-05,clearwater-sales,rds,dev,16.36
cost-4361,2025-08-05,clearwater-sales,rds,uat,41.77
cost-4362,2025-08-05,clearwater-sales,rds,prod,115.64
cost-4363,2025-08-05,clearwater-sales,s3,dev,12.76
cost-4364,2025-08-05,clearwater-sales,s3,uat,28.75
cost-4365,2025-08-05,clearwater-sales,s3,prod,102.33
cost-4366,2025-08-05,clearwater-sales,lambda,dev,33.25
cost-4367,2025-08-05,clearwater-sales,lambda,uat,79.04
cost-4368,2025-08-05,clearwater-sales,lambda,prod,285.42
cost-4369,2025-08-05,clearwater-sales,eks,dev,13.73
cost-4370,2025-08-05,clearwater-sales,eks,uat,25.65
cost-4371,2025-08-05,clearwater-sales,eks,prod,79.69
cost-4372,2025-08-05,clearwater-sales,cloudwatch,dev,10.37
cost-4373,2025-08-05,clearwater-sales,cloudwatch,uat,22.51
cost-4374,2025-08-05,clearwater-sales,cloudwatch,prod,64.16
cost-4375,2025-08-05,clearwater-collateral,ec2,dev,13.32
cost-4376,2025-08-05,clearwater-collateral,ec2,uat,30.74
cost-4377,2025-08-05,clearwater-collateral,ec2,prod,100.55
cost-4378,2025-08-05,clearwater-collateral,rds,dev,35.89
cost-4379,2025-08-05,clearwater-collateral,rds,uat,61.40
cost-4380,2025-08-05,clearwater-collateral,rds,prod,226.10
cost-4381,2025-08-05,clearwater-collateral,s3,dev,26.61
cost-4382,2025-08-05,clearwater-collateral,s3,uat,55.78
cost-4383,2025-08-05,clearwater-collateral,s3,prod,190.28
cost-4384,2025-08-05,clearwater-collateral,lambda,dev,7.55
cost-4385,2025-08-05,clearwater-collateral,lambda,uat,12.95
cost-4386,2025-08-05,clearwater-collateral,lambda,prod,48.10
cost-4387,2025-08-05,clearwater-collateral,eks,dev,6.22
cost-4388,2025-08-05,clearwater-collateral,eks,uat,11.63
cost-4389,2025-08-05,clearwater-collateral,eks,prod,48.61
cost-4390,2025-08-05,clearwater-collateral,cloudwatch,dev,5.23
cost-4391,2025-08-05,clearwater-collateral,cloudwatch,uat,10.40
cost-4392,2025-08-05,clearwater-collateral,cloudwatch,prod,33.23
cost-4393,2025-08-06,clearwater-trade,ec2,dev,86.85
cost-4394,2025-08-06,clearwater-trade,ec2,uat,199.86
cost-4395,2025-08-06,clearwater-trade,ec2,prod,729.35
cost-4396,2025-08-06,clearwater-trade,rds,dev,56.77
cost-4397,2025-08-06,clearwater-trade,rds,uat,139.78
cost-4398,2025-08-06,clearwater-trade,rds,prod,459.47
cost-4399,2025-08-06,clearwater-trade,s3,dev,13.71
cost-4400,2025-08-06,clearwater-trade,s3,uat,25.36
cost-4401,2025-08-06,clearwater-trade,s3,prod,82.07
cost-4402,2025-08-06,clearwater-trade,lambda,dev,29.43
cost-4403,2025-08-06,clearwater-trade,lambda,uat,51.96
cost-4404,2025-08-06,clearwater-trade,lambda,prod,168.92
cost-4405,2025-08-06,clearwater-trade,eks,dev,56.10
cost-4406,2025-08-06,clearwater-trade,eks,uat,118.02
cost-4407,2025-08-06,clearwater-trade,eks,prod,425.60
cost-4408,2025-08-06,clearwater-trade,cloudwatch,dev,11.72
cost-4409,2025-08-06,clearwater-trade,cloudwatch,uat,25.49
cost-4410,2025-08-06,clearwater-trade,cloudwatch,prod,88.95
cost-4411,2025-08-06,clearwater-settlement,ec2,dev,77.28
cost-4412,2025-08-06,clearwater-settlement,ec2,uat,154.51
cost-4413,2025-08-06,clearwater-settlement,ec2,prod,464.37
cost-4414,2025-08-06,clearwater-settlement,rds,dev,75.82
cost-4415,2025-08-06,clearwater-settlement,rds,uat,118.25
cost-4416,2025-08-06,clearwater-settlement,rds,prod,497.03
cost-4417,2025-08-06,clearwater-settlement,s3,dev,17.79
cost-4418,2025-08-06,clearwater-settlement,s3,uat,37.73
cost-4419,2025-08-06,clearwater-settlement,s3,prod,140.48
cost-4420,2025-08-06,clearwater-settlement,lambda,dev,31.62
cost-4421,2025-08-06,clearwater-settlement,lambda,uat,62.37
cost-4422,2025-08-06,clearwater-settlement,lambda,prod,208.90
cost-4423,2025-08-06,clearwater-settlement,eks,dev,30.19
cost-4424,2025-08-06,clearwater-settlement,eks,uat,68.57
cost-4425,2025-08-06,clearwater-settlement,eks,prod,220.68
cost-4426,2025-08-06,clearwater-settlement,cloudwatch,dev,10.31
cost-4427,2025-08-06,clearwater-settlement,cloudwatch,uat,24.87
cost-4428,2025-08-06,clearwater-settlement,cloudwatch,prod,84.77
cost-4429,2025-08-06,clearwater-sales,ec2,dev,33.95
cost-4430,2025-08-06,clearwater-sales,ec2,uat,62.67
cost-4431,2025-08-06,clearwater-sales,ec2,prod,197.83
cost-4432,2025-08-06,clearwater-sales,rds,dev,18.21
cost-4433,2025-08-06,clearwater-sales,rds,uat,39.49
cost-4434,2025-08-06,clearwater-sales,rds,prod,138.86
cost-4435,2025-08-06,clearwater-sales,s3,dev,13.03
cost-4436,2025-08-06,clearwater-sales,s3,uat,30.37
cost-4437,2025-08-06,clearwater-sales,s3,prod,114.20
cost-4438,2025-08-06,clearwater-sales,lambda,dev,40.89
cost-4439,2025-08-06,clearwater-sales,lambda,uat,63.53
cost-4440,2025-08-06,clearwater-sales,lambda,prod,264.80
cost-4441,2025-08-06,clearwater-sales,eks,dev,11.57
cost-4442,2025-08-06,clearwater-sales,eks,uat,24.70
cost-4443,2025-08-06,clearwater-sales,eks,prod,96.26
cost-4444,2025-08-06,clearwater-sales,cloudwatch,dev,10.65
cost-4445,2025-08-06,clearwater-sales,cloudwatch,uat,18.12
cost-4446,2025-08-06,clearwater-sales,cloudwatch,prod,74.12
cost-4447,2025-08-06,clearwater-collateral,ec2,dev,14.93
cost-4448,2025-08-06,clearwater-collateral,ec2,uat,31.07
cost-4449,2025-08-06,clearwater-collateral,ec2,prod,108.21
cost-4450,2025-08-06,clearwater-collateral,rds,dev,28.33
cost-4451,2025-08-06,clearwater-collateral,rds,uat,63.49
cost-4452,2025-08-06,clearwater-collateral,rds,prod,206.15
cost-4453,2025-08-06,clearwater-collateral,s3,dev,28.08
cost-4454,2025-08-06,clearwater-collateral,s3,uat,53.10
cost-4455,2025-08-06,clearwater-collateral,s3,prod,214.43
cost-4456,2025-08-06,clearwater-collateral,lambda,dev,6.47
cost-4457,2025-08-06,clearwater-collateral,lambda,uat,16.08
cost-4458,2025-08-06,clearwater-collateral,lambda,prod,47.73
cost-4459,2025-08-06,clearwater-collateral,eks,dev,6.59
cost-4460,2025-08-06,clearwater-collateral,eks,uat,13.85
cost-4461,2025-08-06,clearwater-collateral,eks,prod,45.42
cost-4462,2025-08-06,clearwater-collateral,cloudwatch,dev,4.86
cost-4463,2025-08-06,clearwater-collateral,cloudwatch,uat,8.88
cost-4464,2025-08-06,clearwater-collateral,cloudwatch,prod,35.48
cost-4465,2025-08-07,clearwater-trade,ec2,dev,96.58
cost-4466,2025-08-07,clearwater-trade,ec2,uat,160.27
cost-4467,2025-08-07,clearwater-trade,ec2,prod,651.57
cost-4468,2025-08-07,clearwater-trade,rds,dev,64.91
cost-4469,2025-08-07,clearwater-trade,rds,uat,145.38
cost-4470,2025-08-07,clearwater-trade,rds,prod,443.52
cost-4471,2025-08-07,clearwater-trade,s3,dev,11.55
cost-4472,2025-08-07,clearwater-trade,s3,uat,23.00
cost-4473,2025-08-07,clearwater-trade,s3,prod,89.40
cost-4474,2025-08-07,clearwater-trade,lambda,dev,25.28
cost-4475,2025-08-07,clearwater-trade,lambda,uat,53.06
cost-4476,2025-08-07,clearwater-trade,lambda,prod,164.43
cost-4477,2025-08-07,clearwater-trade,eks,dev,56.15
cost-4478,2025-08-07,clearwater-trade,eks,uat,96.77
cost-4479,2025-08-07,clearwater-trade,eks,prod,368.03
cost-4480,2025-08-07,clearwater-trade,cloudwatch,dev,12.83
cost-4481,2025-08-07,clearwater-trade,cloudwatch,uat,23.93
cost-4482,2025-08-07,clearwater-trade,cloudwatch,prod,91.63
cost-4483,2025-08-07,clearwater-settlement,ec2,dev,70.72
cost-4484,2025-08-07,clearwater-settlement,ec2,uat,136.69
cost-4485,2025-08-07,clearwater-settlement,ec2,prod,453.86
cost-4486,2025-08-07,clearwater-settlement,rds,dev,76.20
cost-4487,2025-08-07,clearwater-settlement,rds,uat,142.94
cost-4488,2025-08-07,clearwater-settlement,rds,prod,440.59
cost-4489,2025-08-07,clearwater-settlement,s3,dev,17.57
cost-4490,2025-08-07,clearwater-settlement,s3,uat,31.68
cost-4491,2025-08-07,clearwater-settlement,s3,prod,123.63
cost-4492,2025-08-07,clearwater-settlement,lambda,dev,27.18
cost-4493,2025-08-07,clearwater-settlement,lambda,uat,50.68
cost-4494,2025-08-07,clearwater-settlement,lambda,prod,165.33
cost-4495,2025-08-07,clearwater-settlement,eks,dev,33.21
cost-4496,2025-08-07,clearwater-settlement,eks,uat,63.91
cost-4497,2025-08-07,clearwater-settlement,eks,prod,260.36
cost-4498,2025-08-07,clearwater-settlement,cloudwatch,dev,12.04
cost-4499,2025-08-07,clearwater-settlement,cloudwatch,uat,24.24
cost-4500,2025-08-07,clearwater-settlement,cloudwatch,prod,70.00
cost-4501,2025-08-07,clearwater-sales,ec2,dev,29.78
cost-4502,2025-08-07,clearwater-sales,ec2,uat,64.72
cost-4503,2025-08-07,clearwater-sales,ec2,prod,232.74
cost-4504,2025-08-07,clearwater-sales,rds,dev,19.33
cost-4505,2025-08-07,clearwater-sales,rds,uat,40.69
cost-4506,2025-08-07,clearwater-sales,rds,prod,118.71
cost-4507,2025-08-07,clearwater-sales,s3,dev,15.61
cost-4508,2025-08-07,clearwater-sales,s3,uat,33.72
cost-4509,2025-08-07,clearwater-sales,s3,prod,98.42
cost-4510,2025-08-07,clearwater-sales,lambda,dev,33.29
cost-4511,2025-08-07,clearwater-sales,lambda,uat,70.23
cost-4512,2025-08-07,clearwater-sales,lambda,prod,223.15
cost-4513,2025-08-07,clearwater-sales,eks,dev,10.58
cost-4514,2025-08-07,clearwater-sales,eks,uat,27.33
cost-4515,2025-08-07,clearwater-sales,eks,prod,98.16
cost-4516,2025-08-07,clearwater-sales,cloudwatch,dev,10.63
cost-4517,2025-08-07,clearwater-sales,cloudwatch,uat,19.23
cost-4518,2025-08-07,clearwater-sales,cloudwatch,prod,71.24
cost-4519,2025-08-07,clearwater-collateral,ec2,dev,11.93
cost-4520,2025-08-07,clearwater-collateral,ec2,uat,26.81
cost-4521,2025-08-07,clearwater-collateral,ec2,prod,94.31
cost-4522,2025-08-07,clearwater-collateral,rds,dev,30.80
cost-4523,2025-08-07,clearwater-collateral,rds,uat,60.61
cost-4524,2025-08-07,clearwater-collateral,rds,prod,253.32
cost-4525,2025-08-07,clearwater-collateral,s3,dev,25.55
cost-4526,2025-08-07,clearwater-collateral,s3,uat,50.06
cost-4527,2025-08-07,clearwater-collateral,s3,prod,212.56
cost-4528,2025-08-07,clearwater-collateral,lambda,dev,7.77
cost-4529,2025-08-07,clearwater-collateral,lambda,uat,15.93
cost-4530,2025-08-07,clearwater-collateral,lambda,prod,56.49
cost-4531,2025-08-07,clearwater-collateral,eks,dev,6.84
cost-4532,2025-08-07,clearwater-collateral,eks,uat,12.50
cost-4533,2025-08-07,clearwater-collateral,eks,prod,43.89
cost-4534,2025-08-07,clearwater-collateral,cloudwatch,dev,4.08
cost-4535,2025-08-07,clearwater-collateral,cloudwatch,uat,8.49
cost-4536,2025-08-07,clearwater-collateral,cloudwatch,prod,30.07
cost-4537,2025-08-08,clearwater-trade,ec2,dev,95.54
cost-4538,2025-08-08,clearwater-trade,ec2,uat,208.52
cost-4539,2025-08-08,clearwater-trade,ec2,prod,583.70
cost-4540,2025-08-08,clearwater-trade,rds,dev,69.27
cost-4541,2025-08-08,clearwater-trade,rds,uat,130.09
cost-4542,2025-08-08,clearwater-trade,rds,prod,520.10
cost-4543,2025-08-08,clearwater-trade,s3,dev,15.15
cost-4544,2025-08-08,clearwater-trade,s3,uat,27.41
cost-4545,2025-08-08,clearwater-trade,s3,prod,100.54
cost-4546,2025-08-08,clearwater-trade,lambda,dev,25.47
cost-4547,2025-08-08,clearwater-trade,lambda,uat,60.80
cost-4548,2025-08-08,clearwater-trade,lambda,prod,165.80
cost-4549,2025-08-08,clearwater-trade,eks,dev,60.88
cost-4550,2025-08-08,clearwater-trade,eks,uat,93.19
cost-4551,2025-08-08,clearwater-trade,eks,prod,373.74
cost-4552,2025-08-08,clearwater-trade,cloudwatch,dev,11.97
cost-4553,2025-08-08,clearwater-trade,cloudwatch,uat,23.48
cost-4554,2025-08-08,clearwater-trade,cloudwatch,prod,98.14
cost-4555,2025-08-08,clearwater-settlement,ec2,dev,77.83
cost-4556,2025-08-08,clearwater-settlement,ec2,uat,134.26
cost-4557,2025-08-08,clearwater-settlement,ec2,prod,418.35
cost-4558,2025-08-08,clearwater-settlement,rds,dev,60.87
cost-4559,2025-08-08,clearwater-settlement,rds,uat,138.44
cost-4560,2025-08-08,clearwater-settlement,rds,prod,470.37
cost-4561,2025-08-08,clearwater-settlement,s3,dev,18.39
cost-4562,2025-08-08,clearwater-settlement,s3,uat,38.83
cost-4563,2025-08-08,clearwater-settlement,s3,prod,111.17
cost-4564,2025-08-08,clearwater-settlement,lambda,dev,30.15
cost-4565,2025-08-08,clearwater-settlement,lambda,uat,56.45
cost-4566,2025-08-08,clearwater-settlement,lambda,prod,202.73
cost-4567,2025-08-08,clearwater-settlement,eks,dev,39.16
cost-4568,2025-08-08,clearwater-settlement,eks,uat,67.16
cost-4569,2025-08-08,clearwater-settlement,eks,prod,214.00
cost-4570,2025-08-08,clearwater-settlement,cloudwatch,dev,10.47
cost-4571,2025-08-08,clearwater-settlement,cloudwatch,uat,23.84
cost-4572,2025-08-08,clearwater-settlement,cloudwatch,prod,89.71
cost-4573,2025-08-08,clearwater-sales,ec2,dev,32.27
cost-4574,2025-08-08,clearwater-sales,ec2,uat,56.99
cost-4575,2025-08-08,clearwater-sales,ec2,prod,233.54
cost-4576,2025-08-08,clearwater-sales,rds,dev,17.93
cost-4577,2025-08-08,clearwater-sales,rds,uat,39.76
cost-4578,2025-08-08,clearwater-sales,rds,prod,127.15
cost-4579,2025-08-08,clearwater-sales,s3,dev,15.38
cost-4580,2025-08-08,clearwater-sales,s3,uat,26.59
cost-4581,2025-08-08,clearwater-sales,s3,prod,97.28
cost-4582,2025-08-08,clearwater-sales,lambda,dev,33.80
cost-4583,2025-08-08,clearwater-sales,lambda,uat,81.40
cost-4584,2025-08-08,clearwater-sales,lambda,prod,295.89
cost-4585,2025-08-08,clearwater-sales,eks,dev,11.20
cost-4586,2025-08-08,clearwater-sales,eks,uat,25.85
cost-4587,2025-08-08,clearwater-sales,eks,prod,85.94
cost-4588,2025-08-08,clearwater-sales,cloudwatch,dev,10.82
cost-4589,2025-08-08,clearwater-sales,cloudwatch,uat,19.61
cost-4590,2025-08-08,clearwater-sales,cloudwatch,prod,73.71
cost-4591,2025-08-08,clearwater-collateral,ec2,dev,13.01
cost-4592,2025-08-08,clearwater-collateral,ec2,uat,26.32
cost-4593,2025-08-08,clearwater-collateral,ec2,prod,95.98
cost-4594,2025-08-08,clearwater-collateral,rds,dev,32.73
cost-4595,2025-08-08,clearwater-collateral,rds,uat,57.13
cost-4596,2025-08-08,clearwater-collateral,rds,prod,214.54
cost-4597,2025-08-08,clearwater-collateral,s3,dev,28.97
cost-4598,2025-08-08,clearwater-collateral,s3,uat,62.27
cost-4599,2025-08-08,clearwater-collateral,s3,prod,180.70
cost-4600,2025-08-08,clearwater-collateral,lambda,dev,6.59
cost-4601,2025-08-08,clearwater-collateral,lambda,uat,14.96
cost-4602,2025-08-08,clearwater-collateral,lambda,prod,54.18
cost-4603,2025-08-08,clearwater-collateral,eks,dev,7.24
cost-4604,2025-08-08,clearwater-collateral,eks,uat,13.85
cost-4605,2025-08-08,clearwater-collateral,eks,prod,44.88
cost-4606,2025-08-08,clearwater-collateral,cloudwatch,dev,4.40
cost-4607,2025-08-08,clearwater-collateral,cloudwatch,uat,10.35
cost-4608,2025-08-08,clearwater-collateral,cloudwatch,prod,31.53
cost-4609,2025-08-09,clearwater-trade,ec2,dev,103.87
cost-4610,2025-08-09,clearwater-trade,ec2,uat,172.34
cost-4611,2025-08-09,clearwater-trade,ec2,prod,670.85
cost-4612,2025-08-09,clearwater-trade,rds,dev,68.71
cost-4613,2025-08-09,clearwater-trade,rds,uat,125.50
cost-4614,2025-08-09,clearwater-trade,rds,prod,504.71
cost-4615,2025-08-09,clearwater-trade,s3,dev,14.07
cost-4616,2025-08-09,clearwater-trade,s3,uat,29.30
cost-4617,2025-08-09,clearwater-trade,s3,prod,89.41
cost-4618,2025-08-09,clearwater-trade,lambda,dev,25.69
cost-4619,2025-08-09,clearwater-trade,lambda,uat,50.26
cost-4620,2025-08-09,clearwater-trade,lambda,prod,165.94
cost-4621,2025-08-09,clearwater-trade,eks,dev,48.19
cost-4622,2025-08-09,clearwater-trade,eks,uat,96.02
cost-4623,2025-08-09,clearwater-trade,eks,prod,397.35
cost-4624,2025-08-09,clearwater-trade,cloudwatch,dev,14.96
cost-4625,2025-08-09,clearwater-trade,cloudwatch,uat,24.82
cost-4626,2025-08-09,clearwater-trade,cloudwatch,prod,82.98
cost-4627,2025-08-09,clearwater-settlement,ec2,dev,70.57
cost-4628,2025-08-09,clearwater-settlement,ec2,uat,158.35
cost-4629,2025-08-09,clearwater-settlement,ec2,prod,473.48
cost-4630,2025-08-09,clearwater-settlement,rds,dev,62.92
cost-4631,2025-08-09,clearwater-settlement,rds,uat,137.19
cost-4632,2025-08-09,clearwater-settlement,rds,prod,526.64
cost-4633,2025-08-09,clearwater-settlement,s3,dev,20.43
cost-4634,2025-08-09,clearwater-settlement,s3,uat,38.65
cost-4635,2025-08-09,clearwater-settlement,s3,prod,148.28
cost-4636,2025-08-09,clearwater-settlement,lambda,dev,30.63
cost-4637,2025-08-09,clearwater-settlement,lambda,uat,56.80
cost-4638,2025-08-09,clearwater-settlement,lambda,prod,201.92
cost-4639,2025-08-09,clearwater-settlement,eks,dev,37.50
cost-4640,2025-08-09,clearwater-settlement,eks,uat,72.66
cost-4641,2025-08-09,clearwater-settlement,eks,prod,234.48
cost-4642,2025-08-09,clearwater-settlement,cloudwatch,dev,10.24
cost-4643,2025-08-09,clearwater-settlement,cloudwatch,uat,23.27
cost-4644,2025-08-09,clearwater-settlement,cloudwatch,prod,86.23
cost-4645,2025-08-09,clearwater-sales,ec2,dev,32.63
cost-4646,2025-08-09,clearwater-sales,ec2,uat,61.81
cost-4647,2025-08-09,clearwater-sales,ec2,prod,213.45
cost-4648,2025-08-09,clearwater-sales,rds,dev,15.84
cost-4649,2025-08-09,clearwater-sales,rds,uat,36.65
cost-4650,2025-08-09,clearwater-sales,rds,prod,146.01
cost-4651,2025-08-09,clearwater-sales,s3,dev,15.17
cost-4652,2025-08-09,clearwater-sales,s3,uat,27.90
cost-4653,2025-08-09,clearwater-sales,s3,prod,101.67
cost-4654,2025-08-09,clearwater-sales,lambda,dev,33.85
cost-4655,2025-08-09,clearwater-sales,lambda,uat,84.06
cost-4656,2025-08-09,clearwater-sales,lambda,prod,237.24
cost-4657,2025-08-09,clearwater-sales,eks,dev,13.90
cost-4658,2025-08-09,clearwater-sales,eks,uat,23.73
cost-4659,2025-08-09,clearwater-sales,eks,prod,92.19
cost-4660,2025-08-09,clearwater-sales,cloudwatch,dev,9.07
cost-4661,2025-08-09,clearwater-sales,cloudwatch,uat,17.08
cost-4662,2025-08-09,clearwater-sales,cloudwatch,prod,67.25
cost-4663,2025-08-09,clearwater-collateral,ec2,dev,14.28
cost-4664,2025-08-09,clearwater-collateral,ec2,uat,30.19
cost-4665,2025-08-09,clearwater-collateral,ec2,prod,97.90
cost-4666,2025-08-09,clearwater-collateral,rds,dev,32.23
cost-4667,2025-08-09,clearwater-collateral,rds,uat,57.95
cost-4668,2025-08-09,clearwater-collateral,rds,prod,231.08
cost-4669,2025-08-09,clearwater-collateral,s3,dev,31.36
cost-4670,2025-08-09,clearwater-collateral,s3,uat,46.96
cost-4671,2025-08-09,clearwater-collateral,s3,prod,165.82
cost-4672,2025-08-09,clearwater-collateral,lambda,dev,6.94
cost-4673,2025-08-09,clearwater-collateral,lambda,uat,13.37
cost-4674,2025-08-09,clearwater-collateral,lambda,prod,44.01
cost-4675,2025-08-09,clearwater-collateral,eks,dev,6.13
cost-4676,2025-08-09,clearwater-collateral,eks,uat,12.08
cost-4677,2025-08-09,clearwater-collateral,eks,prod,51.32
cost-4678,2025-08-09,clearwater-collateral,cloudwatch,dev,4.46
cost-4679,2025-08-09,clearwater-collateral,cloudwatch,uat,10.36
cost-4680,2025-08-09,clearwater-collateral,cloudwatch,prod,36.83
cost-4681,2025-08-10,clearwater-trade,ec2,dev,88.52
cost-4682,2025-08-10,clearwater-trade,ec2,uat,199.45
cost-4683,2025-08-10,clearwater-trade,ec2,prod,663.74
cost-4684,2025-08-10,clearwater-trade,rds,dev,63.89
cost-4685,2025-08-10,clearwater-trade,rds,uat,142.34
cost-4686,2025-08-10,clearwater-trade,rds,prod,515.67
cost-4687,2025-08-10,clearwater-trade,s3,dev,15.06
cost-4688,2025-08-10,clearwater-trade,s3,uat,25.73
cost-4689,2025-08-10,clearwater-trade,s3,prod,102.00
cost-4690,2025-08-10,clearwater-trade,lambda,dev,25.56
cost-4691,2025-08-10,clearwater-trade,lambda,uat,60.23
cost-4692,2025-08-10,clearwater-trade,lambda,prod,204.58
cost-4693,2025-08-10,clearwater-trade,eks,dev,47.80
cost-4694,2025-08-10,clearwater-trade,eks,uat,95.51
cost-4695,2025-08-10,clearwater-trade,eks,prod,365.88
cost-4696,2025-08-10,clearwater-trade,cloudwatch,dev,14.73
cost-4697,2025-08-10,clearwater-trade,cloudwatch,uat,22.97
cost-4698,2025-08-10,clearwater-trade,cloudwatch,prod,88.26
cost-4699,2025-08-10,clearwater-settlement,ec2,dev,62.05
cost-4700,2025-08-10,clearwater-settlement,ec2,uat,149.71
cost-4701,2025-08-10,clearwater-settlement,ec2,prod,438.24
cost-4702,2025-08-10,clearwater-settlement,rds,dev,71.99
cost-4703,2025-08-10,clearwater-settlement,rds,uat,129.19
cost-4704,2025-08-10,clearwater-settlement,rds,prod,429.31
cost-4705,2025-08-10,clearwater-settlement,s3,dev,17.38
cost-4706,2025-08-10,clearwater-settlement,s3,uat,39.82
cost-4707,2025-08-10,clearwater-settlement,s3,prod,116.25
cost-4708,2025-08-10,clearwater-settlement,lambda,dev,31.59
cost-4709,2025-08-10,clearwater-settlement,lambda,uat,59.61
cost-4710,2025-08-10,clearwater-settlement,lambda,prod,171.36
cost-4711,2025-08-10,clearwater-settlement,eks,dev,29.78
cost-4712,2025-08-10,clearwater-settlement,eks,uat,75.45
cost-4713,2025-08-10,clearwater-settlement,eks,prod,225.19
cost-4714,2025-08-10,clearwater-settlement,cloudwatch,dev,12.65
cost-4715,2025-08-10,clearwater-settlement,cloudwatch,uat,25.88
cost-4716,2025-08-10,clearwater-settlement,cloudwatch,prod,77.66
cost-4717,2025-08-10,clearwater-sales,ec2,dev,30.11
cost-4718,2025-08-10,clearwater-sales,ec2,uat,55.91
cost-4719,2025-08-10,clearwater-sales,ec2,prod,237.55
cost-4720,2025-08-10,clearwater-sales,rds,dev,18.40
cost-4721,2025-08-10,clearwater-sales,rds,uat,41.64
cost-4722,2025-08-10,clearwater-sales,rds,prod,125.41
cost-4723,2025-08-10,clearwater-sales,s3,dev,15.94
cost-4724,2025-08-10,clearwater-sales,s3,uat,30.86
cost-4725,2025-08-10,clearwater-sales,s3,prod,103.72
cost-4726,2025-08-10,clearwater-sales,lambda,dev,42.23
cost-4727,2025-08-10,clearwater-sales,lambda,uat,84.94
cost-4728,2025-08-10,clearwater-sales,lambda,prod,255.45
cost-4729,2025-08-10,clearwater-sales,eks,dev,14.02
cost-4730,2025-08-10,clearwater-sales,eks,uat,28.01
cost-4731,2025-08-10,clearwater-sales,eks,prod,73.76
cost-4732,2025-08-10,clearwater-sales,cloudwatch,dev,9.54
cost-4733,2025-08-10,clearwater-sales,cloudwatch,uat,18.46
cost-4734,2025-08-10,clearwater-sales,cloudwatch,prod,65.16
cost-4735,2025-08-10,clearwater-collateral,ec2,dev,11.85
cost-4736,2025-08-10,clearwater-collateral,ec2,uat,29.26
cost-4737,2025-08-10,clearwater-collateral,ec2,prod,103.79
cost-4738,2025-08-10,clearwater-collateral,rds,dev,34.00
cost-4739,2025-08-10,clearwater-collateral,rds,uat,62.81
cost-4740,2025-08-10,clearwater-collateral,rds,prod,207.97
cost-4741,2025-08-10,clearwater-collateral,s3,dev,27.66
cost-4742,2025-08-10,clearwater-collateral,s3,uat,56.67
cost-4743,2025-08-10,clearwater-collateral,s3,prod,206.15
cost-4744,2025-08-10,clearwater-collateral,lambda,dev,8.18
cost-4745,2025-08-10,clearwater-collateral,lambda,uat,16.89
cost-4746,2025-08-10,clearwater-collateral,lambda,prod,56.66
cost-4747,2025-08-10,clearwater-collateral,eks,dev,6.98
cost-4748,2025-08-10,clearwater-collateral,eks,uat,11.34
cost-4749,2025-08-10,clearwater-collateral,eks,prod,49.58
cost-4750,2025-08-10,clearwater-collateral,cloudwatch,dev,4.85
cost-4751,2025-08-10,clearwater-collateral,cloudwatch,uat,9.02
cost-4752,2025-08-10,clearwater-collateral,cloudwatch,prod,32.92
cost-4753,2025-08-11,clearwater-trade,ec2,dev,91.36
cost-4754,2025-08-11,clearwater-trade,ec2,uat,175.48
cost-4755,2025-08-11,clearwater-trade,ec2,prod,681.86
cost-4756,2025-08-11,clearwater-trade,rds,dev,74.24
cost-4757,2025-08-11,clearwater-trade,rds,uat,119.72
cost-4758,2025-08-11,clearwater-trade,rds,prod,495.33
cost-4759,2025-08-11,clearwater-trade,s3,dev,11.63
cost-4760,2025-08-11,clearwater-trade,s3,uat,28.46
cost-4761,2025-08-11,clearwater-trade,s3,prod,99.33
cost-4762,2025-08-11,clearwater-trade,lambda,dev,24.00
cost-4763,2025-08-11,clearwater-trade,lambda,uat,52.84
cost-4764,2025-08-11,clearwater-trade,lambda,prod,180.75
cost-4765,2025-08-11,clearwater-trade,eks,dev,53.16
cost-4766,2025-08-11,clearwater-trade,eks,uat,98.53
cost-4767,2025-08-11,clearwater-trade,eks,prod,367.05
cost-4768,2025-08-11,clearwater-trade,cloudwatch,dev,11.77
cost-4769,2025-08-11,clearwater-trade,cloudwatch,uat,24.53
cost-4770,2025-08-11,clearwater-trade,cloudwatch,prod,86.71
cost-4771,2025-08-11,clearwater-settlement,ec2,dev,75.64
cost-4772,2025-08-11,clearwater-settlement,ec2,uat,148.87
cost-4773,2025-08-11,clearwater-settlement,ec2,prod,497.88
cost-4774,2025-08-11,clearwater-settlement,rds,dev,62.43
cost-4775,2025-08-11,clearwater-settlement,rds,uat,124.34
cost-4776,2025-08-11,clearwater-settlement,rds,prod,422.18
cost-4777,2025-08-11,clearwater-settlement,s3,dev,17.98
cost-4778,2025-08-11,clearwater-settlement,s3,uat,36.46
cost-4779,2025-08-11,clearwater-settlement,s3,prod,115.02
cost-4780,2025-08-11,clearwater-settlement,lambda,dev,25.06
cost-4781,2025-08-11,clearwater-settlement,lambda,uat,61.92
cost-4782,2025-08-11,clearwater-settlement,lambda,prod,213.13
cost-4783,2025-08-11,clearwater-settlement,eks,dev,31.48
cost-4784,2025-08-11,clearwater-settlement,eks,uat,72.18
cost-4785,2025-08-11,clearwater-settlement,eks,prod,241.60
cost-4786,2025-08-11,clearwater-settlement,cloudwatch,dev,13.13
cost-4787,2025-08-11,clearwater-settlement,cloudwatch,uat,22.34
cost-4788,2025-08-11,clearwater-settlement,cloudwatch,prod,85.11
cost-4789,2025-08-11,clearwater-sales,ec2,dev,29.88
cost-4790,2025-08-11,clearwater-sales,ec2,uat,62.54
cost-4791,2025-08-11,clearwater-sales,ec2,prod,188.30
cost-4792,2025-08-11,clearwater-sales,rds,dev,17.23
cost-4793,2025-08-11,clearwater-sales,rds,uat,39.62
cost-4794,2025-08-11,clearwater-sales,rds,prod,113.12
cost-4795,2025-08-11,clearwater-sales,s3,dev,15.13
cost-4796,2025-08-11,clearwater-sales,s3,uat,28.80
cost-4797,2025-08-11,clearwater-sales,s3,prod,108.71
cost-4798,2025-08-11,clearwater-sales,lambda,dev,37.34
cost-4799,2025-08-11,clearwater-sales,lambda,uat,77.79
cost-4800,2025-08-11,clearwater-sales,lambda,prod,266.21
cost-4801,2025-08-11,clearwater-sales,eks,dev,13.54
cost-4802,2025-08-11,clearwater-sales,eks,uat,26.75
cost-4803,2025-08-11,clearwater-sales,eks,prod,87.61
cost-4804,2025-08-11,clearwater-sales,cloudwatch,dev,8.65
cost-4805,2025-08-11,clearwater-sales,cloudwatch,uat,19.35
cost-4806,2025-08-11,clearwater-sales,cloudwatch,prod,76.34
cost-4807,2025-08-11,clearwater-collateral,ec2,dev,15.69
cost-4808,2025-08-11,clearwater-collateral,ec2,uat,30.33
cost-4809,2025-08-11,clearwater-collateral,ec2,prod,82.29
cost-4810,2025-08-11,clearwater-collateral,rds,dev,33.87
cost-4811,2025-08-11,clearwater-collateral,rds,uat,69.32
cost-4812,2025-08-11,clearwater-collateral,rds,prod,256.35
cost-4813,2025-08-11,clearwater-collateral,s3,dev,29.57
cost-4814,2025-08-11,clearwater-collateral,s3,uat,50.73
cost-4815,2025-08-11,clearwater-collateral,s3,prod,164.64
cost-4816,2025-08-11,clearwater-collateral,lambda,dev,7.36
cost-4817,2025-08-11,clearwater-collateral,lambda,uat,15.86
cost-4818,2025-08-11,clearwater-collateral,lambda,prod,52.98
cost-4819,2025-08-11,clearwater-collateral,eks,dev,6.60
cost-4820,2025-08-11,clearwater-collateral,eks,uat,12.11
cost-4821,2025-08-11,clearwater-collateral,eks,prod,49.93
cost-4822,2025-08-11,clearwater-collateral,cloudwatch,dev,5.25
cost-4823,2025-08-11,clearwater-collateral,cloudwatch,uat,9.11
cost-4824,2025-08-11,clearwater-collateral,cloudwatch,prod,32.67
cost-4825,2025-08-12,clearwater-trade,ec2,dev,92.44
cost-4826,2025-08-12,clearwater-trade,ec2,uat,177.38
cost-4827,2025-08-12,clearwater-trade,ec2,prod,647.09
cost-4828,2025-08-12,clearwater-trade,rds,dev,69.78
cost-4829,2025-08-12,clearwater-trade,rds,uat,144.73
cost-4830,2025-08-12,clearwater-trade,rds,prod,459.19
cost-4831,2025-08-12,clearwater-trade,s3,dev,11.89
cost-4832,2025-08-12,clearwater-trade,s3,uat,29.67
cost-4833,2025-08-12,clearwater-trade,s3,prod,100.46
cost-4834,2025-08-12,clearwater-trade,lambda,dev,22.61
cost-4835,2025-08-12,clearwater-trade,lambda,uat,54.83
cost-4836,2025-08-12,clearwater-trade,lambda,prod,181.68
cost-4837,2025-08-12,clearwater-trade,eks,dev,50.90
cost-4838,2025-08-12,clearwater-trade,eks,uat,102.42
cost-4839,2025-08-12,clearwater-trade,eks,prod,351.89
cost-4840,2025-08-12,clearwater-trade,cloudwatch,dev,14.75
cost-4841,2025-08-12,clearwater-trade,cloudwatch,uat,25.58
cost-4842,2025-08-12,clearwater-trade,cloudwatch,prod,94.43
cost-4843,2025-08-12,clearwater-settlement,ec2,dev,74.94
cost-4844,2025-08-12,clearwater-settlement,ec2,uat,145.33
cost-4845,2025-08-12,clearwater-settlement,ec2,prod,444.64
cost-4846,2025-08-12,clearwater-settlement,rds,dev,70.27
cost-4847,2025-08-12,clearwater-settlement,rds,uat,130.97
cost-4848,2025-08-12,clearwater-settlement,rds,prod,543.21
cost-4849,2025-08-12,clearwater-settlement,s3,dev,16.06
cost-4850,2025-08-12,clearwater-settlement,s3,uat,38.92
cost-4851,2025-08-12,clearwater-settlement,s3,prod,136.63
cost-4852,2025-08-12,clearwater-settlement,lambda,dev,25.36
cost-4853,2025-08-12,clearwater-settlement,lambda,uat,53.72
cost-4854,2025-08-12,clearwater-settlement,lambda,prod,197.35
cost-4855,2025-08-12,clearwater-settlement,eks,dev,30.32
cost-4856,2025-08-12,clearwater-settlement,eks,uat,70.95
cost-4857,2025-08-12,clearwater-settlement,eks,prod,230.94
cost-4858,2025-08-12,clearwater-settlement,cloudwatch,dev,12.18
cost-4859,2025-08-12,clearwater-settlement,cloudwatch,uat,24.12
cost-4860,2025-08-12,clearwater-settlement,cloudwatch,prod,77.51
cost-4861,2025-08-12,clearwater-sales,ec2,dev,34.92
cost-4862,2025-08-12,clearwater-sales,ec2,uat,53.16
cost-4863,2025-08-12,clearwater-sales,ec2,prod,192.36
cost-4864,2025-08-12,clearwater-sales,rds,dev,20.18
cost-4865,2025-08-12,clearwater-sales,rds,uat,37.62
cost-4866,2025-08-12,clearwater-sales,rds,prod,119.52
cost-4867,2025-08-12,clearwater-sales,s3,dev,13.27
cost-4868,2025-08-12,clearwater-sales,s3,uat,27.28
cost-4869,2025-08-12,clearwater-sales,s3,prod,116.06
cost-4870,2025-08-12,clearwater-sales,lambda,dev,33.03
cost-4871,2025-08-12,clearwater-sales,lambda,uat,78.46
cost-4872,2025-08-12,clearwater-sales,lambda,prod,266.29
cost-4873,2025-08-12,clearwater-sales,eks,dev,12.21
cost-4874,2025-08-12,clearwater-sales,eks,uat,21.17
cost-4875,2025-08-12,clearwater-sales,eks,prod,76.76
cost-4876,2025-08-12,clearwater-sales,cloudwatch,dev,10.76
cost-4877,2025-08-12,clearwater-sales,cloudwatch,uat,22.25
cost-4878,2025-08-12,clearwater-sales,cloudwatch,prod,65.92
cost-4879,2025-08-12,clearwater-collateral,ec2,dev,15.68
cost-4880,2025-08-12,clearwater-collateral,ec2,uat,28.16
cost-4881,2025-08-12,clearwater-collateral,ec2,prod,81.99
cost-4882,2025-08-12,clearwater-collateral,rds,dev,29.14
cost-4883,2025-08-12,clearwater-collateral,rds,uat,60.45
cost-4884,2025-08-12,clearwater-collateral,rds,prod,257.51
cost-4885,2025-08-12,clearwater-collateral,s3,dev,30.43
cost-4886,2025-08-12,clearwater-collateral,s3,uat,55.62
cost-4887,2025-08-12,clearwater-collateral,s3,prod,171.80
cost-4888,2025-08-12,clearwater-collateral,lambda,dev,6.57
cost-4889,2025-08-12,clearwater-collateral,lambda,uat,13.77
cost-4890,2025-08-12,clearwater-collateral,lambda,prod,56.50
cost-4891,2025-08-12,clearwater-collateral,eks,dev,6.79
cost-4892,2025-08-12,clearwater-collateral,eks,uat,14.11
cost-4893,2025-08-12,clearwater-collateral,eks,prod,50.26
cost-4894,2025-08-12,clearwater-collateral,cloudwatch,dev,4.07
cost-4895,2025-08-12,clearwater-collateral,cloudwatch,uat,10.39
cost-4896,2025-08-12,clearwater-collateral,cloudwatch,prod,29.48
cost-4897,2025-08-13,clearwater-trade,ec2,dev,98.27
cost-4898,2025-08-13,clearwater-trade,ec2,uat,165.26
cost-4899,2025-08-13,clearwater-trade,ec2,prod,668.72
cost-4900,2025-08-13,clearwater-trade,rds,dev,62.05
cost-4901,2025-08-13,clearwater-trade,rds,uat,118.49
cost-4902,2025-08-13,clearwater-trade,rds,prod,411.42
cost-4903,2025-08-13,clearwater-trade,s3,dev,14.97
cost-4904,2025-08-13,clearwater-trade,s3,uat,26.81
cost-4905,2025-08-13,clearwater-trade,s3,prod,81.46
cost-4906,2025-08-13,clearwater-trade,lambda,dev,27.62
cost-4907,2025-08-13,clearwater-trade,lambda,uat,52.00
cost-4908,2025-08-13,clearwater-trade,lambda,prod,206.81
cost-4909,2025-08-13,clearwater-trade,eks,dev,59.49
cost-4910,2025-08-13,clearwater-trade,eks,uat,90.24
cost-4911,2025-08-13,clearwater-trade,eks,prod,412.50
cost-4912,2025-08-13,clearwater-trade,cloudwatch,dev,13.18
cost-4913,2025-08-13,clearwater-trade,cloudwatch,uat,27.55
cost-4914,2025-08-13,clearwater-trade,cloudwatch,prod,98.50
cost-4915,2025-08-13,clearwater-settlement,ec2,dev,71.18
cost-4916,2025-08-13,clearwater-settlement,ec2,uat,129.64
cost-4917,2025-08-13,clearwater-settlement,ec2,prod,527.01
cost-4918,2025-08-13,clearwater-settlement,rds,dev,59.72
cost-4919,2025-08-13,clearwater-settlement,rds,uat,154.73
cost-4920,2025-08-13,clearwater-settlement,rds,prod,446.32
cost-4921,2025-08-13,clearwater-settlement,s3,dev,17.50
cost-4922,2025-08-13,clearwater-settlement,s3,uat,33.22
cost-4923,2025-08-13,clearwater-settlement,s3,prod,118.35
cost-4924,2025-08-13,clearwater-settlement,lambda,dev,27.22
cost-4925,2025-08-13,clearwater-settlement,lambda,uat,48.09
cost-4926,2025-08-13,clearwater-settlement,lambda,prod,175.95
cost-4927,2025-08-13,clearwater-settlement,eks,dev,30.96
cost-4928,2025-08-13,clearwater-settlement,eks,uat,60.15
cost-4929,2025-08-13,clearwater-settlement,eks,prod,266.46
cost-4930,2025-08-13,clearwater-settlement,cloudwatch,dev,12.59
cost-4931,2025-08-13,clearwater-settlement,cloudwatch,uat,23.78
cost-4932,2025-08-13,clearwater-settlement,cloudwatch,prod,81.62
cost-4933,2025-08-13,clearwater-sales,ec2,dev,35.11
cost-4934,2025-08-13,clearwater-sales,ec2,uat,67.11
cost-4935,2025-08-13,clearwater-sales,ec2,prod,243.44
cost-4936,2025-08-13,clearwater-sales,rds,dev,20.48
cost-4937,2025-08-13,clearwater-sales,rds,uat,41.61
cost-4938,2025-08-13,clearwater-sales,rds,prod,113.82
cost-4939,2025-08-13,clearwater-sales,s3,dev,13.84
cost-4940,2025-08-13,clearwater-sales,s3,uat,29.94
cost-4941,2025-08-13,clearwater-sales,s3,prod,103.61
cost-4942,2025-08-13,clearwater-sales,lambda,dev,33.71
cost-4943,2025-08-13,clearwater-sales,lambda,uat,67.65
cost-4944,2025-08-13,clearwater-sales,lambda,prod,233.61
cost-4945,2025-08-13,clearwater-sales,eks,dev,11.71
cost-4946,2025-08-13,clearwater-sales,eks,uat,24.58
cost-4947,2025-08-13,clearwater-sales,eks,prod,84.55
cost-4948,2025-08-13,clearwater-sales,cloudwatch,dev,11.03
cost-4949,2025-08-13,clearwater-sales,cloudwatch,uat,17.65
cost-4950,2025-08-13,clearwater-sales,cloudwatch,prod,79.56
cost-4951,2025-08-13,clearwater-collateral,ec2,dev,11.72
cost-4952,2025-08-13,clearwater-collateral,ec2,uat,30.93
cost-4953,2025-08-13,clearwater-collateral,ec2,prod,89.72
cost-4954,2025-08-13,clearwater-collateral,rds,dev,27.37
cost-4955,2025-08-13,clearwater-collateral,rds,uat,72.51
cost-4956,2025-08-13,clearwater-collateral,rds,prod,254.78
cost-4957,2025-08-13,clearwater-collateral,s3,dev,23.48
cost-4958,2025-08-13,clearwater-collateral,s3,uat,53.64
cost-4959,2025-08-13,clearwater-collateral,s3,prod,203.87
cost-4960,2025-08-13,clearwater-collateral,lambda,dev,7.74
cost-4961,2025-08-13,clearwater-collateral,lambda,uat,15.20
cost-4962,2025-08-13,clearwater-collateral,lambda,prod,56.55
cost-4963,2025-08-13,clearwater-collateral,eks,dev,6.41
cost-4964,2025-08-13,clearwater-collateral,eks,uat,14.37
cost-4965,2025-08-13,clearwater-collateral,eks,prod,40.42
cost-4966,2025-08-13,clearwater-collateral,cloudwatch,dev,4.72
cost-4967,2025-08-13,clearwater-collateral,cloudwatch,uat,7.83
cost-4968,2025-08-13,clearwater-collateral,cloudwatch,prod,28.06
cost-4969,2025-08-14,clearwater-trade,ec2,dev,79.53
cost-4970,2025-08-14,clearwater-trade,ec2,uat,170.24
cost-4971,2025-08-14,clearwater-trade,ec2,prod,694.67
cost-4972,2025-08-14,clearwater-trade,rds,dev,71.32
cost-4973,2025-08-14,clearwater-trade,rds,uat,119.60
cost-4974,2025-08-14,clearwater-trade,rds,prod,518.48
cost-4975,2025-08-14,clearwater-trade,s3,dev,14.57
cost-4976,2025-08-14,clearwater-trade,s3,uat,28.29
cost-4977,2025-08-14,clearwater-trade,s3,prod,86.42
cost-4978,2025-08-14,clearwater-trade,lambda,dev,30.13
cost-4979,2025-08-14,clearwater-trade,lambda,uat,60.02
cost-4980,2025-08-14,clearwater-trade,lambda,prod,196.56
cost-4981,2025-08-14,clearwater-trade,eks,dev,56.44
cost-4982,2025-08-14,clearwater-trade,eks,uat,92.32
cost-4983,2025-08-14,clearwater-trade,eks,prod,391.25
cost-4984,2025-08-14,clearwater-trade,cloudwatch,dev,12.21
cost-4985,2025-08-14,clearwater-trade,cloudwatch,uat,23.01
cost-4986,2025-08-14,clearwater-trade,cloudwatch,prod,103.60
cost-4987,2025-08-14,clearwater-settlement,ec2,dev,65.28
cost-4988,2025-08-14,clearwater-settlement,ec2,uat,133.44
cost-4989,2025-08-14,clearwater-settlement,ec2,prod,455.08
cost-4990,2025-08-14,clearwater-settlement,rds,dev,60.18
cost-4991,2025-08-14,clearwater-settlement,rds,uat,123.63
cost-4992,2025-08-14,clearwater-settlement,rds,prod,440.78
cost-4993,2025-08-14,clearwater-settlement,s3,dev,18.03
cost-4994,2025-08-14,clearwater-settlement,s3,uat,35.19
cost-4995,2025-08-14,clearwater-settlement,s3,prod,148.61
cost-4996,2025-08-14,clearwater-settlement,lambda,dev,28.57
cost-4997,2025-08-14,clearwater-settlement,lambda,uat,56.34
cost-4998,2025-08-14,clearwater-settlement,lambda,prod,218.39
cost-4999,2025-08-14,clearwater-settlement,eks,dev,31.84
cost-5000,2025-08-14,clearwater-settlement,eks,uat,70.30
cost-5001,2025-08-14,clearwater-settlement,eks,prod,244.23
cost-5002,2025-08-14,clearwater-settlement,cloudwatch,dev,10.66
cost-5003,2025-08-14,clearwater-settlement,cloudwatch,uat,24.14
cost-5004,2025-08-14,clearwater-settlement,cloudwatch,prod,91.35
cost-5005,2025-08-14,clearwater-sales,ec2,dev,34.16
cost-5006,2025-08-14,clearwater-sales,ec2,uat,56.61
cost-5007,2025-08-14,clearwater-sales,ec2,prod,197.04
cost-5008,2025-08-14,clearwater-sales,rds,dev,18.82
cost-5009,2025-08-14,clearwater-sales,rds,uat,42.22
cost-5010,2025-08-14,clearwater-sales,rds,prod,111.83
cost-5011,2025-08-14,clearwater-sales,s3,dev,13.29
cost-5012,2025-08-14,clearwater-sales,s3,uat,33.96
cost-5013,2025-08-14,clearwater-sales,s3,prod,97.99
cost-5014,2025-08-14,clearwater-sales,lambda,dev,31.80
cost-5015,2025-08-14,clearwater-sales,lambda,uat,75.20
cost-5016,2025-08-14,clearwater-sales,lambda,prod,222.11
cost-5017,2025-08-14,clearwater-sales,eks,dev,12.59
cost-5018,2025-08-14,clearwater-sales,eks,uat,27.12
cost-5019,2025-08-14,clearwater-sales,eks,prod,89.55
cost-5020,2025-08-14,clearwater-sales,cloudwatch,dev,11.24
cost-5021,2025-08-14,clearwater-sales,cloudwatch,uat,17.79
cost-5022,2025-08-14,clearwater-sales,cloudwatch,prod,78.33
cost-5023,2025-08-14,clearwater-collateral,ec2,dev,14.03
cost-5024,2025-08-14,clearwater-collateral,ec2,uat,31.61
cost-5025,2025-08-14,clearwater-collateral,ec2,prod,107.28
cost-5026,2025-08-14,clearwater-collateral,rds,dev,30.14
cost-5027,2025-08-14,clearwater-collateral,rds,uat,59.58
cost-5028,2025-08-14,clearwater-collateral,rds,prod,249.57
cost-5029,2025-08-14,clearwater-collateral,s3,dev,31.58
cost-5030,2025-08-14,clearwater-collateral,s3,uat,47.51
cost-5031,2025-08-14,clearwater-collateral,s3,prod,176.58
cost-5032,2025-08-14,clearwater-collateral,lambda,dev,7.08
cost-5033,2025-08-14,clearwater-collateral,lambda,uat,12.72
cost-5034,2025-08-14,clearwater-collateral,lambda,prod,51.23
cost-5035,2025-08-14,clearwater-collateral,eks,dev,6.74
cost-5036,2025-08-14,clearwater-collateral,eks,uat,14.33
cost-5037,2025-08-14,clearwater-collateral,eks,prod,48.95
cost-5038,2025-08-14,clearwater-collateral,cloudwatch,dev,4.75
cost-5039,2025-08-14,clearwater-collateral,cloudwatch,uat,8.17
cost-5040,2025-08-14,clearwater-collateral,cloudwatch,prod,33.06
cost-5041,2025-08-15,clearwater-trade,ec2,dev,97.05
cost-5042,2025-08-15,clearwater-trade,ec2,uat,190.45
cost-5043,2025-08-15,clearwater-trade,ec2,prod,681.79
cost-5044,2025-08-15,clearwater-trade,rds,dev,67.59
cost-5045,2025-08-15,clearwater-trade,rds,uat,117.19
cost-5046,2025-08-15,clearwater-trade,rds,prod,440.01
cost-5047,2025-08-15,clearwater-trade,s3,dev,12.26
cost-5048,2025-08-15,clearwater-trade,s3,uat,25.42
cost-5049,2025-08-15,clearwater-trade,s3,prod,93.33
cost-5050,2025-08-15,clearwater-trade,lambda,dev,27.25
cost-5051,2025-08-15,clearwater-trade,lambda,uat,47.99
cost-5052,2025-08-15,clearwater-trade,lambda,prod,192.35
cost-5053,2025-08-15,clearwater-trade,eks,dev,59.96
cost-5054,2025-08-15,clearwater-trade,eks,uat,111.06
cost-5055,2025-08-15,clearwater-trade,eks,prod,368.18
cost-5056,2025-08-15,clearwater-trade,cloudwatch,dev,12.24
cost-5057,2025-08-15,clearwater-trade,cloudwatch,uat,28.98
cost-5058,2025-08-15,clearwater-trade,cloudwatch,prod,85.11
cost-5059,2025-08-15,clearwater-settlement,ec2,dev,74.53
cost-5060,2025-08-15,clearwater-settlement,ec2,uat,123.93
cost-5061,2025-08-15,clearwater-settlement,ec2,prod,463.67
cost-5062,2025-08-15,clearwater-settlement,rds,dev,66.94
cost-5063,2025-08-15,clearwater-settlement,rds,uat,134.34
cost-5064,2025-08-15,clearwater-settlement,rds,prod,554.82
cost-5065,2025-08-15,clearwater-settlement,s3,dev,18.32
cost-5066,2025-08-15,clearwater-settlement,s3,uat,35.13
cost-5067,2025-08-15,clearwater-settlement,s3,prod,132.43
cost-5068,2025-08-15,clearwater-settlement,lambda,dev,28.03
cost-5069,2025-08-15,clearwater-settlement,lambda,uat,53.01
cost-5070,2025-08-15,clearwater-settlement,lambda,prod,169.67
cost-5071,2025-08-15,clearwater-settlement,eks,dev,30.59
cost-5072,2025-08-15,clearwater-settlement,eks,uat,64.40
cost-5073,2025-08-15,clearwater-settlement,eks,prod,246.84
cost-5074,2025-08-15,clearwater-settlement,cloudwatch,dev,12.68
cost-5075,2025-08-15,clearwater-settlement,cloudwatch,uat,22.44
cost-5076,2025-08-15,clearwater-settlement,cloudwatch,prod,77.35
cost-5077,2025-08-15,clearwater-sales,ec2,dev,29.04
cost-5078,2025-08-15,clearwater-sales,ec2,uat,59.17
cost-5079,2025-08-15,clearwater-sales,ec2,prod,203.22
cost-5080,2025-08-15,clearwater-sales,rds,dev,21.09
cost-5081,2025-08-15,clearwater-sales,rds,uat,41.44
cost-5082,2025-08-15,clearwater-sales,rds,prod,124.93
cost-5083,2025-08-15,clearwater-sales,s3,dev,14.11
cost-5084,2025-08-15,clearwater-sales,s3,uat,26.41
cost-5085,2025-08-15,clearwater-sales,s3,prod,91.47
cost-5086,2025-08-15,clearwater-sales,lambda,dev,36.52
cost-5087,2025-08-15,clearwater-sales,lambda,uat,76.32
cost-5088,2025-08-15,clearwater-sales,lambda,prod,269.30
cost-5089,2025-08-15,clearwater-sales,eks,dev,11.66
cost-5090,2025-08-15,clearwater-sales,eks,uat,27.68
cost-5091,2025-08-15,clearwater-sales,eks,prod,87.59
cost-5092,2025-08-15,clearwater-sales,cloudwatch,dev,9.08
cost-5093,2025-08-15,clearwater-sales,cloudwatch,uat,17.69
cost-5094,2025-08-15,clearwater-sales,cloudwatch,prod,63.56
cost-5095,2025-08-15,clearwater-collateral,ec2,dev,13.82
cost-5096,2025-08-15,clearwater-collateral,ec2,uat,28.15
cost-5097,2025-08-15,clearwater-collateral,ec2,prod,94.26
cost-5098,2025-08-15,clearwater-collateral,rds,dev,28.91
cost-5099,2025-08-15,clearwater-collateral,rds,uat,66.08
cost-5100,2025-08-15,clearwater-collateral,rds,prod,200.33
cost-5101,2025-08-15,clearwater-collateral,s3,dev,31.43
cost-5102,2025-08-15,clearwater-collateral,s3,uat,54.37
cost-5103,2025-08-15,clearwater-collateral,s3,prod,220.56
cost-5104,2025-08-15,clearwater-collateral,lambda,dev,7.13
cost-5105,2025-08-15,clearwater-collateral,lambda,uat,13.25
cost-5106,2025-08-15,clearwater-collateral,lambda,prod,49.19
cost-5107,2025-08-15,clearwater-collateral,eks,dev,5.93
cost-5108,2025-08-15,clearwater-collateral,eks,uat,11.10
cost-5109,2025-08-15,clearwater-collateral,eks,prod,39.12
cost-5110,2025-08-15,clearwater-collateral,cloudwatch,dev,4.40
cost-5111,2025-08-15,clearwater-collateral,cloudwatch,uat,8.01
cost-5112,2025-08-15,clearwater-collateral,cloudwatch,prod,29.98
cost-5113,2025-08-16,clearwater-trade,ec2,dev,84.41
cost-5114,2025-08-16,clearwater-trade,ec2,uat,180.74
cost-5115,2025-08-16,clearwater-trade,ec2,prod,673.53
cost-5116,2025-08-16,clearwater-trade,rds,dev,61.44
cost-5117,2025-08-16,clearwater-trade,rds,uat,114.46
cost-5118,2025-08-16,clearwater-trade,rds,prod,512.43
cost-5119,2025-08-16,clearwater-trade,s3,dev,14.16
cost-5120,2025-08-16,clearwater-trade,s3,uat,25.71
cost-5121,2025-08-16,clearwater-trade,s3,prod,97.35
cost-5122,2025-08-16,clearwater-trade,lambda,dev,28.23
cost-5123,2025-08-16,clearwater-trade,lambda,uat,47.64
cost-5124,2025-08-16,clearwater-trade,lambda,prod,210.72
cost-5125,2025-08-16,clearwater-trade,eks,dev,60.01
cost-5126,2025-08-16,clearwater-trade,eks,uat,114.76
cost-5127,2025-08-16,clearwater-trade,eks,prod,394.47
cost-5128,2025-08-16,clearwater-trade,cloudwatch,dev,14.85
cost-5129,2025-08-16,clearwater-trade,cloudwatch,uat,28.81
cost-5130,2025-08-16,clearwater-trade,cloudwatch,prod,89.21
cost-5131,2025-08-16,clearwater-settlement,ec2,dev,72.71
cost-5132,2025-08-16,clearwater-settlement,ec2,uat,151.59
cost-5133,2025-08-16,clearwater-settlement,ec2,prod,528.78
cost-5134,2025-08-16,clearwater-settlement,rds,dev,63.73
cost-5135,2025-08-16,clearwater-settlement,rds,uat,126.74
cost-5136,2025-08-16,clearwater-settlement,rds,prod,548.84
cost-5137,2025-08-16,clearwater-settlement,s3,dev,16.39
cost-5138,2025-08-16,clearwater-settlement,s3,uat,40.40
cost-5139,2025-08-16,clearwater-settlement,s3,prod,113.63
cost-5140,2025-08-16,clearwater-settlement,lambda,dev,24.76
cost-5141,2025-08-16,clearwater-settlement,lambda,uat,47.94
cost-5142,2025-08-16,clearwater-settlement,lambda,prod,182.65
cost-5143,2025-08-16,clearwater-settlement,eks,dev,34.55
cost-5144,2025-08-16,clearwater-settlement,eks,uat,71.69
cost-5145,2025-08-16,clearwater-settlement,eks,prod,274.90
cost-5146,2025-08-16,clearwater-settlement,cloudwatch,dev,11.78
cost-5147,2025-08-16,clearwater-settlement,cloudwatch,uat,21.74
cost-5148,2025-08-16,clearwater-settlement,cloudwatch,prod,82.30
cost-5149,2025-08-16,clearwater-sales,ec2,dev,34.25
cost-5150,2025-08-16,clearwater-sales,ec2,uat,71.06
cost-5151,2025-08-16,clearwater-sales,ec2,prod,209.26
cost-5152,2025-08-16,clearwater-sales,rds,dev,19.15
cost-5153,2025-08-16,clearwater-sales,rds,uat,39.20
cost-5154,2025-08-16,clearwater-sales,rds,prod,122.39
cost-5155,2025-08-16,clearwater-sales,s3,dev,13.14
cost-5156,2025-08-16,clearwater-sales,s3,uat,29.39
cost-5157,2025-08-16,clearwater-sales,s3,prod,118.51
cost-5158,2025-08-16,clearwater-sales,lambda,dev,35.83
cost-5159,2025-08-16,clearwater-sales,lambda,uat,77.15
cost-5160,2025-08-16,clearwater-sales,lambda,prod,247.66
cost-5161,2025-08-16,clearwater-sales,eks,dev,13.42
cost-5162,2025-08-16,clearwater-sales,eks,uat,22.59
cost-5163,2025-08-16,clearwater-sales,eks,prod,93.75
cost-5164,2025-08-16,clearwater-sales,cloudwatch,dev,8.91
cost-5165,2025-08-16,clearwater-sales,cloudwatch,uat,21.09
cost-5166,2025-08-16,clearwater-sales,cloudwatch,prod,73.54
cost-5167,2025-08-16,clearwater-collateral,ec2,dev,13.82
cost-5168,2025-08-16,clearwater-collateral,ec2,uat,31.22
cost-5169,2025-08-16,clearwater-collateral,ec2,prod,92.49
cost-5170,2025-08-16,clearwater-collateral,rds,dev,30.93
cost-5171,2025-08-16,clearwater-collateral,rds,uat,68.62
cost-5172,2025-08-16,clearwater-collateral,rds,prod,253.15
cost-5173,2025-08-16,clearwater-collateral,s3,dev,25.08
cost-5174,2025-08-16,clearwater-collateral,s3,uat,57.97
cost-5175,2025-08-16,clearwater-collateral,s3,prod,192.06
cost-5176,2025-08-16,clearwater-collateral,lambda,dev,6.57
cost-5177,2025-08-16,clearwater-collateral,lambda,uat,15.23
cost-5178,2025-08-16,clearwater-collateral,lambda,prod,45.17
cost-5179,2025-08-16,clearwater-collateral,eks,dev,5.91
cost-5180,2025-08-16,clearwater-collateral,eks,uat,11.91
cost-5181,2025-08-16,clearwater-collateral,eks,prod,48.77
cost-5182,2025-08-16,clearwater-collateral,cloudwatch,dev,4.44
cost-5183,2025-08-16,clearwater-collateral,cloudwatch,uat,10.13
cost-5184,2025-08-16,clearwater-collateral,cloudwatch,prod,28.89
cost-5185,2025-08-17,clearwater-trade,ec2,dev,82.97
cost-5186,2025-08-17,clearwater-trade,ec2,uat,165.58
cost-5187,2025-08-17,clearwater-trade,ec2,prod,643.31
cost-5188,2025-08-17,clearwater-trade,rds,dev,64.41
cost-5189,2025-08-17,clearwater-trade,rds,uat,129.14
cost-5190,2025-08-17,clearwater-trade,rds,prod,406.97
cost-5191,2025-08-17,clearwater-trade,s3,dev,13.73
cost-5192,2025-08-17,clearwater-trade,s3,uat,23.80
cost-5193,2025-08-17,clearwater-trade,s3,prod,86.42
cost-5194,2025-08-17,clearwater-trade,lambda,dev,29.46
cost-5195,2025-08-17,clearwater-trade,lambda,uat,47.77
cost-5196,2025-08-17,clearwater-trade,lambda,prod,194.43
cost-5197,2025-08-17,clearwater-trade,eks,dev,52.08
cost-5198,2025-08-17,clearwater-trade,eks,uat,111.24
cost-5199,2025-08-17,clearwater-trade,eks,prod,426.03
cost-5200,2025-08-17,clearwater-trade,cloudwatch,dev,14.63
cost-5201,2025-08-17,clearwater-trade,cloudwatch,uat,29.09
cost-5202,2025-08-17,clearwater-trade,cloudwatch,prod,83.45
cost-5203,2025-08-17,clearwater-settlement,ec2,dev,77.95
cost-5204,2025-08-17,clearwater-settlement,ec2,uat,152.41
cost-5205,2025-08-17,clearwater-settlement,ec2,prod,521.78
cost-5206,2025-08-17,clearwater-settlement,rds,dev,62.40
cost-5207,2025-08-17,clearwater-settlement,rds,uat,138.92
cost-5208,2025-08-17,clearwater-settlement,rds,prod,475.75
cost-5209,2025-08-17,clearwater-settlement,s3,dev,20.06
cost-5210,2025-08-17,clearwater-settlement,s3,uat,38.46
cost-5211,2025-08-17,clearwater-settlement,s3,prod,130.03
cost-5212,2025-08-17,clearwater-settlement,lambda,dev,31.57
cost-5213,2025-08-17,clearwater-settlement,lambda,uat,57.40
cost-5214,2025-08-17,clearwater-settlement,lambda,prod,200.59
cost-5215,2025-08-17,clearwater-settlement,eks,dev,29.53
cost-5216,2025-08-17,clearwater-settlement,eks,uat,71.87
cost-5217,2025-08-17,clearwater-settlement,eks,prod,240.72
cost-5218,2025-08-17,clearwater-settlement,cloudwatch,dev,10.24
cost-5219,2025-08-17,clearwater-settlement,cloudwatch,uat,21.89
cost-5220,2025-08-17,clearwater-settlement,cloudwatch,prod,70.15
cost-5221,2025-08-17,clearwater-sales,ec2,dev,33.89
cost-5222,2025-08-17,clearwater-sales,ec2,uat,61.70
cost-5223,2025-08-17,clearwater-sales,ec2,prod,231.53
cost-5224,2025-08-17,clearwater-sales,rds,dev,19.36
cost-5225,2025-08-17,clearwater-sales,rds,uat,41.93
cost-5226,2025-08-17,clearwater-sales,rds,prod,144.87
cost-5227,2025-08-17,clearwater-sales,s3,dev,16.34
cost-5228,2025-08-17,clearwater-sales,s3,uat,26.36
cost-5229,2025-08-17,clearwater-sales,s3,prod,113.04
cost-5230,2025-08-17,clearwater-sales,lambda,dev,37.82
cost-5231,2025-08-17,clearwater-sales,lambda,uat,76.26
cost-5232,2025-08-17,clearwater-sales,lambda,prod,259.70
cost-5233,2025-08-17,clearwater-sales,eks,dev,14.03
cost-5234,2025-08-17,clearwater-sales,eks,uat,27.23
cost-5235,2025-08-17,clearwater-sales,eks,prod,92.67
cost-5236,2025-08-17,clearwater-sales,cloudwatch,dev,9.03
cost-5237,2025-08-17,clearwater-sales,cloudwatch,uat,19.44
cost-5238,2025-08-17,clearwater-sales,cloudwatch,prod,64.64
cost-5239,2025-08-17,clearwater-collateral,ec2,dev,12.41
cost-5240,2025-08-17,clearwater-collateral,ec2,uat,24.34
cost-5241,2025-08-17,clearwater-collateral,ec2,prod,83.35
cost-5242,2025-08-17,clearwater-collateral,rds,dev,27.37
cost-5243,2025-08-17,clearwater-collateral,rds,uat,70.88
cost-5244,2025-08-17,clearwater-collateral,rds,prod,255.09
cost-5245,2025-08-17,clearwater-collateral,s3,dev,29.26
cost-5246,2025-08-17,clearwater-collateral,s3,uat,55.00
cost-5247,2025-08-17,clearwater-collateral,s3,prod,187.98
cost-5248,2025-08-17,clearwater-collateral,lambda,dev,8.32
cost-5249,2025-08-17,clearwater-collateral,lambda,uat,16.20
cost-5250,2025-08-17,clearwater-collateral,lambda,prod,50.41
cost-5251,2025-08-17,clearwater-collateral,eks,dev,6.14
cost-5252,2025-08-17,clearwater-collateral,eks,uat,14.08
cost-5253,2025-08-17,clearwater-collateral,eks,prod,51.16
cost-5254,2025-08-17,clearwater-collateral,cloudwatch,dev,5.17
cost-5255,2025-08-17,clearwater-collateral,cloudwatch,uat,10.14
cost-5256,2025-08-17,clearwater-collateral,cloudwatch,prod,27.49
cost-5257,2025-08-18,clearwater-trade,ec2,dev,103.91
cost-5258,2025-08-18,clearwater-trade,ec2,uat,159.64
cost-5259,2025-08-18,clearwater-trade,ec2,prod,688.21
cost-5260,2025-08-18,clearwater-trade,rds,dev,63.55
cost-5261,2025-08-18,clearwater-trade,rds,uat,124.12
cost-5262,2025-08-18,clearwater-trade,rds,prod,398.64
cost-5263,2025-08-18,clearwater-trade,s3,dev,12.11
cost-5264,2025-08-18,clearwater-trade,s3,uat,24.44
cost-5265,2025-08-18,clearwater-trade,s3,prod,93.24
cost-5266,2025-08-18,clearwater-trade,lambda,dev,27.87
cost-5267,2025-08-18,clearwater-trade,lambda,uat,55.23
cost-5268,2025-08-18,clearwater-trade,lambda,prod,179.55
cost-5269,2025-08-18,clearwater-trade,eks,dev,59.39
cost-5270,2025-08-18,clearwater-trade,eks,uat,114.67
cost-5271,2025-08-18,clearwater-trade,eks,prod,381.55
cost-5272,2025-08-18,clearwater-trade,cloudwatch,dev,14.73
cost-5273,2025-08-18,clearwater-trade,cloudwatch,uat,25.68
cost-5274,2025-08-18,clearwater-trade,cloudwatch,prod,99.39
cost-5275,2025-08-18,clearwater-settlement,ec2,dev,65.55
cost-5276,2025-08-18,clearwater-settlement,ec2,uat,146.08
cost-5277,2025-08-18,clearwater-settlement,ec2,prod,535.18
cost-5278,2025-08-18,clearwater-settlement,rds,dev,73.73
cost-5279,2025-08-18,clearwater-settlement,rds,uat,148.41
cost-5280,2025-08-18,clearwater-settlement,rds,prod,544.26
cost-5281,2025-08-18,clearwater-settlement,s3,dev,19.79
cost-5282,2025-08-18,clearwater-settlement,s3,uat,32.52
cost-5283,2025-08-18,clearwater-settlement,s3,prod,145.53
cost-5284,2025-08-18,clearwater-settlement,lambda,dev,24.13
cost-5285,2025-08-18,clearwater-settlement,lambda,uat,50.82
cost-5286,2025-08-18,clearwater-settlement,lambda,prod,184.23
cost-5287,2025-08-18,clearwater-settlement,eks,dev,39.59
cost-5288,2025-08-18,clearwater-settlement,eks,uat,68.42
cost-5289,2025-08-18,clearwater-settlement,eks,prod,237.75
cost-5290,2025-08-18,clearwater-settlement,cloudwatch,dev,11.73
cost-5291,2025-08-18,clearwater-settlement,cloudwatch,uat,21.60
cost-5292,2025-08-18,clearwater-settlement,cloudwatch,prod,86.54
cost-5293,2025-08-18,clearwater-sales,ec2,dev,31.19
cost-5294,2025-08-18,clearwater-sales,ec2,uat,68.76
cost-5295,2025-08-18,clearwater-sales,ec2,prod,184.53
cost-5296,2025-08-18,clearwater-sales,rds,dev,16.09
cost-5297,2025-08-18,clearwater-sales,rds,uat,40.02
cost-5298,2025-08-18,clearwater-sales,rds,prod,129.41
cost-5299,2025-08-18,clearwater-sales,s3,dev,15.32
cost-5300,2025-08-18,clearwater-sales,s3,uat,27.29
cost-5301,2025-08-18,clearwater-sales,s3,prod,101.93
cost-5302,2025-08-18,clearwater-sales,lambda,dev,40.54
cost-5303,2025-08-18,clearwater-sales,lambda,uat,80.25
cost-5304,2025-08-18,clearwater-sales,lambda,prod,240.58
cost-5305,2025-08-18,clearwater-sales,eks,dev,13.09
cost-5306,2025-08-18,clearwater-sales,eks,uat,23.20
cost-5307,2025-08-18,clearwater-sales,eks,prod,98.96
cost-5308,2025-08-18,clearwater-sales,cloudwatch,dev,8.67
cost-5309,2025-08-18,clearwater-sales,cloudwatch,uat,18.48
cost-5310,2025-08-18,clearwater-sales,cloudwatch,prod,71.64
cost-5311,2025-08-18,clearwater-collateral,ec2,dev,12.73
cost-5312,2025-08-18,clearwater-collateral,ec2,uat,26.16
cost-5313,2025-08-18,clearwater-collateral,ec2,prod,100.25
cost-5314,2025-08-18,clearwater-collateral,rds,dev,36.77
cost-5315,2025-08-18,clearwater-collateral,rds,uat,60.31
cost-5316,2025-08-18,clearwater-collateral,rds,prod,238.65
cost-5317,2025-08-18,clearwater-collateral,s3,dev,30.69
cost-5318,2025-08-18,clearwater-collateral,s3,uat,50.50
cost-5319,2025-08-18,clearwater-collateral,s3,prod,171.56
cost-5320,2025-08-18,clearwater-collateral,lambda,dev,6.64
cost-5321,2025-08-18,clearwater-collateral,lambda,uat,12.81
cost-5322,2025-08-18,clearwater-collateral,lambda,prod,44.37
cost-5323,2025-08-18,clearwater-collateral,eks,dev,6.49
cost-5324,2025-08-18,clearwater-collateral,eks,uat,14.18
cost-5325,2025-08-18,clearwater-collateral,eks,prod,48.38
cost-5326,2025-08-18,clearwater-collateral,cloudwatch,dev,4.69
cost-5327,2025-08-18,clearwater-collateral,cloudwatch,uat,9.68
cost-5328,2025-08-18,clearwater-collateral,cloudwatch,prod,28.69
cost-5329,2025-08-19,clearwater-trade,ec2,dev,83.20
cost-5330,2025-08-19,clearwater-trade,ec2,uat,207.12
cost-5331,2025-08-19,clearwater-trade,ec2,prod,626.58
cost-5332,2025-08-19,clearwater-trade,rds,dev,60.20
cost-5333,2025-08-19,clearwater-trade,rds,uat,124.38
cost-5334,2025-08-19,clearwater-trade,rds,prod,478.35
cost-5335,2025-08-19,clearwater-trade,s3,dev,12.48
cost-5336,2025-08-19,clearwater-trade,s3,uat,26.29
cost-5337,2025-08-19,clearwater-trade,s3,prod,83.03
cost-5338,2025-08-19,clearwater-trade,lambda,dev,23.87
cost-5339,2025-08-19,clearwater-trade,lambda,uat,53.14
cost-5340,2025-08-19,clearwater-trade,lambda,prod,168.95
cost-5341,2025-08-19,clearwater-trade,eks,dev,51.49
cost-5342,2025-08-19,clearwater-trade,eks,uat,119.88
cost-5343,2025-08-19,clearwater-trade,eks,prod,369.17
cost-5344,2025-08-19,clearwater-trade,cloudwatch,dev,12.31
cost-5345,2025-08-19,clearwater-trade,cloudwatch,uat,28.34
cost-5346,2025-08-19,clearwater-trade,cloudwatch,prod,104.96
cost-5347,2025-08-19,clearwater-settlement,ec2,dev,68.33
cost-5348,2025-08-19,clearwater-settlement,ec2,uat,122.74
cost-5349,2025-08-19,clearwater-settlement,ec2,prod,527.76
cost-5350,2025-08-19,clearwater-settlement,rds,dev,63.69
cost-5351,2025-08-19,clearwater-settlement,rds,uat,135.81
cost-5352,2025-08-19,clearwater-settlement,rds,prod,527.23
cost-5353,2025-08-19,clearwater-settlement,s3,dev,19.04
cost-5354,2025-08-19,clearwater-settlement,s3,uat,39.76
cost-5355,2025-08-19,clearwater-settlement,s3,prod,118.18
cost-5356,2025-08-19,clearwater-settlement,lambda,dev,25.24
cost-5357,2025-08-19,clearwater-settlement,lambda,uat,57.84
cost-5358,2025-08-19,clearwater-settlement,lambda,prod,192.00
cost-5359,2025-08-19,clearwater-settlement,eks,dev,34.18
cost-5360,2025-08-19,clearwater-settlement,eks,uat,66.27
cost-5361,2025-08-19,clearwater-settlement,eks,prod,244.47
cost-5362,2025-08-19,clearwater-settlement,cloudwatch,dev,9.85
cost-5363,2025-08-19,clearwater-settlement,cloudwatch,uat,26.55
cost-5364,2025-08-19,clearwater-settlement,cloudwatch,prod,74.34
cost-5365,2025-08-19,clearwater-sales,ec2,dev,27.34
cost-5366,2025-08-19,clearwater-sales,ec2,uat,59.09
cost-5367,2025-08-19,clearwater-sales,ec2,prod,217.26
cost-5368,2025-08-19,clearwater-sales,rds,dev,19.44
cost-5369,2025-08-19,clearwater-sales,rds,uat,39.61
cost-5370,2025-08-19,clearwater-sales,rds,prod,146.51
cost-5371,2025-08-19,clearwater-sales,s3,dev,15.60
cost-5372,2025-08-19,clearwater-sales,s3,uat,30.52
cost-5373,2025-08-19,clearwater-sales,s3,prod,98.27
cost-5374,2025-08-19,clearwater-sales,lambda,dev,32.16
cost-5375,2025-08-19,clearwater-sales,lambda,uat,67.10
cost-5376,2025-08-19,clearwater-sales,lambda,prod,294.87
cost-5377,2025-08-19,clearwater-sales,eks,dev,11.15
cost-5378,2025-08-19,clearwater-sales,eks,uat,27.55
cost-5379,2025-08-19,clearwater-sales,eks,prod,77.92
cost-5380,2025-08-19,clearwater-sales,cloudwatch,dev,10.45
cost-5381,2025-08-19,clearwater-sales,cloudwatch,uat,19.48
cost-5382,2025-08-19,clearwater-sales,cloudwatch,prod,79.37
cost-5383,2025-08-19,clearwater-collateral,ec2,dev,14.84
cost-5384,2025-08-19,clearwater-collateral,ec2,uat,28.56
cost-5385,2025-08-19,clearwater-collateral,ec2,prod,110.04
cost-5386,2025-08-19,clearwater-collateral,rds,dev,32.20
cost-5387,2025-08-19,clearwater-collateral,rds,uat,72.21
cost-5388,2025-08-19,clearwater-collateral,rds,prod,209.99
cost-5389,2025-08-19,clearwater-collateral,s3,dev,31.55
cost-5390,2025-08-19,clearwater-collateral,s3,uat,53.54
cost-5391,2025-08-19,clearwater-collateral,s3,prod,167.22
cost-5392,2025-08-19,clearwater-collateral,lambda,dev,7.65
cost-5393,2025-08-19,clearwater-collateral,lambda,uat,14.27
cost-5394,2025-08-19,clearwater-collateral,lambda,prod,50.65
cost-5395,2025-08-19,clearwater-collateral,eks,dev,7.02
cost-5396,2025-08-19,clearwater-collateral,eks,uat,13.90
cost-5397,2025-08-19,clearwater-collateral,eks,prod,48.34
cost-5398,2025-08-19,clearwater-collateral,cloudwatch,dev,4.32
cost-5399,2025-08-19,clearwater-collateral,cloudwatch,uat,9.79
cost-5400,2025-08-19,clearwater-collateral,cloudwatch,prod,30.25
cost-5401,2025-08-20,clearwater-trade,ec2,dev,104.84
cost-5402,2025-08-20,clearwater-trade,ec2,uat,173.30
cost-5403,2025-08-20,clearwater-trade,ec2,prod,680.44
cost-5404,2025-08-20,clearwater-trade,rds,dev,73.33
cost-5405,2025-08-20,clearwater-trade,rds,uat,118.37
cost-5406,2025-08-20,clearwater-trade,rds,prod,480.12
cost-5407,2025-08-20,clearwater-trade,s3,dev,12.51
cost-5408,2025-08-20,clearwater-trade,s3,uat,24.08
cost-5409,2025-08-20,clearwater-trade,s3,prod,98.82
cost-5410,2025-08-20,clearwater-trade,lambda,dev,27.10
cost-5411,2025-08-20,clearwater-trade,lambda,uat,53.16
cost-5412,2025-08-20,clearwater-trade,lambda,prod,169.57
cost-5413,2025-08-20,clearwater-trade,eks,dev,48.22
cost-5414,2025-08-20,clearwater-trade,eks,uat,98.74
cost-5415,2025-08-20,clearwater-trade,eks,prod,360.03
cost-5416,2025-08-20,clearwater-trade,cloudwatch,dev,14.12
cost-5417,2025-08-20,clearwater-trade,cloudwatch,uat,25.97
cost-5418,2025-08-20,clearwater-trade,cloudwatch,prod,89.14
cost-5419,2025-08-20,clearwater-settlement,ec2,dev,63.47
cost-5420,2025-08-20,clearwater-settlement,ec2,uat,155.96
cost-5421,2025-08-20,clearwater-settlement,ec2,prod,498.46
cost-5422,2025-08-20,clearwater-settlement,rds,dev,75.61
cost-5423,2025-08-20,clearwater-settlement,rds,uat,134.87
cost-5424,2025-08-20,clearwater-settlement,rds,prod,501.83
cost-5425,2025-08-20,clearwater-settlement,s3,dev,17.77
cost-5426,2025-08-20,clearwater-settlement,s3,uat,39.04
cost-5427,2025-08-20,clearwater-settlement,s3,prod,110.15
cost-5428,2025-08-20,clearwater-settlement,lambda,dev,27.54
cost-5429,2025-08-20,clearwater-settlement,lambda,uat,52.64
cost-5430,2025-08-20,clearwater-settlement,lambda,prod,219.92
cost-5431,2025-08-20,clearwater-settlement,eks,dev,31.68
cost-5432,2025-08-20,clearwater-settlement,eks,uat,61.26
cost-5433,2025-08-20,clearwater-settlement,eks,prod,220.15
cost-5434,2025-08-20,clearwater-settlement,cloudwatch,dev,12.70
cost-5435,2025-08-20,clearwater-settlement,cloudwatch,uat,21.15
cost-5436,2025-08-20,clearwater-settlement,cloudwatch,prod,77.68
cost-5437,2025-08-20,clearwater-sales,ec2,dev,30.93
cost-5438,2025-08-20,clearwater-sales,ec2,uat,65.63
cost-5439,2025-08-20,clearwater-sales,ec2,prod,201.76
cost-5440,2025-08-20,clearwater-sales,rds,dev,18.12
cost-5441,2025-08-20,clearwater-sales,rds,uat,41.14
cost-5442,2025-08-20,clearwater-sales,rds,prod,121.02
cost-5443,2025-08-20,clearwater-sales,s3,dev,13.09
cost-5444,2025-08-20,clearwater-sales,s3,uat,32.92
cost-5445,2025-08-20,clearwater-sales,s3,prod,114.52
cost-5446,2025-08-20,clearwater-sales,lambda,dev,31.95
cost-5447,2025-08-20,clearwater-sales,lambda,uat,73.91
cost-5448,2025-08-20,clearwater-sales,lambda,prod,283.59
cost-5449,2025-08-20,clearwater-sales,eks,dev,13.01
cost-5450,2025-08-20,clearwater-sales,eks,uat,24.24
cost-5451,2025-08-20,clearwater-sales,eks,prod,95.86
cost-5452,2025-08-20,clearwater-sales,cloudwatch,dev,9.59
cost-5453,2025-08-20,clearwater-sales,cloudwatch,uat,21.51
cost-5454,2025-08-20,clearwater-sales,cloudwatch,prod,62.30
cost-5455,2025-08-20,clearwater-collateral,ec2,dev,14.62
cost-5456,2025-08-20,clearwater-collateral,ec2,uat,28.63
cost-5457,2025-08-20,clearwater-collateral,ec2,prod,85.33
cost-5458,2025-08-20,clearwater-collateral,rds,dev,29.72
cost-5459,2025-08-20,clearwater-collateral,rds,uat,61.61
cost-5460,2025-08-20,clearwater-collateral,rds,prod,197.84
cost-5461,2025-08-20,clearwater-collateral,s3,dev,26.95
cost-5462,2025-08-20,clearwater-collateral,s3,uat,60.70
cost-5463,2025-08-20,clearwater-collateral,s3,prod,183.99
cost-5464,2025-08-20,clearwater-collateral,lambda,dev,8.13
cost-5465,2025-08-20,clearwater-collateral,lambda,uat,16.78
cost-5466,2025-08-20,clearwater-collateral,lambda,prod,45.33
cost-5467,2025-08-20,clearwater-collateral,eks,dev,6.50
cost-5468,2025-08-20,clearwater-collateral,eks,uat,14.61
cost-5469,2025-08-20,clearwater-collateral,eks,prod,45.14
cost-5470,2025-08-20,clearwater-collateral,cloudwatch,dev,3.97
cost-5471,2025-08-20,clearwater-collateral,cloudwatch,uat,10.25
cost-5472,2025-08-20,clearwater-collateral,cloudwatch,prod,31.37
cost-5473,2025-08-21,clearwater-trade,ec2,dev,79.43
cost-5474,2025-08-21,clearwater-trade,ec2,uat,174.53
cost-5475,2025-08-21,clearwater-trade,ec2,prod,700.34
cost-5476,2025-08-21,clearwater-trade,rds,dev,65.24
cost-5477,2025-08-21,clearwater-trade,rds,uat,142.60
cost-5478,2025-08-21,clearwater-trade,rds,prod,400.78
cost-5479,2025-08-21,clearwater-trade,s3,dev,14.27
cost-5480,2025-08-21,clearwater-trade,s3,uat,22.62
cost-5481,2025-08-21,clearwater-trade,s3,prod,89.77
cost-5482,2025-08-21,clearwater-trade,lambda,dev,25.55
cost-5483,2025-08-21,clearwater-trade,lambda,uat,53.14
cost-5484,2025-08-21,clearwater-trade,lambda,prod,187.59
cost-5485,2025-08-21,clearwater-trade,eks,dev,56.98
cost-5486,2025-08-21,clearwater-trade,eks,uat,105.83
cost-5487,2025-08-21,clearwater-trade,eks,prod,365.11
cost-5488,2025-08-21,clearwater-trade,cloudwatch,dev,14.87
cost-5489,2025-08-21,clearwater-trade,cloudwatch,uat,23.04
cost-5490,2025-08-21,clearwater-trade,cloudwatch,prod,100.20
cost-5491,2025-08-21,clearwater-settlement,ec2,dev,73.75
cost-5492,2025-08-21,clearwater-settlement,ec2,uat,152.31
cost-5493,2025-08-21,clearwater-settlement,ec2,prod,495.05
cost-5494,2025-08-21,clearwater-settlement,rds,dev,66.46
cost-5495,2025-08-21,clearwater-settlement,rds,uat,141.06
cost-5496,2025-08-21,clearwater-settlement,rds,prod,546.36
cost-5497,2025-08-21,clearwater-settlement,s3,dev,20.68
cost-5498,2025-08-21,clearwater-settlement,s3,uat,37.72
cost-5499,2025-08-21,clearwater-settlement,s3,prod,118.72
cost-5500,2025-08-21,clearwater-settlement,lambda,dev,28.11
cost-5501,2025-08-21,clearwater-settlement,lambda,uat,53.74
cost-5502,2025-08-21,clearwater-settlement,lambda,prod,220.68
cost-5503,2025-08-21,clearwater-settlement,eks,dev,33.16
cost-5504,2025-08-21,clearwater-settlement,eks,uat,74.26
cost-5505,2025-08-21,clearwater-settlement,eks,prod,210.68
cost-5506,2025-08-21,clearwater-settlement,cloudwatch,dev,12.46
cost-5507,2025-08-21,clearwater-settlement,cloudwatch,uat,19.66
cost-5508,2025-08-21,clearwater-settlement,cloudwatch,prod,69.95
cost-5509,2025-08-21,clearwater-sales,ec2,dev,28.96
cost-5510,2025-08-21,clearwater-sales,ec2,uat,68.00
cost-5511,2025-08-21,clearwater-sales,ec2,prod,195.09
cost-5512,2025-08-21,clearwater-sales,rds,dev,21.03
cost-5513,2025-08-21,clearwater-sales,rds,uat,38.17
cost-5514,2025-08-21,clearwater-sales,rds,prod,134.71
cost-5515,2025-08-21,clearwater-sales,s3,dev,13.19
cost-5516,2025-08-21,clearwater-sales,s3,uat,29.70
cost-5517,2025-08-21,clearwater-sales,s3,prod,101.69
cost-5518,2025-08-21,clearwater-sales,lambda,dev,39.90
cost-5519,2025-08-21,clearwater-sales,lambda,uat,67.23
cost-5520,2025-08-21,clearwater-sales,lambda,prod,254.87
cost-5521,2025-08-21,clearwater-sales,eks,dev,12.33
cost-5522,2025-08-21,clearwater-sales,eks,uat,24.00
cost-5523,2025-08-21,clearwater-sales,eks,prod,82.99
cost-5524,2025-08-21,clearwater-sales,cloudwatch,dev,9.82
cost-5525,2025-08-21,clearwater-sales,cloudwatch,uat,18.11
cost-5526,2025-08-21,clearwater-sales,cloudwatch,prod,63.06
cost-5527,2025-08-21,clearwater-collateral,ec2,dev,13.90
cost-5528,2025-08-21,clearwater-collateral,ec2,uat,31.29
cost-5529,2025-08-21,clearwater-collateral,ec2,prod,94.04
cost-5530,2025-08-21,clearwater-collateral,rds,dev,33.16
cost-5531,2025-08-21,clearwater-collateral,rds,uat,71.32
cost-5532,2025-08-21,clearwater-collateral,rds,prod,244.95
cost-5533,2025-08-21,clearwater-collateral,s3,dev,23.91
cost-5534,2025-08-21,clearwater-collateral,s3,uat,46.99
cost-5535,2025-08-21,clearwater-collateral,s3,prod,171.36
cost-5536,2025-08-21,clearwater-collateral,lambda,dev,7.14
cost-5537,2025-08-21,clearwater-collateral,lambda,uat,16.27
cost-5538,2025-08-21,clearwater-collateral,lambda,prod,57.52
cost-5539,2025-08-21,clearwater-collateral,eks,dev,7.30
cost-5540,2025-08-21,clearwater-collateral,eks,uat,12.31
cost-5541,2025-08-21,clearwater-collateral,eks,prod,39.33
cost-5542,2025-08-21,clearwater-collateral,cloudwatch,dev,4.83
cost-5543,2025-08-21,clearwater-collateral,cloudwatch,uat,7.83
cost-5544,2025-08-21,clearwater-collateral,cloudwatch,prod,32.43
cost-5545,2025-08-22,clearwater-trade,ec2,dev,95.20
cost-5546,2025-08-22,clearwater-trade,ec2,uat,189.11
cost-5547,2025-08-22,clearwater-trade,ec2,prod,628.80
cost-5548,2025-08-22,clearwater-trade,rds,dev,64.81
cost-5549,2025-08-22,clearwater-trade,rds,uat,126.53
cost-5550,2025-08-22,clearwater-trade,rds,prod,466.80
cost-5551,2025-08-22,clearwater-trade,s3,dev,11.85
cost-5552,2025-08-22,clearwater-trade,s3,uat,28.97
cost-5553,2025-08-22,clearwater-trade,s3,prod,103.24
cost-5554,2025-08-22,clearwater-trade,lambda,dev,29.82
cost-5555,2025-08-22,clearwater-trade,lambda,uat,51.44
cost-5556,2025-08-22,clearwater-trade,lambda,prod,171.38
cost-5557,2025-08-22,clearwater-trade,eks,dev,47.57
cost-5558,2025-08-22,clearwater-trade,eks,uat,107.96
cost-5559,2025-08-22,clearwater-trade,eks,prod,378.59
cost-5560,2025-08-22,clearwater-trade,cloudwatch,dev,15.08
cost-5561,2025-08-22,clearwater-trade,cloudwatch,uat,22.81
cost-5562,2025-08-22,clearwater-trade,cloudwatch,prod,84.32
cost-5563,2025-08-22,clearwater-settlement,ec2,dev,63.43
cost-5564,2025-08-22,clearwater-settlement,ec2,uat,155.40
cost-5565,2025-08-22,clearwater-settlement,ec2,prod,531.75
cost-5566,2025-08-22,clearwater-settlement,rds,dev,78.02
cost-5567,2025-08-22,clearwater-settlement,rds,uat,132.16
cost-5568,2025-08-22,clearwater-settlement,rds,prod,479.88
cost-5569,2025-08-22,clearwater-settlement,s3,dev,20.00
cost-5570,2025-08-22,clearwater-settlement,s3,uat,32.45
cost-5571,2025-08-22,clearwater-settlement,s3,prod,133.31
cost-5572,2025-08-22,clearwater-settlement,lambda,dev,30.72
cost-5573,2025-08-22,clearwater-settlement,lambda,uat,55.91
cost-5574,2025-08-22,clearwater-settlement,lambda,prod,178.60
cost-5575,2025-08-22,clearwater-settlement,eks,dev,30.62
cost-5576,2025-08-22,clearwater-settlement,eks,uat,60.62
cost-5577,2025-08-22,clearwater-settlement,eks,prod,253.95
cost-5578,2025-08-22,clearwater-settlement,cloudwatch,dev,12.63
cost-5579,2025-08-22,clearwater-settlement,cloudwatch,uat,22.88
cost-5580,2025-08-22,clearwater-settlement,cloudwatch,prod,85.98
cost-5581,2025-08-22,clearwater-sales,ec2,dev,26.46
cost-5582,2025-08-22,clearwater-sales,ec2,uat,68.01
cost-5583,2025-08-22,clearwater-sales,ec2,prod,223.63
cost-5584,2025-08-22,clearwater-sales,rds,dev,18.70
cost-5585,2025-08-22,clearwater-sales,rds,uat,40.33
cost-5586,2025-08-22,clearwater-sales,rds,prod,118.19
cost-5587,2025-08-22,clearwater-sales,s3,dev,14.79
cost-5588,2025-08-22,clearwater-sales,s3,uat,28.03
cost-5589,2025-08-22,clearwater-sales,s3,prod,111.37
cost-5590,2025-08-22,clearwater-sales,lambda,dev,42.23
cost-5591,2025-08-22,clearwater-sales,lambda,uat,78.34
cost-5592,2025-08-22,clearwater-sales,lambda,prod,233.32
cost-5593,2025-08-22,clearwater-sales,eks,dev,10.72
cost-5594,2025-08-22,clearwater-sales,eks,uat,25.90
cost-5595,2025-08-22,clearwater-sales,eks,prod,81.80
cost-5596,2025-08-22,clearwater-sales,cloudwatch,dev,9.71
cost-5597,2025-08-22,clearwater-sales,cloudwatch,uat,20.94
cost-5598,2025-08-22,clearwater-sales,cloudwatch,prod,72.73
cost-5599,2025-08-22,clearwater-collateral,ec2,dev,14.24
cost-5600,2025-08-22,clearwater-collateral,ec2,uat,25.91
cost-5601,2025-08-22,clearwater-collateral,ec2,prod,98.49
cost-5602,2025-08-22,clearwater-collateral,rds,dev,34.92
cost-5603,2025-08-22,clearwater-collateral,rds,uat,72.24
cost-5604,2025-08-22,clearwater-collateral,rds,prod,225.60
cost-5605,2025-08-22,clearwater-collateral,s3,dev,29.74
cost-5606,2025-08-22,clearwater-collateral,s3,uat,55.66
cost-5607,2025-08-22,clearwater-collateral,s3,prod,195.52
cost-5608,2025-08-22,clearwater-collateral,lambda,dev,8.25
cost-5609,2025-08-22,clearwater-collateral,lambda,uat,15.14
cost-5610,2025-08-22,clearwater-collateral,lambda,prod,46.64
cost-5611,2025-08-22,clearwater-collateral,eks,dev,7.27
cost-5612,2025-08-22,clearwater-collateral,eks,uat,14.27
cost-5613,2025-08-22,clearwater-collateral,eks,prod,49.44
cost-5614,2025-08-22,clearwater-collateral,cloudwatch,dev,4.11
cost-5615,2025-08-22,clearwater-collateral,cloudwatch,uat,9.59
cost-5616,2025-08-22,clearwater-collateral,cloudwatch,prod,28.93
cost-5617,2025-08-23,clearwater-trade,ec2,dev,87.52
cost-5618,2025-08-23,clearwater-trade,ec2,uat,180.88
cost-5619,2025-08-23,clearwater-trade,ec2,prod,702.10
cost-5620,2025-08-23,clearwater-trade,rds,dev,74.06
cost-5621,2025-08-23,clearwater-trade,rds,uat,134.06
cost-5622,2025-08-23,clearwater-trade,rds,prod,522.59
cost-5623,2025-08-23,clearwater-trade,s3,dev,14.13
cost-5624,2025-08-23,clearwater-trade,s3,uat,26.33
cost-5625,2025-08-23,clearwater-trade,s3,prod,92.14
cost-5626,2025-08-23,clearwater-trade,lambda,dev,26.68
cost-5627,2025-08-23,clearwater-trade,lambda,uat,50.95
cost-5628,2025-08-23,clearwater-trade,lambda,prod,170.33
cost-5629,2025-08-23,clearwater-trade,eks,dev,50.63
cost-5630,2025-08-23,clearwater-trade,eks,uat,91.88
cost-5631,2025-08-23,clearwater-trade,eks,prod,362.49
cost-5632,2025-08-23,clearwater-trade,cloudwatch,dev,13.43
cost-5633,2025-08-23,clearwater-trade,cloudwatch,uat,26.34
cost-5634,2025-08-23,clearwater-trade,cloudwatch,prod,97.72
cost-5635,2025-08-23,clearwater-settlement,ec2,dev,79.52
cost-5636,2025-08-23,clearwater-settlement,ec2,uat,118.23
cost-5637,2025-08-23,clearwater-settlement,ec2,prod,521.30
cost-5638,2025-08-23,clearwater-settlement,rds,dev,66.41
cost-5639,2025-08-23,clearwater-settlement,rds,uat,121.88
cost-5640,2025-08-23,clearwater-settlement,rds,prod,547.14
cost-5641,2025-08-23,clearwater-settlement,s3,dev,20.65
cost-5642,2025-08-23,clearwater-settlement,s3,uat,32.71
cost-5643,2025-08-23,clearwater-settlement,s3,prod,142.18
cost-5644,2025-08-23,clearwater-settlement,lambda,dev,28.80
cost-5645,2025-08-23,clearwater-settlement,lambda,uat,59.86
cost-5646,2025-08-23,clearwater-settlement,lambda,prod,176.85
cost-5647,2025-08-23,clearwater-settlement,eks,dev,34.19
cost-5648,2025-08-23,clearwater-settlement,eks,uat,78.87
cost-5649,2025-08-23,clearwater-settlement,eks,prod,279.09
cost-5650,2025-08-23,clearwater-settlement,cloudwatch,dev,11.26
cost-5651,2025-08-23,clearwater-settlement,cloudwatch,uat,22.08
cost-5652,2025-08-23,clearwater-settlement,cloudwatch,prod,85.54
cost-5653,2025-08-23,clearwater-sales,ec2,dev,29.08
cost-5654,2025-08-23,clearwater-sales,ec2,uat,62.66
cost-5655,2025-08-23,clearwater-sales,ec2,prod,233.44
cost-5656,2025-08-23,clearwater-sales,rds,dev,18.78
cost-5657,2025-08-23,clearwater-sales,rds,uat,34.32
cost-5658,2025-08-23,clearwater-sales,rds,prod,111.61
cost-5659,2025-08-23,clearwater-sales,s3,dev,15.39
cost-5660,2025-08-23,clearwater-sales,s3,uat,26.96
cost-5661,2025-08-23,clearwater-sales,s3,prod,94.69
cost-5662,2025-08-23,clearwater-sales,lambda,dev,38.03
cost-5663,2025-08-23,clearwater-sales,lambda,uat,78.18
cost-5664,2025-08-23,clearwater-sales,lambda,prod,236.11
cost-5665,2025-08-23,clearwater-sales,eks,dev,13.36
cost-5666,2025-08-23,clearwater-sales,eks,uat,22.48
cost-5667,2025-08-23,clearwater-sales,eks,prod,81.50
cost-5668,2025-08-23,clearwater-sales,cloudwatch,dev,8.92
cost-5669,2025-08-23,clearwater-sales,cloudwatch,uat,17.21
cost-5670,2025-08-23,clearwater-sales,cloudwatch,prod,71.90
cost-5671,2025-08-23,clearwater-collateral,ec2,dev,14.09
cost-5672,2025-08-23,clearwater-collateral,ec2,uat,30.14
cost-5673,2025-08-23,clearwater-collateral,ec2,prod,88.20
cost-5674,2025-08-23,clearwater-collateral,rds,dev,31.73
cost-5675,2025-08-23,clearwater-collateral,rds,uat,57.11
cost-5676,2025-08-23,clearwater-collateral,rds,prod,227.96
cost-5677,2025-08-23,clearwater-collateral,s3,dev,24.90
cost-5678,2025-08-23,clearwater-collateral,s3,uat,56.27
cost-5679,2025-08-23,clearwater-collateral,s3,prod,195.37
cost-5680,2025-08-23,clearwater-collateral,lambda,dev,7.61
cost-5681,2025-08-23,clearwater-collateral,lambda,uat,15.33
cost-5682,2025-08-23,clearwater-collateral,lambda,prod,43.93
cost-5683,2025-08-23,clearwater-collateral,eks,dev,5.63
cost-5684,2025-08-23,clearwater-collateral,eks,uat,12.50
cost-5685,2025-08-23,clearwater-collateral,eks,prod,42.11
cost-5686,2025-08-23,clearwater-collateral,cloudwatch,dev,4.01
cost-5687,2025-08-23,clearwater-collateral,cloudwatch,uat,9.54
cost-5688,2025-08-23,clearwater-collateral,cloudwatch,prod,32.81
cost-5689,2025-08-24,clearwater-trade,ec2,dev,104.85
cost-5690,2025-08-24,clearwater-trade,ec2,uat,177.81
cost-5691,2025-08-24,clearwater-trade,ec2,prod,587.31
cost-5692,2025-08-24,clearwater-trade,rds,dev,65.73
cost-5693,2025-08-24,clearwater-trade,rds,uat,114.00
cost-5694,2025-08-24,clearwater-trade,rds,prod,412.61
cost-5695,2025-08-24,clearwater-trade,s3,dev,14.62
cost-5696,2025-08-24,clearwater-trade,s3,uat,24.36
cost-5697,2025-08-24,clearwater-trade,s3,prod,89.47
cost-5698,2025-08-24,clearwater-trade,lambda,dev,29.98
cost-5699,2025-08-24,clearwater-trade,lambda,uat,48.22
cost-5700,2025-08-24,clearwater-trade,lambda,prod,190.40
cost-5701,2025-08-24,clearwater-trade,eks,dev,47.61
cost-5702,2025-08-24,clearwater-trade,eks,uat,96.21
cost-5703,2025-08-24,clearwater-trade,eks,prod,394.28
cost-5704,2025-08-24,clearwater-trade,cloudwatch,dev,14.76
cost-5705,2025-08-24,clearwater-trade,cloudwatch,uat,24.22
cost-5706,2025-08-24,clearwater-trade,cloudwatch,prod,101.30
cost-5707,2025-08-24,clearwater-settlement,ec2,dev,68.91
cost-5708,2025-08-24,clearwater-settlement,ec2,uat,118.53
cost-5709,2025-08-24,clearwater-settlement,ec2,prod,540.79
cost-5710,2025-08-24,clearwater-settlement,rds,dev,72.77
cost-5711,2025-08-24,clearwater-settlement,rds,uat,143.33
cost-5712,2025-08-24,clearwater-settlement,rds,prod,437.16
cost-5713,2025-08-24,clearwater-settlement,s3,dev,20.03
cost-5714,2025-08-24,clearwater-settlement,s3,uat,39.21
cost-5715,2025-08-24,clearwater-settlement,s3,prod,141.27
cost-5716,2025-08-24,clearwater-settlement,lambda,dev,29.92
cost-5717,2025-08-24,clearwater-settlement,lambda,uat,61.12
cost-5718,2025-08-24,clearwater-settlement,lambda,prod,218.19
cost-5719,2025-08-24,clearwater-settlement,eks,dev,38.51
cost-5720,2025-08-24,clearwater-settlement,eks,uat,74.16
cost-5721,2025-08-24,clearwater-settlement,eks,prod,226.59
cost-5722,2025-08-24,clearwater-settlement,cloudwatch,dev,10.68
cost-5723,2025-08-24,clearwater-settlement,cloudwatch,uat,21.61
cost-5724,2025-08-24,clearwater-settlement,cloudwatch,prod,83.86
cost-5725,2025-08-24,clearwater-sales,ec2,dev,29.18
cost-5726,2025-08-24,clearwater-sales,ec2,uat,61.21
cost-5727,2025-08-24,clearwater-sales,ec2,prod,234.16
cost-5728,2025-08-24,clearwater-sales,rds,dev,16.07
cost-5729,2025-08-24,clearwater-sales,rds,uat,39.38
cost-5730,2025-08-24,clearwater-sales,rds,prod,117.17
cost-5731,2025-08-24,clearwater-sales,s3,dev,16.93
cost-5732,2025-08-24,clearwater-sales,s3,uat,32.55
cost-5733,2025-08-24,clearwater-sales,s3,prod,97.31
cost-5734,2025-08-24,clearwater-sales,lambda,dev,31.77
cost-5735,2025-08-24,clearwater-sales,lambda,uat,69.98
cost-5736,2025-08-24,clearwater-sales,lambda,prod,244.35
cost-5737,2025-08-24,clearwater-sales,eks,dev,11.04
cost-5738,2025-08-24,clearwater-sales,eks,uat,26.95
cost-5739,2025-08-24,clearwater-sales,eks,prod,92.49
cost-5740,2025-08-24,clearwater-sales,cloudwatch,dev,10.49
cost-5741,2025-08-24,clearwater-sales,cloudwatch,uat,22.46
cost-5742,2025-08-24,clearwater-sales,cloudwatch,prod,76.49
cost-5743,2025-08-24,clearwater-collateral,ec2,dev,14.20
cost-5744,2025-08-24,clearwater-collateral,ec2,uat,29.26
cost-5745,2025-08-24,clearwater-collateral,ec2,prod,85.94
cost-5746,2025-08-24,clearwater-collateral,rds,dev,35.39
cost-5747,2025-08-24,clearwater-collateral,rds,uat,65.77
cost-5748,2025-08-24,clearwater-collateral,rds,prod,234.53
cost-5749,2025-08-24,clearwater-collateral,s3,dev,30.34
cost-5750,2025-08-24,clearwater-collateral,s3,uat,55.05
cost-5751,2025-08-24,clearwater-collateral,s3,prod,183.28
cost-5752,2025-08-24,clearwater-collateral,lambda,dev,8.34
cost-5753,2025-08-24,clearwater-collateral,lambda,uat,16.35
cost-5754,2025-08-24,clearwater-collateral,lambda,prod,52.15
cost-5755,2025-08-24,clearwater-collateral,eks,dev,6.62
cost-5756,2025-08-24,clearwater-collateral,eks,uat,11.55
cost-5757,2025-08-24,clearwater-collateral,eks,prod,44.16
cost-5758,2025-08-24,clearwater-collateral,cloudwatch,dev,4.89
cost-5759,2025-08-24,clearwater-collateral,cloudwatch,uat,9.83
cost-5760,2025-08-24,clearwater-collateral,cloudwatch,prod,27.33
cost-5761,2025-08-25,clearwater-trade,ec2,dev,79.29
cost-5762,2025-08-25,clearwater-trade,ec2,uat,201.94
cost-5763,2025-08-25,clearwater-trade,ec2,prod,712.74
cost-5764,2025-08-25,clearwater-trade,rds,dev,59.05
cost-5765,2025-08-25,clearwater-trade,rds,uat,138.41
cost-5766,2025-08-25,clearwater-trade,rds,prod,509.40
cost-5767,2025-08-25,clearwater-trade,s3,dev,14.50
cost-5768,2025-08-25,clearwater-trade,s3,uat,28.25
cost-5769,2025-08-25,clearwater-trade,s3,prod,88.44
cost-5770,2025-08-25,clearwater-trade,lambda,dev,23.14
cost-5771,2025-08-25,clearwater-trade,lambda,uat,50.17
cost-5772,2025-08-25,clearwater-trade,lambda,prod,212.43
cost-5773,2025-08-25,clearwater-trade,eks,dev,48.11
cost-5774,2025-08-25,clearwater-trade,eks,uat,115.54
cost-5775,2025-08-25,clearwater-trade,eks,prod,383.65
cost-5776,2025-08-25,clearwater-trade,cloudwatch,dev,11.66
cost-5777,2025-08-25,clearwater-trade,cloudwatch,uat,24.86
cost-5778,2025-08-25,clearwater-trade,cloudwatch,prod,105.54
cost-5779,2025-08-25,clearwater-settlement,ec2,dev,71.27
cost-5780,2025-08-25,clearwater-settlement,ec2,uat,139.40
cost-5781,2025-08-25,clearwater-settlement,ec2,prod,536.36
cost-5782,2025-08-25,clearwater-settlement,rds,dev,71.37
cost-5783,2025-08-25,clearwater-settlement,rds,uat,143.73
cost-5784,2025-08-25,clearwater-settlement,rds,prod,513.28
cost-5785,2025-08-25,clearwater-settlement,s3,dev,20.78
cost-5786,2025-08-25,clearwater-settlement,s3,uat,40.32
cost-5787,2025-08-25,clearwater-settlement,s3,prod,135.96
cost-5788,2025-08-25,clearwater-settlement,lambda,dev,23.89
cost-5789,2025-08-25,clearwater-settlement,lambda,uat,63.54
cost-5790,2025-08-25,clearwater-settlement,lambda,prod,211.62
cost-5791,2025-08-25,clearwater-settlement,eks,dev,32.08
cost-5792,2025-08-25,clearwater-settlement,eks,uat,62.83
cost-5793,2025-08-25,clearwater-settlement,eks,prod,223.40
cost-5794,2025-08-25,clearwater-settlement,cloudwatch,dev,12.44
cost-5795,2025-08-25,clearwater-settlement,cloudwatch,uat,23.80
cost-5796,2025-08-25,clearwater-settlement,cloudwatch,prod,92.62
cost-5797,2025-08-25,clearwater-sales,ec2,dev,26.77
cost-5798,2025-08-25,clearwater-sales,ec2,uat,54.47
cost-5799,2025-08-25,clearwater-sales,ec2,prod,191.63
cost-5800,2025-08-25,clearwater-sales,rds,dev,16.47
cost-5801,2025-08-25,clearwater-sales,rds,uat,33.02
cost-5802,2025-08-25,clearwater-sales,rds,prod,129.49
cost-5803,2025-08-25,clearwater-sales,s3,dev,14.58
cost-5804,2025-08-25,clearwater-sales,s3,uat,31.31
cost-5805,2025-08-25,clearwater-sales,s3,prod,98.13
cost-5806,2025-08-25,clearwater-sales,lambda,dev,34.07
cost-5807,2025-08-25,clearwater-sales,lambda,uat,72.48
cost-5808,2025-08-25,clearwater-sales,lambda,prod,224.98
cost-5809,2025-08-25,clearwater-sales,eks,dev,12.78
cost-5810,2025-08-25,clearwater-sales,eks,uat,26.55
cost-5811,2025-08-25,clearwater-sales,eks,prod,93.22
cost-5812,2025-08-25,clearwater-sales,cloudwatch,dev,8.93
cost-5813,2025-08-25,clearwater-sales,cloudwatch,uat,21.67
cost-5814,2025-08-25,clearwater-sales,cloudwatch,prod,62.92
cost-5815,2025-08-25,clearwater-collateral,ec2,dev,14.32
cost-5816,2025-08-25,clearwater-collateral,ec2,uat,26.97
cost-5817,2025-08-25,clearwater-collateral,ec2,prod,98.75
cost-5818,2025-08-25,clearwater-collateral,rds,dev,33.60
cost-5819,2025-08-25,clearwater-collateral,rds,uat,55.92
cost-5820,2025-08-25,clearwater-collateral,rds,prod,251.60
cost-5821,2025-08-25,clearwater-collateral,s3,dev,29.90
cost-5822,2025-08-25,clearwater-collateral,s3,uat,52.77
cost-5823,2025-08-25,clearwater-collateral,s3,prod,190.09
cost-5824,2025-08-25,clearwater-collateral,lambda,dev,6.32
cost-5825,2025-08-25,clearwater-collateral,lambda,uat,13.80
cost-5826,2025-08-25,clearwater-collateral,lambda,prod,53.83
cost-5827,2025-08-25,clearwater-collateral,eks,dev,6.35
cost-5828,2025-08-25,clearwater-collateral,eks,uat,11.13
cost-5829,2025-08-25,clearwater-collateral,eks,prod,44.81
cost-5830,2025-08-25,clearwater-collateral,cloudwatch,dev,3.98
cost-5831,2025-08-25,clearwater-collateral,cloudwatch,uat,9.44
cost-5832,2025-08-25,clearwater-collateral,cloudwatch,prod,35.57
cost-5833,2025-08-26,clearwater-trade,ec2,dev,90.26
cost-5834,2025-08-26,clearwater-trade,ec2,uat,162.12
cost-5835,2025-08-26,clearwater-trade,ec2,prod,576.27
cost-5836,2025-08-26,clearwater-trade,rds,dev,62.31
cost-5837,2025-08-26,clearwater-trade,rds,uat,142.09
cost-5838,2025-08-26,clearwater-trade,rds,prod,418.00
cost-5839,2025-08-26,clearwater-trade,s3,dev,12.24
cost-5840,2025-08-26,clearwater-trade,s3,uat,25.10
cost-5841,2025-08-26,clearwater-trade,s3,prod,79.23
cost-5842,2025-08-26,clearwater-trade,lambda,dev,26.81
cost-5843,2025-08-26,clearwater-trade,lambda,uat,54.28
cost-5844,2025-08-26,clearwater-trade,lambda,prod,168.89
cost-5845,2025-08-26,clearwater-trade,eks,dev,47.06
cost-5846,2025-08-26,clearwater-trade,eks,uat,115.70
cost-5847,2025-08-26,clearwater-trade,eks,prod,381.51
cost-5848,2025-08-26,clearwater-trade,cloudwatch,dev,14.39
cost-5849,2025-08-26,clearwater-trade,cloudwatch,uat,25.31
cost-5850,2025-08-26,clearwater-trade,cloudwatch,prod,96.27
cost-5851,2025-08-26,clearwater-settlement,ec2,dev,63.85
cost-5852,2025-08-26,clearwater-settlement,ec2,uat,158.03
cost-5853,2025-08-26,clearwater-settlement,ec2,prod,552.99
cost-5854,2025-08-26,clearwater-settlement,rds,dev,70.60
cost-5855,2025-08-26,clearwater-settlement,rds,uat,137.14
cost-5856,2025-08-26,clearwater-settlement,rds,prod,457.12
cost-5857,2025-08-26,clearwater-settlement,s3,dev,15.89
cost-5858,2025-08-26,clearwater-settlement,s3,uat,32.87
cost-5859,2025-08-26,clearwater-settlement,s3,prod,140.61
cost-5860,2025-08-26,clearwater-settlement,lambda,dev,30.12
cost-5861,2025-08-26,clearwater-settlement,lambda,uat,56.54
cost-5862,2025-08-26,clearwater-settlement,lambda,prod,184.40
cost-5863,2025-08-26,clearwater-settlement,eks,dev,39.29
cost-5864,2025-08-26,clearwater-settlement,eks,uat,61.63
cost-5865,2025-08-26,clearwater-settlement,eks,prod,234.84
cost-5866,2025-08-26,clearwater-settlement,cloudwatch,dev,10.22
cost-5867,2025-08-26,clearwater-settlement,cloudwatch,uat,20.67
cost-5868,2025-08-26,clearwater-settlement,cloudwatch,prod,70.65
cost-5869,2025-08-26,clearwater-sales,ec2,dev,32.03
cost-5870,2025-08-26,clearwater-sales,ec2,uat,56.57
cost-5871,2025-08-26,clearwater-sales,ec2,prod,241.80
cost-5872,2025-08-26,clearwater-sales,rds,dev,18.27
cost-5873,2025-08-26,clearwater-sales,rds,uat,34.05
cost-5874,2025-08-26,clearwater-sales,rds,prod,141.36
cost-5875,2025-08-26,clearwater-sales,s3,dev,14.21
cost-5876,2025-08-26,clearwater-sales,s3,uat,25.33
cost-5877,2025-08-26,clearwater-sales,s3,prod,114.15
cost-5878,2025-08-26,clearwater-sales,lambda,dev,34.41
cost-5879,2025-08-26,clearwater-sales,lambda,uat,64.88
cost-5880,2025-08-26,clearwater-sales,lambda,prod,294.63
cost-5881,2025-08-26,clearwater-sales,eks,dev,11.75
cost-5882,2025-08-26,clearwater-sales,eks,uat,26.73
cost-5883,2025-08-26,clearwater-sales,eks,prod,80.76
cost-5884,2025-08-26,clearwater-sales,cloudwatch,dev,9.99
cost-5885,2025-08-26,clearwater-sales,cloudwatch,uat,20.66
cost-5886,2025-08-26,clearwater-sales,cloudwatch,prod,66.67
cost-5887,2025-08-26,clearwater-collateral,ec2,dev,13.72
cost-5888,2025-08-26,clearwater-collateral,ec2,uat,23.55
cost-5889,2025-08-26,clearwater-collateral,ec2,prod,91.76
cost-5890,2025-08-26,clearwater-collateral,rds,dev,35.21
cost-5891,2025-08-26,clearwater-collateral,rds,uat,60.42
cost-5892,2025-08-26,clearwater-collateral,rds,prod,236.40
cost-5893,2025-08-26,clearwater-collateral,s3,dev,23.84
cost-5894,2025-08-26,clearwater-collateral,s3,uat,50.88
cost-5895,2025-08-26,clearwater-collateral,s3,prod,207.28
cost-5896,2025-08-26,clearwater-collateral,lambda,dev,6.93
cost-5897,2025-08-26,clearwater-collateral,lambda,uat,16.32
cost-5898,2025-08-26,clearwater-collateral,lambda,prod,59.03
cost-5899,2025-08-26,clearwater-collateral,eks,dev,6.00
cost-5900,2025-08-26,clearwater-collateral,eks,uat,13.64
cost-5901,2025-08-26,clearwater-collateral,eks,prod,49.64
cost-5902,2025-08-26,clearwater-collateral,cloudwatch,dev,4.61
cost-5903,2025-08-26,clearwater-collateral,cloudwatch,uat,8.23
cost-5904,2025-08-26,clearwater-collateral,cloudwatch,prod,35.21
cost-5905,2025-08-27,clearwater-trade,ec2,dev,86.81
cost-5906,2025-08-27,clearwater-trade,ec2,uat,197.12
cost-5907,2025-08-27,clearwater-trade,ec2,prod,641.24
cost-5908,2025-08-27,clearwater-trade,rds,dev,56.82
cost-5909,2025-08-27,clearwater-trade,rds,uat,146.56
cost-5910,2025-08-27,clearwater-trade,rds,prod,529.57
cost-5911,2025-08-27,clearwater-trade,s3,dev,11.82
cost-5912,2025-08-27,clearwater-trade,s3,uat,24.64
cost-5913,2025-08-27,clearwater-trade,s3,prod,80.97
cost-5914,2025-08-27,clearwater-trade,lambda,dev,22.83
cost-5915,2025-08-27,clearwater-trade,lambda,uat,56.89
cost-5916,2025-08-27,clearwater-trade,lambda,prod,211.89
cost-5917,2025-08-27,clearwater-trade,eks,dev,60.43
cost-5918,2025-08-27,clearwater-trade,eks,uat,101.80
cost-5919,2025-08-27,clearwater-trade,eks,prod,374.45
cost-5920,2025-08-27,clearwater-trade,cloudwatch,dev,14.08
cost-5921,2025-08-27,clearwater-trade,cloudwatch,uat,26.72
cost-5922,2025-08-27,clearwater-trade,cloudwatch,prod,98.57
cost-5923,2025-08-27,clearwater-settlement,ec2,dev,74.96
cost-5924,2025-08-27,clearwater-settlement,ec2,uat,139.64
cost-5925,2025-08-27,clearwater-settlement,ec2,prod,473.93
cost-5926,2025-08-27,clearwater-settlement,rds,dev,64.87
cost-5927,2025-08-27,clearwater-settlement,rds,uat,123.23
cost-5928,2025-08-27,clearwater-settlement,rds,prod,421.80
cost-5929,2025-08-27,clearwater-settlement,s3,dev,17.50
cost-5930,2025-08-27,clearwater-settlement,s3,uat,39.69
cost-5931,2025-08-27,clearwater-settlement,s3,prod,121.77
cost-5932,2025-08-27,clearwater-settlement,lambda,dev,28.52
cost-5933,2025-08-27,clearwater-settlement,lambda,uat,58.38
cost-5934,2025-08-27,clearwater-settlement,lambda,prod,219.54
cost-5935,2025-08-27,clearwater-settlement,eks,dev,39.22
cost-5936,2025-08-27,clearwater-settlement,eks,uat,73.67
cost-5937,2025-08-27,clearwater-settlement,eks,prod,216.28
cost-5938,2025-08-27,clearwater-settlement,cloudwatch,dev,10.71
cost-5939,2025-08-27,clearwater-settlement,cloudwatch,uat,21.80
cost-5940,2025-08-27,clearwater-settlement,cloudwatch,prod,92.68
cost-5941,2025-08-27,clearwater-sales,ec2,dev,30.90
cost-5942,2025-08-27,clearwater-sales,ec2,uat,68.60
cost-5943,2025-08-27,clearwater-sales,ec2,prod,185.09
cost-5944,2025-08-27,clearwater-sales,rds,dev,16.67
cost-5945,2025-08-27,clearwater-sales,rds,uat,37.87
cost-5946,2025-08-27,clearwater-sales,rds,prod,148.23
cost-5947,2025-08-27,clearwater-sales,s3,dev,16.02
cost-5948,2025-08-27,clearwater-sales,s3,uat,29.01
cost-5949,2025-08-27,clearwater-sales,s3,prod,107.81
cost-5950,2025-08-27,clearwater-sales,lambda,dev,37.75
cost-5951,2025-08-27,clearwater-sales,lambda,uat,68.14
cost-5952,2025-08-27,clearwater-sales,lambda,prod,227.09
cost-5953,2025-08-27,clearwater-sales,eks,dev,10.53
cost-5954,2025-08-27,clearwater-sales,eks,uat,28.04
cost-5955,2025-08-27,clearwater-sales,eks,prod,92.06
cost-5956,2025-08-27,clearwater-sales,cloudwatch,dev,11.19
cost-5957,2025-08-27,clearwater-sales,cloudwatch,uat,20.94
cost-5958,2025-08-27,clearwater-sales,cloudwatch,prod,65.38
cost-5959,2025-08-27,clearwater-collateral,ec2,dev,13.94
cost-5960,2025-08-27,clearwater-collateral,ec2,uat,26.34
cost-5961,2025-08-27,clearwater-collateral,ec2,prod,93.65
cost-5962,2025-08-27,clearwater-collateral,rds,dev,30.04
cost-5963,2025-08-27,clearwater-collateral,rds,uat,64.44
cost-5964,2025-08-27,clearwater-collateral,rds,prod,218.23
cost-5965,2025-08-27,clearwater-collateral,s3,dev,24.89
cost-5966,2025-08-27,clearwater-collateral,s3,uat,47.54
cost-5967,2025-08-27,clearwater-collateral,s3,prod,168.35
cost-5968,2025-08-27,clearwater-collateral,lambda,dev,7.22
cost-5969,2025-08-27,clearwater-collateral,lambda,uat,16.54
cost-5970,2025-08-27,clearwater-collateral,lambda,prod,55.36
cost-5971,2025-08-27,clearwater-collateral,eks,dev,6.00
cost-5972,2025-08-27,clearwater-collateral,eks,uat,11.91
cost-5973,2025-08-27,clearwater-collateral,eks,prod,50.78
cost-5974,2025-08-27,clearwater-collateral,cloudwatch,dev,4.43
cost-5975,2025-08-27,clearwater-collateral,cloudwatch,uat,8.67
cost-5976,2025-08-27,clearwater-collateral,cloudwatch,prod,33.93
cost-5977,2025-08-28,clearwater-trade,ec2,dev,90.83
cost-5978,2025-08-28,clearwater-trade,ec2,uat,186.74
cost-5979,2025-08-28,clearwater-trade,ec2,prod,623.10
cost-5980,2025-08-28,clearwater-trade,rds,dev,74.37
cost-5981,2025-08-28,clearwater-trade,rds,uat,132.98
cost-5982,2025-08-28,clearwater-trade,rds,prod,423.69
cost-5983,2025-08-28,clearwater-trade,s3,dev,14.37
cost-5984,2025-08-28,clearwater-trade,s3,uat,27.90
cost-5985,2025-08-28,clearwater-trade,s3,prod,97.52
cost-5986,2025-08-28,clearwater-trade,lambda,dev,27.18
cost-5987,2025-08-28,clearwater-trade,lambda,uat,47.53
cost-5988,2025-08-28,clearwater-trade,lambda,prod,158.97
cost-5989,2025-08-28,clearwater-trade,eks,dev,58.04
cost-5990,2025-08-28,clearwater-trade,eks,uat,90.22
cost-5991,2025-08-28,clearwater-trade,eks,prod,426.83
cost-5992,2025-08-28,clearwater-trade,cloudwatch,dev,13.40
cost-5993,2025-08-28,clearwater-trade,cloudwatch,uat,26.72
cost-5994,2025-08-28,clearwater-trade,cloudwatch,prod,79.21
cost-5995,2025-08-28,clearwater-settlement,ec2,dev,65.04
cost-5996,2025-08-28,clearwater-settlement,ec2,uat,153.69
cost-5997,2025-08-28,clearwater-settlement,ec2,prod,503.23
cost-5998,2025-08-28,clearwater-settlement,rds,dev,76.88
cost-5999,2025-08-28,clearwater-settlement,rds,uat,121.72
cost-6000,2025-08-28,clearwater-settlement,rds,prod,423.26
cost-6001,2025-08-28,clearwater-settlement,s3,dev,20.79
cost-6002,2025-08-28,clearwater-settlement,s3,uat,32.80
cost-6003,2025-08-28,clearwater-settlement,s3,prod,120.16
cost-6004,2025-08-28,clearwater-settlement,lambda,dev,26.86
cost-6005,2025-08-28,clearwater-settlement,lambda,uat,59.21
cost-6006,2025-08-28,clearwater-settlement,lambda,prod,196.26
cost-6007,2025-08-28,clearwater-settlement,eks,dev,31.20
cost-6008,2025-08-28,clearwater-settlement,eks,uat,75.98
cost-6009,2025-08-28,clearwater-settlement,eks,prod,237.51
cost-6010,2025-08-28,clearwater-settlement,cloudwatch,dev,13.29
cost-6011,2025-08-28,clearwater-settlement,cloudwatch,uat,20.09
cost-6012,2025-08-28,clearwater-settlement,cloudwatch,prod,83.59
cost-6013,2025-08-28,clearwater-sales,ec2,dev,26.93
cost-6014,2025-08-28,clearwater-sales,ec2,uat,65.46
cost-6015,2025-08-28,clearwater-sales,ec2,prod,188.96
cost-6016,2025-08-28,clearwater-sales,rds,dev,18.17
cost-6017,2025-08-28,clearwater-sales,rds,uat,35.88
cost-6018,2025-08-28,clearwater-sales,rds,prod,113.56
cost-6019,2025-08-28,clearwater-sales,s3,dev,16.81
cost-6020,2025-08-28,clearwater-sales,s3,uat,27.17
cost-6021,2025-08-28,clearwater-sales,s3,prod,93.92
cost-6022,2025-08-28,clearwater-sales,lambda,dev,40.01
cost-6023,2025-08-28,clearwater-sales,lambda,uat,65.44
cost-6024,2025-08-28,clearwater-sales,lambda,prod,279.11
cost-6025,2025-08-28,clearwater-sales,eks,dev,11.74
cost-6026,2025-08-28,clearwater-sales,eks,uat,25.10
cost-6027,2025-08-28,clearwater-sales,eks,prod,78.66
cost-6028,2025-08-28,clearwater-sales,cloudwatch,dev,9.21
cost-6029,2025-08-28,clearwater-sales,cloudwatch,uat,21.04
cost-6030,2025-08-28,clearwater-sales,cloudwatch,prod,79.08
cost-6031,2025-08-28,clearwater-collateral,ec2,dev,11.84
cost-6032,2025-08-28,clearwater-collateral,ec2,uat,29.31
cost-6033,2025-08-28,clearwater-collateral,ec2,prod,103.87
cost-6034,2025-08-28,clearwater-collateral,rds,dev,27.98
cost-6035,2025-08-28,clearwater-collateral,rds,uat,55.82
cost-6036,2025-08-28,clearwater-collateral,rds,prod,202.71
cost-6037,2025-08-28,clearwater-collateral,s3,dev,26.52
cost-6038,2025-08-28,clearwater-collateral,s3,uat,50.76
cost-6039,2025-08-28,clearwater-collateral,s3,prod,209.41
cost-6040,2025-08-28,clearwater-collateral,lambda,dev,6.25
cost-6041,2025-08-28,clearwater-collateral,lambda,uat,15.64
cost-6042,2025-08-28,clearwater-collateral,lambda,prod,57.29
cost-6043,2025-08-28,clearwater-collateral,eks,dev,7.10
cost-6044,2025-08-28,clearwater-collateral,eks,uat,14.62
cost-6045,2025-08-28,clearwater-collateral,eks,prod,46.21
cost-6046,2025-08-28,clearwater-collateral,cloudwatch,dev,4.94
cost-6047,2025-08-28,clearwater-collateral,cloudwatch,uat,9.12
cost-6048,2025-08-28,clearwater-collateral,cloudwatch,prod,36.89
cost-6049,2025-08-29,clearwater-trade,ec2,dev,100.79
cost-6050,2025-08-29,clearwater-trade,ec2,uat,193.70
cost-6051,2025-08-29,clearwater-trade,ec2,prod,642.62
cost-6052,2025-08-29,clearwater-trade,rds,dev,62.78
cost-6053,2025-08-29,clearwater-trade,rds,uat,128.73
cost-6054,2025-08-29,clearwater-trade,rds,prod,405.29
cost-6055,2025-08-29,clearwater-trade,s3,dev,13.66
cost-6056,2025-08-29,clearwater-trade,s3,uat,25.95
cost-6057,2025-08-29,clearwater-trade,s3,prod,82.94
cost-6058,2025-08-29,clearwater-trade,lambda,dev,23.15
cost-6059,2025-08-29,clearwater-trade,lambda,uat,49.45
cost-6060,2025-08-29,clearwater-trade,lambda,prod,213.31
cost-6061,2025-08-29,clearwater-trade,eks,dev,52.16
cost-6062,2025-08-29,clearwater-trade,eks,uat,102.47
cost-6063,2025-08-29,clearwater-trade,eks,prod,424.66
cost-6064,2025-08-29,clearwater-trade,cloudwatch,dev,15.12
cost-6065,2025-08-29,clearwater-trade,cloudwatch,uat,30.47
cost-6066,2025-08-29,clearwater-trade,cloudwatch,prod,102.51
cost-6067,2025-08-29,clearwater-settlement,ec2,dev,65.08
cost-6068,2025-08-29,clearwater-settlement,ec2,uat,135.02
cost-6069,2025-08-29,clearwater-settlement,ec2,prod,519.83
cost-6070,2025-08-29,clearwater-settlement,rds,dev,79.74
cost-6071,2025-08-29,clearwater-settlement,rds,uat,156.94
cost-6072,2025-08-29,clearwater-settlement,rds,prod,508.44
cost-6073,2025-08-29,clearwater-settlement,s3,dev,20.13
cost-6074,2025-08-29,clearwater-settlement,s3,uat,36.73
cost-6075,2025-08-29,clearwater-settlement,s3,prod,121.53
cost-6076,2025-08-29,clearwater-settlement,lambda,dev,30.66
cost-6077,2025-08-29,clearwater-settlement,lambda,uat,53.80
cost-6078,2025-08-29,clearwater-settlement,lambda,prod,210.93
cost-6079,2025-08-29,clearwater-settlement,eks,dev,39.15
cost-6080,2025-08-29,clearwater-settlement,eks,uat,62.53
cost-6081,2025-08-29,clearwater-settlement,eks,prod,252.99
cost-6082,2025-08-29,clearwater-settlement,cloudwatch,dev,9.95
cost-6083,2025-08-29,clearwater-settlement,cloudwatch,uat,23.21
cost-6084,2025-08-29,clearwater-settlement,cloudwatch,prod,70.01
cost-6085,2025-08-29,clearwater-sales,ec2,dev,29.69
cost-6086,2025-08-29,clearwater-sales,ec2,uat,58.11
cost-6087,2025-08-29,clearwater-sales,ec2,prod,247.52
cost-6088,2025-08-29,clearwater-sales,rds,dev,18.43
cost-6089,2025-08-29,clearwater-sales,rds,uat,36.51
cost-6090,2025-08-29,clearwater-sales,rds,prod,114.36
cost-6091,2025-08-29,clearwater-sales,s3,dev,14.61
cost-6092,2025-08-29,clearwater-sales,s3,uat,29.56
cost-6093,2025-08-29,clearwater-sales,s3,prod,95.92
cost-6094,2025-08-29,clearwater-sales,lambda,dev,39.28
cost-6095,2025-08-29,clearwater-sales,lambda,uat,73.30
cost-6096,2025-08-29,clearwater-sales,lambda,prod,258.51
cost-6097,2025-08-29,clearwater-sales,eks,dev,12.91
cost-6098,2025-08-29,clearwater-sales,eks,uat,22.34
cost-6099,2025-08-29,clearwater-sales,eks,prod,79.35
cost-6100,2025-08-29,clearwater-sales,cloudwatch,dev,10.84
cost-6101,2025-08-29,clearwater-sales,cloudwatch,uat,20.46
cost-6102,2025-08-29,clearwater-sales,cloudwatch,prod,71.49
cost-6103,2025-08-29,clearwater-collateral,ec2,dev,13.35
cost-6104,2025-08-29,clearwater-collateral,ec2,uat,26.05
cost-6105,2025-08-29,clearwater-collateral,ec2,prod,87.05
cost-6106,2025-08-29,clearwater-collateral,rds,dev,28.19
cost-6107,2025-08-29,clearwater-collateral,rds,uat,70.57
cost-6108,2025-08-29,clearwater-collateral,rds,prod,202.51
cost-6109,2025-08-29,clearwater-collateral,s3,dev,23.63
cost-6110,2025-08-29,clearwater-collateral,s3,uat,47.07
cost-6111,2025-08-29,clearwater-collateral,s3,prod,169.48
cost-6112,2025-08-29,clearwater-collateral,lambda,dev,7.70
cost-6113,2025-08-29,clearwater-collateral,lambda,uat,15.49
cost-6114,2025-08-29,clearwater-collateral,lambda,prod,48.18
cost-6115,2025-08-29,clearwater-collateral,eks,dev,6.14
cost-6116,2025-08-29,clearwater-collateral,eks,uat,14.41
cost-6117,2025-08-29,clearwater-collateral,eks,prod,41.55
cost-6118,2025-08-29,clearwater-collateral,cloudwatch,dev,4.24
cost-6119,2025-08-29,clearwater-collateral,cloudwatch,uat,10.03
cost-6120,2025-08-29,clearwater-collateral,cloudwatch,prod,32.11
cost-6121,2025-08-30,clearwater-trade,ec2,dev,95.73
cost-6122,2025-08-30,clearwater-trade,ec2,uat,191.28
cost-6123,2025-08-30,clearwater-trade,ec2,prod,572.57
cost-6124,2025-08-30,clearwater-trade,rds,dev,66.95
cost-6125,2025-08-30,clearwater-trade,rds,uat,145.28
cost-6126,2025-08-30,clearwater-trade,rds,prod,503.01
cost-6127,2025-08-30,clearwater-trade,s3,dev,12.27
cost-6128,2025-08-30,clearwater-trade,s3,uat,27.49
cost-6129,2025-08-30,clearwater-trade,s3,prod,105.25
cost-6130,2025-08-30,clearwater-trade,lambda,dev,28.43
cost-6131,2025-08-30,clearwater-trade,lambda,uat,50.39
cost-6132,2025-08-30,clearwater-trade,lambda,prod,169.84
cost-6133,2025-08-30,clearwater-trade,eks,dev,58.66
cost-6134,2025-08-30,clearwater-trade,eks,uat,114.94
cost-6135,2025-08-30,clearwater-trade,eks,prod,332.02
cost-6136,2025-08-30,clearwater-trade,cloudwatch,dev,13.31
cost-6137,2025-08-30,clearwater-trade,cloudwatch,uat,24.68
cost-6138,2025-08-30,clearwater-trade,cloudwatch,prod,88.46
cost-6139,2025-08-30,clearwater-settlement,ec2,dev,62.62
cost-6140,2025-08-30,clearwater-settlement,ec2,uat,152.97
cost-6141,2025-08-30,clearwater-settlement,ec2,prod,429.58
cost-6142,2025-08-30,clearwater-settlement,rds,dev,79.64
cost-6143,2025-08-30,clearwater-settlement,rds,uat,155.86
cost-6144,2025-08-30,clearwater-settlement,rds,prod,501.79
cost-6145,2025-08-30,clearwater-settlement,s3,dev,17.41
cost-6146,2025-08-30,clearwater-settlement,s3,uat,35.80
cost-6147,2025-08-30,clearwater-settlement,s3,prod,116.13
cost-6148,2025-08-30,clearwater-settlement,lambda,dev,24.99
cost-6149,2025-08-30,clearwater-settlement,lambda,uat,60.42
cost-6150,2025-08-30,clearwater-settlement,lambda,prod,210.53
cost-6151,2025-08-30,clearwater-settlement,eks,dev,33.87
cost-6152,2025-08-30,clearwater-settlement,eks,uat,62.29
cost-6153,2025-08-30,clearwater-settlement,eks,prod,277.92
cost-6154,2025-08-30,clearwater-settlement,cloudwatch,dev,10.47
cost-6155,2025-08-30,clearwater-settlement,cloudwatch,uat,23.77
cost-6156,2025-08-30,clearwater-settlement,cloudwatch,prod,80.83
cost-6157,2025-08-30,clearwater-sales,ec2,dev,26.99
cost-6158,2025-08-30,clearwater-sales,ec2,uat,63.49
cost-6159,2025-08-30,clearwater-sales,ec2,prod,229.47
cost-6160,2025-08-30,clearwater-sales,rds,dev,19.77
cost-6161,2025-08-30,clearwater-sales,rds,uat,34.03
cost-6162,2025-08-30,clearwater-sales,rds,prod,138.66
cost-6163,2025-08-30,clearwater-sales,s3,dev,13.04
cost-6164,2025-08-30,clearwater-sales,s3,uat,32.69
cost-6165,2025-08-30,clearwater-sales,s3,prod,114.02
cost-6166,2025-08-30,clearwater-sales,lambda,dev,35.61
cost-6167,2025-08-30,clearwater-sales,lambda,uat,71.04
cost-6168,2025-08-30,clearwater-sales,lambda,prod,251.58
cost-6169,2025-08-30,clearwater-sales,eks,dev,11.11
cost-6170,2025-08-30,clearwater-sales,eks,uat,26.87
cost-6171,2025-08-30,clearwater-sales,eks,prod,98.56
cost-6172,2025-08-30,clearwater-sales,cloudwatch,dev,8.48
cost-6173,2025-08-30,clearwater-sales,cloudwatch,uat,17.59
cost-6174,2025-08-30,clearwater-sales,cloudwatch,prod,62.56
cost-6175,2025-08-30,clearwater-collateral,ec2,dev,13.90
cost-6176,2025-08-30,clearwater-collateral,ec2,uat,31.00
cost-6177,2025-08-30,clearwater-collateral,ec2,prod,84.71
cost-6178,2025-08-30,clearwater-collateral,rds,dev,30.60
cost-6179,2025-08-30,clearwater-collateral,rds,uat,63.40
cost-6180,2025-08-30,clearwater-collateral,rds,prod,256.47
cost-6181,2025-08-30,clearwater-collateral,s3,dev,28.47
cost-6182,2025-08-30,clearwater-collateral,s3,uat,61.22
cost-6183,2025-08-30,clearwater-collateral,s3,prod,193.69
cost-6184,2025-08-30,clearwater-collateral,lambda,dev,6.64
cost-6185,2025-08-30,clearwater-collateral,lambda,uat,13.28
cost-6186,2025-08-30,clearwater-collateral,lambda,prod,47.75
cost-6187,2025-08-30,clearwater-collateral,eks,dev,6.79
cost-6188,2025-08-30,clearwater-collateral,eks,uat,11.84
cost-6189,2025-08-30,clearwater-collateral,eks,prod,41.34
cost-6190,2025-08-30,clearwater-collateral,cloudwatch,dev,4.34
cost-6191,2025-08-30,clearwater-collateral,cloudwatch,uat,8.08
cost-6192,2025-08-30,clearwater-collateral,cloudwatch,prod,28.22
cost-6193,2025-08-31,clearwater-trade,ec2,dev,100.05
cost-6194,2025-08-31,clearwater-trade,ec2,uat,175.85
cost-6195,2025-08-31,clearwater-trade,ec2,prod,586.01
cost-6196,2025-08-31,clearwater-trade,rds,dev,56.62
cost-6197,2025-08-31,clearwater-trade,rds,uat,119.73
cost-6198,2025-08-31,clearwater-trade,rds,prod,504.19
cost-6199,2025-08-31,clearwater-trade,s3,dev,14.53
cost-6200,2025-08-31,clearwater-trade,s3,uat,29.77
cost-6201,2025-08-31,clearwater-trade,s3,prod,89.40
cost-6202,2025-08-31,clearwater-trade,lambda,dev,30.05
cost-6203,2025-08-31,clearwater-trade,lambda,uat,50.07
cost-6204,2025-08-31,clearwater-trade,lambda,prod,210.69
cost-6205,2025-08-31,clearwater-trade,eks,dev,51.75
cost-6206,2025-08-31,clearwater-trade,eks,uat,100.34
cost-6207,2025-08-31,clearwater-trade,eks,prod,350.98
cost-6208,2025-08-31,clearwater-trade,cloudwatch,dev,12.96
cost-6209,2025-08-31,clearwater-trade,cloudwatch,uat,30.32
cost-6210,2025-08-31,clearwater-trade,cloudwatch,prod,83.36
cost-6211,2025-08-31,clearwater-settlement,ec2,dev,74.22
cost-6212,2025-08-31,clearwater-settlement,ec2,uat,157.67
cost-6213,2025-08-31,clearwater-settlement,ec2,prod,438.84
cost-6214,2025-08-31,clearwater-settlement,rds,dev,66.03
cost-6215,2025-08-31,clearwater-settlement,rds,uat,147.55
cost-6216,2025-08-31,clearwater-settlement,rds,prod,429.42
cost-6217,2025-08-31,clearwater-settlement,s3,dev,19.52
cost-6218,2025-08-31,clearwater-settlement,s3,uat,31.88
cost-6219,2025-08-31,clearwater-settlement,s3,prod,147.21
cost-6220,2025-08-31,clearwater-settlement,lambda,dev,25.64
cost-6221,2025-08-31,clearwater-settlement,lambda,uat,58.42
cost-6222,2025-08-31,clearwater-settlement,lambda,prod,174.95
cost-6223,2025-08-31,clearwater-settlement,eks,dev,36.85
cost-6224,2025-08-31,clearwater-settlement,eks,uat,74.29
cost-6225,2025-08-31,clearwater-settlement,eks,prod,249.91
cost-6226,2025-08-31,clearwater-settlement,cloudwatch,dev,10.73
cost-6227,2025-08-31,clearwater-settlement,cloudwatch,uat,23.25
cost-6228,2025-08-31,clearwater-settlement,cloudwatch,prod,81.21
cost-6229,2025-08-31,clearwater-sales,ec2,dev,33.31
cost-6230,2025-08-31,clearwater-sales,ec2,uat,66.80
cost-6231,2025-08-31,clearwater-sales,ec2,prod,207.24
cost-6232,2025-08-31,clearwater-sales,rds,dev,16.06
cost-6233,2025-08-31,clearwater-sales,rds,uat,37.16
cost-6234,2025-08-31,clearwater-sales,rds,prod,127.41
cost-6235,2025-08-31,clearwater-sales,s3,dev,16.03
cost-6236,2025-08-31,clearwater-sales,s3,uat,28.56
cost-6237,2025-08-31,clearwater-sales,s3,prod,94.25
cost-6238,2025-08-31,clearwater-sales,lambda,dev,33.81
cost-6239,2025-08-31,clearwater-sales,lambda,uat,77.61
cost-6240,2025-08-31,clearwater-sales,lambda,prod,278.22
cost-6241,2025-08-31,clearwater-sales,eks,dev,10.85
cost-6242,2025-08-31,clearwater-sales,eks,uat,26.63
cost-6243,2025-08-31,clearwater-sales,eks,prod,77.41
cost-6244,2025-08-31,clearwater-sales,cloudwatch,dev,11.05
cost-6245,2025-08-31,clearwater-sales,cloudwatch,uat,21.89
cost-6246,2025-08-31,clearwater-sales,cloudwatch,prod,60.61
cost-6247,2025-08-31,clearwater-collateral,ec2,dev,13.06
cost-6248,2025-08-31,clearwater-collateral,ec2,uat,28.79
cost-6249,2025-08-31,clearwater-collateral,ec2,prod,82.73
cost-6250,2025-08-31,clearwater-collateral,rds,dev,29.19
cost-6251,2025-08-31,clearwater-collateral,rds,uat,55.33
cost-6252,2025-08-31,clearwater-collateral,rds,prod,245.53
cost-6253,2025-08-31,clearwater-collateral,s3,dev,23.49
cost-6254,2025-08-31,clearwater-collateral,s3,uat,48.65
cost-6255,2025-08-31,clearwater-collateral,s3,prod,188.57
cost-6256,2025-08-31,clearwater-collateral,lambda,dev,8.41
cost-6257,2025-08-31,clearwater-collateral,lambda,uat,13.38
cost-6258,2025-08-31,clearwater-collateral,lambda,prod,49.65
cost-6259,2025-08-31,clearwater-collateral,eks,dev,6.51
cost-6260,2025-08-31,clearwater-collateral,eks,uat,13.48
cost-6261,2025-08-31,clearwater-collateral,eks,prod,43.73
cost-6262,2025-08-31,clearwater-collateral,cloudwatch,dev,4.18
cost-6263,2025-08-31,clearwater-collateral,cloudwatch,uat,8.06
cost-6264,2025-08-31,clearwater-collateral,cloudwatch,prod,27.61
cost-6265,2025-09-01,clearwater-trade,ec2,dev,99.41
cost-6266,2025-09-01,clearwater-trade,ec2,uat,183.26
cost-6267,2025-09-01,clearwater-trade,ec2,prod,611.59
cost-6268,2025-09-01,clearwater-trade,rds,dev,58.51
cost-6269,2025-09-01,clearwater-trade,rds,uat,129.73
cost-6270,2025-09-01,clearwater-trade,rds,prod,510.51
cost-6271,2025-09-01,clearwater-trade,s3,dev,14.55
cost-6272,2025-09-01,clearwater-trade,s3,uat,26.40
cost-6273,2025-09-01,clearwater-trade,s3,prod,92.07
cost-6274,2025-09-01,clearwater-trade,lambda,dev,25.28
cost-6275,2025-09-01,clearwater-trade,lambda,uat,60.66
cost-6276,2025-09-01,clearwater-trade,lambda,prod,188.10
cost-6277,2025-09-01,clearwater-trade,eks,dev,55.07
cost-6278,2025-09-01,clearwater-trade,eks,uat,109.27
cost-6279,2025-09-01,clearwater-trade,eks,prod,371.09
cost-6280,2025-09-01,clearwater-trade,cloudwatch,dev,12.82
cost-6281,2025-09-01,clearwater-trade,cloudwatch,uat,26.24
cost-6282,2025-09-01,clearwater-trade,cloudwatch,prod,90.65
cost-6283,2025-09-01,clearwater-settlement,ec2,dev,64.63
cost-6284,2025-09-01,clearwater-settlement,ec2,uat,144.41
cost-6285,2025-09-01,clearwater-settlement,ec2,prod,486.88
cost-6286,2025-09-01,clearwater-settlement,rds,dev,79.27
cost-6287,2025-09-01,clearwater-settlement,rds,uat,133.93
cost-6288,2025-09-01,clearwater-settlement,rds,prod,552.67
cost-6289,2025-09-01,clearwater-settlement,s3,dev,18.08
cost-6290,2025-09-01,clearwater-settlement,s3,uat,39.65
cost-6291,2025-09-01,clearwater-settlement,s3,prod,118.93
cost-6292,2025-09-01,clearwater-settlement,lambda,dev,31.32
cost-6293,2025-09-01,clearwater-settlement,lambda,uat,50.43
cost-6294,2025-09-01,clearwater-settlement,lambda,prod,226.83
cost-6295,2025-09-01,clearwater-settlement,eks,dev,39.18
cost-6296,2025-09-01,clearwater-settlement,eks,uat,79.36
cost-6297,2025-09-01,clearwater-settlement,eks,prod,229.66
cost-6298,2025-09-01,clearwater-settlement,cloudwatch,dev,12.70
cost-6299,2025-09-01,clearwater-settlement,cloudwatch,uat,26.09
cost-6300,2025-09-01,clearwater-settlement,cloudwatch,prod,87.59
cost-6301,2025-09-01,clearwater-sales,ec2,dev,35.07
cost-6302,2025-09-01,clearwater-sales,ec2,uat,64.03
cost-6303,2025-09-01,clearwater-sales,ec2,prod,208.37
cost-6304,2025-09-01,clearwater-sales,rds,dev,21.53
cost-6305,2025-09-01,clearwater-sales,rds,uat,35.21
cost-6306,2025-09-01,clearwater-sales,rds,prod,117.05
cost-6307,2025-09-01,clearwater-sales,s3,dev,15.37
cost-6308,2025-09-01,clearwater-sales,s3,uat,34.43
cost-6309,2025-09-01,clearwater-sales,s3,prod,109.02
cost-6310,2025-09-01,clearwater-sales,lambda,dev,39.11
cost-6311,2025-09-01,clearwater-sales,lambda,uat,79.74
cost-6312,2025-09-01,clearwater-sales,lambda,prod,250.11
cost-6313,2025-09-01,clearwater-sales,eks,dev,12.14
cost-6314,2025-09-01,clearwater-sales,eks,uat,25.33
cost-6315,2025-09-01,clearwater-sales,eks,prod,82.39
cost-6316,2025-09-01,clearwater-sales,cloudwatch,dev,11.29
cost-6317,2025-09-01,clearwater-sales,cloudwatch,uat,17.49
cost-6318,2025-09-01,clearwater-sales,cloudwatch,prod,66.75
cost-6319,2025-09-01,clearwater-collateral,ec2,dev,14.32
cost-6320,2025-09-01,clearwater-collateral,ec2,uat,30.57
cost-6321,2025-09-01,clearwater-collateral,ec2,prod,91.02
cost-6322,2025-09-01,clearwater-collateral,rds,dev,29.73
cost-6323,2025-09-01,clearwater-collateral,rds,uat,56.21
cost-6324,2025-09-01,clearwater-collateral,rds,prod,257.06
cost-6325,2025-09-01,clearwater-collateral,s3,dev,27.79
cost-6326,2025-09-01,clearwater-collateral,s3,uat,50.80
cost-6327,2025-09-01,clearwater-collateral,s3,prod,182.38
cost-6328,2025-09-01,clearwater-collateral,lambda,dev,7.77
cost-6329,2025-09-01,clearwater-collateral,lambda,uat,16.26
cost-6330,2025-09-01,clearwater-collateral,lambda,prod,47.85
cost-6331,2025-09-01,clearwater-collateral,eks,dev,7.32
cost-6332,2025-09-01,clearwater-collateral,eks,uat,12.26
cost-6333,2025-09-01,clearwater-collateral,eks,prod,48.86
cost-6334,2025-09-01,clearwater-collateral,cloudwatch,dev,4.56
cost-6335,2025-09-01,clearwater-collateral,cloudwatch,uat,10.62
cost-6336,2025-09-01,clearwater-collateral,cloudwatch,prod,32.06
cost-6337,2025-09-02,clearwater-trade,ec2,dev,87.32
cost-6338,2025-09-02,clearwater-trade,ec2,uat,198.40
cost-6339,2025-09-02,clearwater-trade,ec2,prod,653.91
cost-6340,2025-09-02,clearwater-trade,rds,dev,59.93
cost-6341,2025-09-02,clearwater-trade,rds,uat,120.22
cost-6342,2025-09-02,clearwater-trade,rds,prod,525.40
cost-6343,2025-09-02,clearwater-trade,s3,dev,14.52
cost-6344,2025-09-02,clearwater-trade,s3,uat,31.36
cost-6345,2025-09-02,clearwater-trade,s3,prod,84.25
cost-6346,2025-09-02,clearwater-trade,lambda,dev,23.62
cost-6347,2025-09-02,clearwater-trade,lambda,uat,51.10
cost-6348,2025-09-02,clearwater-trade,lambda,prod,176.77
cost-6349,2025-09-02,clearwater-trade,eks,dev,57.28
cost-6350,2025-09-02,clearwater-trade,eks,uat,97.98
cost-6351,2025-09-02,clearwater-trade,eks,prod,418.39
cost-6352,2025-09-02,clearwater-trade,cloudwatch,dev,12.73
cost-6353,2025-09-02,clearwater-trade,cloudwatch,uat,25.11
cost-6354,2025-09-02,clearwater-trade,cloudwatch,prod,85.09
cost-6355,2025-09-02,clearwater-settlement,ec2,dev,74.09
cost-6356,2025-09-02,clearwater-settlement,ec2,uat,147.22
cost-6357,2025-09-02,clearwater-settlement,ec2,prod,547.94
cost-6358,2025-09-02,clearwater-settlement,rds,dev,75.22
cost-6359,2025-09-02,clearwater-settlement,rds,uat,131.11
cost-6360,2025-09-02,clearwater-settlement,rds,prod,434.49
cost-6361,2025-09-02,clearwater-settlement,s3,dev,20.74
cost-6362,2025-09-02,clearwater-settlement,s3,uat,37.24
cost-6363,2025-09-02,clearwater-settlement,s3,prod,136.58
cost-6364,2025-09-02,clearwater-settlement,lambda,dev,30.91
cost-6365,2025-09-02,clearwater-settlement,lambda,uat,52.29
cost-6366,2025-09-02,clearwater-settlement,lambda,prod,177.67
cost-6367,2025-09-02,clearwater-settlement,eks,dev,30.85
cost-6368,2025-09-02,clearwater-settlement,eks,uat,70.71
cost-6369,2025-09-02,clearwater-settlement,eks,prod,267.47
cost-6370,2025-09-02,clearwater-settlement,cloudwatch,dev,10.78
cost-6371,2025-09-02,clearwater-settlement,cloudwatch,uat,26.65
cost-6372,2025-09-02,clearwater-settlement,cloudwatch,prod,75.61
cost-6373,2025-09-02,clearwater-sales,ec2,dev,27.59
cost-6374,2025-09-02,clearwater-sales,ec2,uat,63.59
cost-6375,2025-09-02,clearwater-sales,ec2,prod,230.12
cost-6376,2025-09-02,clearwater-sales,rds,dev,19.63
cost-6377,2025-09-02,clearwater-sales,rds,uat,33.02
cost-6378,2025-09-02,clearwater-sales,rds,prod,148.03
cost-6379,2025-09-02,clearwater-sales,s3,dev,14.96
cost-6380,2025-09-02,clearwater-sales,s3,uat,32.54
cost-6381,2025-09-02,clearwater-sales,s3,prod,116.57
cost-6382,2025-09-02,clearwater-sales,lambda,dev,32.01
cost-6383,2025-09-02,clearwater-sales,lambda,uat,69.97
cost-6384,2025-09-02,clearwater-sales,lambda,prod,298.16
cost-6385,2025-09-02,clearwater-sales,eks,dev,11.21
cost-6386,2025-09-02,clearwater-sales,eks,uat,25.45
cost-6387,2025-09-02,clearwater-sales,eks,prod,89.67
cost-6388,2025-09-02,clearwater-sales,cloudwatch,dev,9.78
cost-6389,2025-09-02,clearwater-sales,cloudwatch,uat,20.54
cost-6390,2025-09-02,clearwater-sales,cloudwatch,prod,65.20
cost-6391,2025-09-02,clearwater-collateral,ec2,dev,13.14
cost-6392,2025-09-02,clearwater-collateral,ec2,uat,30.29
cost-6393,2025-09-02,clearwater-collateral,ec2,prod,104.19
cost-6394,2025-09-02,clearwater-collateral,rds,dev,30.99
cost-6395,2025-09-02,clearwater-collateral,rds,uat,58.93
cost-6396,2025-09-02,clearwater-collateral,rds,prod,201.25
cost-6397,2025-09-02,clearwater-collateral,s3,dev,28.25
cost-6398,2025-09-02,clearwater-collateral,s3,uat,55.53
cost-6399,2025-09-02,clearwater-collateral,s3,prod,202.66
cost-6400,2025-09-02,clearwater-collateral,lambda,dev,6.60
cost-6401,2025-09-02,clearwater-collateral,lambda,uat,15.79
cost-6402,2025-09-02,clearwater-collateral,lambda,prod,46.74
cost-6403,2025-09-02,clearwater-collateral,eks,dev,5.61
cost-6404,2025-09-02,clearwater-collateral,eks,uat,14.19
cost-6405,2025-09-02,clearwater-collateral,eks,prod,44.20
cost-6406,2025-09-02,clearwater-collateral,cloudwatch,dev,4.57
cost-6407,2025-09-02,clearwater-collateral,cloudwatch,uat,7.88
cost-6408,2025-09-02,clearwater-collateral,cloudwatch,prod,29.23
cost-6409,2025-09-03,clearwater-trade,ec2,dev,87.22
cost-6410,2025-09-03,clearwater-trade,ec2,uat,199.08
cost-6411,2025-09-03,clearwater-trade,ec2,prod,753.69
cost-6412,2025-09-03,clearwater-trade,rds,dev,68.72
cost-6413,2025-09-03,clearwater-trade,rds,uat,143.52
cost-6414,2025-09-03,clearwater-trade,rds,prod,417.51
cost-6415,2025-09-03,clearwater-trade,s3,dev,15.49
cost-6416,2025-09-03,clearwater-trade,s3,uat,27.81
cost-6417,2025-09-03,clearwater-trade,s3,prod,100.91
cost-6418,2025-09-03,clearwater-trade,lambda,dev,26.43
cost-6419,2025-09-03,clearwater-trade,lambda,uat,55.84
cost-6420,2025-09-03,clearwater-trade,lambda,prod,182.46
cost-6421,2025-09-03,clearwater-trade,eks,dev,60.75
cost-6422,2025-09-03,clearwater-trade,eks,uat,118.81
cost-6423,2025-09-03,clearwater-trade,eks,prod,350.17
cost-6424,2025-09-03,clearwater-trade,cloudwatch,dev,13.94
cost-6425,2025-09-03,clearwater-trade,cloudwatch,uat,27.15
cost-6426,2025-09-03,clearwater-trade,cloudwatch,prod,100.64
cost-6427,2025-09-03,clearwater-settlement,ec2,dev,65.24
cost-6428,2025-09-03,clearwater-settlement,ec2,uat,141.29
cost-6429,2025-09-03,clearwater-settlement,ec2,prod,520.16
cost-6430,2025-09-03,clearwater-settlement,rds,dev,65.37
cost-6431,2025-09-03,clearwater-settlement,rds,uat,147.17
cost-6432,2025-09-03,clearwater-settlement,rds,prod,570.24
cost-6433,2025-09-03,clearwater-settlement,s3,dev,21.24
cost-6434,2025-09-03,clearwater-settlement,s3,uat,39.35
cost-6435,2025-09-03,clearwater-settlement,s3,prod,134.85
cost-6436,2025-09-03,clearwater-settlement,lambda,dev,25.67
cost-6437,2025-09-03,clearwater-settlement,lambda,uat,55.91
cost-6438,2025-09-03,clearwater-settlement,lambda,prod,220.95
cost-6439,2025-09-03,clearwater-settlement,eks,dev,37.74
cost-6440,2025-09-03,clearwater-settlement,eks,uat,72.48
cost-6441,2025-09-03,clearwater-settlement,eks,prod,277.53
cost-6442,2025-09-03,clearwater-settlement,cloudwatch,dev,10.59
cost-6443,2025-09-03,clearwater-settlement,cloudwatch,uat,23.06
cost-6444,2025-09-03,clearwater-settlement,cloudwatch,prod,71.60
cost-6445,2025-09-03,clearwater-sales,ec2,dev,35.89
cost-6446,2025-09-03,clearwater-sales,ec2,uat,57.07
cost-6447,2025-09-03,clearwater-sales,ec2,prod,217.92
cost-6448,2025-09-03,clearwater-sales,rds,dev,20.01
cost-6449,2025-09-03,clearwater-sales,rds,uat,38.16
cost-6450,2025-09-03,clearwater-sales,rds,prod,118.24
cost-6451,2025-09-03,clearwater-sales,s3,dev,15.42
cost-6452,2025-09-03,clearwater-sales,s3,uat,27.26
cost-6453,2025-09-03,clearwater-sales,s3,prod,112.30
cost-6454,2025-09-03,clearwater-sales,lambda,dev,43.27
cost-6455,2025-09-03,clearwater-sales,lambda,uat,84.83
cost-6456,2025-09-03,clearwater-sales,lambda,prod,269.65
cost-6457,2025-09-03,clearwater-sales,eks,dev,12.96
cost-6458,2025-09-03,clearwater-sales,eks,uat,23.92
cost-6459,2025-09-03,clearwater-sales,eks,prod,81.20
cost-6460,2025-09-03,clearwater-sales,cloudwatch,dev,10.66
cost-6461,2025-09-03,clearwater-sales,cloudwatch,uat,20.96
cost-6462,2025-09-03,clearwater-sales,cloudwatch,prod,76.43
cost-6463,2025-09-03,clearwater-collateral,ec2,dev,13.52
cost-6464,2025-09-03,clearwater-collateral,ec2,uat,27.50
cost-6465,2025-09-03,clearwater-collateral,ec2,prod,84.38
cost-6466,2025-09-03,clearwater-collateral,rds,dev,31.60
cost-6467,2025-09-03,clearwater-collateral,rds,uat,61.10
cost-6468,2025-09-03,clearwater-collateral,rds,prod,196.80
cost-6469,2025-09-03,clearwater-collateral,s3,dev,27.59
cost-6470,2025-09-03,clearwater-collateral,s3,uat,61.14
cost-6471,2025-09-03,clearwater-collateral,s3,prod,190.76
cost-6472,2025-09-03,clearwater-collateral,lambda,dev,7.03
cost-6473,2025-09-03,clearwater-collateral,lambda,uat,13.09
cost-6474,2025-09-03,clearwater-collateral,lambda,prod,46.71
cost-6475,2025-09-03,clearwater-collateral,eks,dev,6.15
cost-6476,2025-09-03,clearwater-collateral,eks,uat,13.04
cost-6477,2025-09-03,clearwater-collateral,eks,prod,47.76
cost-6478,2025-09-03,clearwater-collateral,cloudwatch,dev,4.57
cost-6479,2025-09-03,clearwater-collateral,cloudwatch,uat,9.66
cost-6480,2025-09-03,clearwater-collateral,cloudwatch,prod,34.72
cost-6481,2025-09-04,clearwater-trade,ec2,dev,83.12
cost-6482,2025-09-04,clearwater-trade,ec2,uat,201.76
cost-6483,2025-09-04,clearwater-trade,ec2,prod,695.00
cost-6484,2025-09-04,clearwater-trade,rds,dev,64.90
cost-6485,2025-09-04,clearwater-trade,rds,uat,148.68
cost-6486,2025-09-04,clearwater-trade,rds,prod,480.52
cost-6487,2025-09-04,clearwater-trade,s3,dev,12.91
cost-6488,2025-09-04,clearwater-trade,s3,uat,30.36
cost-6489,2025-09-04,clearwater-trade,s3,prod,83.28
cost-6490,2025-09-04,clearwater-trade,lambda,dev,25.67
cost-6491,2025-09-04,clearwater-trade,lambda,uat,61.23
cost-6492,2025-09-04,clearwater-trade,lambda,prod,166.91
cost-6493,2025-09-04,clearwater-trade,eks,dev,52.43
cost-6494,2025-09-04,clearwater-trade,eks,uat,111.62
cost-6495,2025-09-04,clearwater-trade,eks,prod,427.72
cost-6496,2025-09-04,clearwater-trade,cloudwatch,dev,14.53
cost-6497,2025-09-04,clearwater-trade,cloudwatch,uat,28.37
cost-6498,2025-09-04,clearwater-trade,cloudwatch,prod,96.08
cost-6499,2025-09-04,clearwater-settlement,ec2,dev,75.42
cost-6500,2025-09-04,clearwater-settlement,ec2,uat,154.10
cost-6501,2025-09-04,clearwater-settlement,ec2,prod,441.90
cost-6502,2025-09-04,clearwater-settlement,rds,dev,77.68
cost-6503,2025-09-04,clearwater-settlement,rds,uat,122.25
cost-6504,2025-09-04,clearwater-settlement,rds,prod,532.17
cost-6505,2025-09-04,clearwater-settlement,s3,dev,17.19
cost-6506,2025-09-04,clearwater-settlement,s3,uat,34.72
cost-6507,2025-09-04,clearwater-settlement,s3,prod,115.72
cost-6508,2025-09-04,clearwater-settlement,lambda,dev,24.75
cost-6509,2025-09-04,clearwater-settlement,lambda,uat,49.09
cost-6510,2025-09-04,clearwater-settlement,lambda,prod,217.00
cost-6511,2025-09-04,clearwater-settlement,eks,dev,30.61
cost-6512,2025-09-04,clearwater-settlement,eks,uat,66.64
cost-6513,2025-09-04,clearwater-settlement,eks,prod,236.06
cost-6514,2025-09-04,clearwater-settlement,cloudwatch,dev,10.38
cost-6515,2025-09-04,clearwater-settlement,cloudwatch,uat,22.54
cost-6516,2025-09-04,clearwater-settlement,cloudwatch,prod,83.95
cost-6517,2025-09-04,clearwater-sales,ec2,dev,29.21
cost-6518,2025-09-04,clearwater-sales,ec2,uat,64.04
cost-6519,2025-09-04,clearwater-sales,ec2,prod,217.04
cost-6520,2025-09-04,clearwater-sales,rds,dev,18.47
cost-6521,2025-09-04,clearwater-sales,rds,uat,41.89
cost-6522,2025-09-04,clearwater-sales,rds,prod,137.46
cost-6523,2025-09-04,clearwater-sales,s3,dev,16.23
cost-6524,2025-09-04,clearwater-sales,s3,uat,32.05
cost-6525,2025-09-04,clearwater-sales,s3,prod,110.12
cost-6526,2025-09-04,clearwater-sales,lambda,dev,41.73
cost-6527,2025-09-04,clearwater-sales,lambda,uat,73.79
cost-6528,2025-09-04,clearwater-sales,lambda,prod,257.12
cost-6529,2025-09-04,clearwater-sales,eks,dev,11.13
cost-6530,2025-09-04,clearwater-sales,eks,uat,23.08
cost-6531,2025-09-04,clearwater-sales,eks,prod,95.22
cost-6532,2025-09-04,clearwater-sales,cloudwatch,dev,11.38
cost-6533,2025-09-04,clearwater-sales,cloudwatch,uat,20.23
cost-6534,2025-09-04,clearwater-sales,cloudwatch,prod,74.31
cost-6535,2025-09-04,clearwater-collateral,ec2,dev,15.80
cost-6536,2025-09-04,clearwater-collateral,ec2,uat,24.65
cost-6537,2025-09-04,clearwater-collateral,ec2,prod,105.54
cost-6538,2025-09-04,clearwater-collateral,rds,dev,34.85
cost-6539,2025-09-04,clearwater-collateral,rds,uat,73.67
cost-6540,2025-09-04,clearwater-collateral,rds,prod,234.89
cost-6541,2025-09-04,clearwater-collateral,s3,dev,30.61
cost-6542,2025-09-04,clearwater-collateral,s3,uat,52.93
cost-6543,2025-09-04,clearwater-collateral,s3,prod,180.82
cost-6544,2025-09-04,clearwater-collateral,lambda,dev,7.11
cost-6545,2025-09-04,clearwater-collateral,lambda,uat,16.93
cost-6546,2025-09-04,clearwater-collateral,lambda,prod,53.30
cost-6547,2025-09-04,clearwater-collateral,eks,dev,7.13
cost-6548,2025-09-04,clearwater-collateral,eks,uat,14.66
cost-6549,2025-09-04,clearwater-collateral,eks,prod,45.25
cost-6550,2025-09-04,clearwater-collateral,cloudwatch,dev,4.92
cost-6551,2025-09-04,clearwater-collateral,cloudwatch,uat,8.86
cost-6552,2025-09-04,clearwater-collateral,cloudwatch,prod,29.93
cost-6553,2025-09-05,clearwater-trade,ec2,dev,101.64
cost-6554,2025-09-05,clearwater-trade,ec2,uat,206.63
cost-6555,2025-09-05,clearwater-trade,ec2,prod,755.41
cost-6556,2025-09-05,clearwater-trade,rds,dev,59.05
cost-6557,2025-09-05,clearwater-trade,rds,uat,154.34
cost-6558,2025-09-05,clearwater-trade,rds,prod,451.48
cost-6559,2025-09-05,clearwater-trade,s3,dev,13.54
cost-6560,2025-09-05,clearwater-trade,s3,uat,25.32
cost-6561,2025-09-05,clearwater-trade,s3,prod,86.44
cost-6562,2025-09-05,clearwater-trade,lambda,dev,24.29
cost-6563,2025-09-05,clearwater-trade,lambda,uat,47.03
cost-6564,2025-09-05,clearwater-trade,lambda,prod,205.40
cost-6565,2025-09-05,clearwater-trade,eks,dev,50.23
cost-6566,2025-09-05,clearwater-trade,eks,uat,98.50
cost-6567,2025-09-05,clearwater-trade,eks,prod,414.16
cost-6568,2025-09-05,clearwater-trade,cloudwatch,dev,12.03
cost-6569,2025-09-05,clearwater-trade,cloudwatch,uat,23.78
cost-6570,2025-09-05,clearwater-trade,cloudwatch,prod,99.60
cost-6571,2025-09-05,clearwater-settlement,ec2,dev,76.14
cost-6572,2025-09-05,clearwater-settlement,ec2,uat,158.28
cost-6573,2025-09-05,clearwater-settlement,ec2,prod,529.14
cost-6574,2025-09-05,clearwater-settlement,rds,dev,64.83
cost-6575,2025-09-05,clearwater-settlement,rds,uat,151.47
cost-6576,2025-09-05,clearwater-settlement,rds,prod,532.62
cost-6577,2025-09-05,clearwater-settlement,s3,dev,17.21
cost-6578,2025-09-05,clearwater-settlement,s3,uat,37.27
cost-6579,2025-09-05,clearwater-settlement,s3,prod,148.42
cost-6580,2025-09-05,clearwater-settlement,lambda,dev,29.58
cost-6581,2025-09-05,clearwater-settlement,lambda,uat,55.45
cost-6582,2025-09-05,clearwater-settlement,lambda,prod,197.09
cost-6583,2025-09-05,clearwater-settlement,eks,dev,37.16
cost-6584,2025-09-05,clearwater-settlement,eks,uat,79.94
cost-6585,2025-09-05,clearwater-settlement,eks,prod,216.90
cost-6586,2025-09-05,clearwater-settlement,cloudwatch,dev,11.83
cost-6587,2025-09-05,clearwater-settlement,cloudwatch,uat,23.75
cost-6588,2025-09-05,clearwater-settlement,cloudwatch,prod,72.42
cost-6589,2025-09-05,clearwater-sales,ec2,dev,33.53
cost-6590,2025-09-05,clearwater-sales,ec2,uat,68.67
cost-6591,2025-09-05,clearwater-sales,ec2,prod,234.23
cost-6592,2025-09-05,clearwater-sales,rds,dev,20.48
cost-6593,2025-09-05,clearwater-sales,rds,uat,37.46
cost-6594,2025-09-05,clearwater-sales,rds,prod,142.40
cost-6595,2025-09-05,clearwater-sales,s3,dev,16.51
cost-6596,2025-09-05,clearwater-sales,s3,uat,34.15
cost-6597,2025-09-05,clearwater-sales,s3,prod,102.31
cost-6598,2025-09-05,clearwater-sales,lambda,dev,40.33
cost-6599,2025-09-05,clearwater-sales,lambda,uat,65.04
cost-6600,2025-09-05,clearwater-sales,lambda,prod,299.55
cost-6601,2025-09-05,clearwater-sales,eks,dev,11.38
cost-6602,2025-09-05,clearwater-sales,eks,uat,25.11
cost-6603,2025-09-05,clearwater-sales,eks,prod,81.40
cost-6604,2025-09-05,clearwater-sales,cloudwatch,dev,10.67
cost-6605,2025-09-05,clearwater-sales,cloudwatch,uat,18.27
cost-6606,2025-09-05,clearwater-sales,cloudwatch,prod,66.78
cost-6607,2025-09-05,clearwater-collateral,ec2,dev,12.19
cost-6608,2025-09-05,clearwater-collateral,ec2,uat,25.22
cost-6609,2025-09-05,clearwater-collateral,ec2,prod,85.39
cost-6610,2025-09-05,clearwater-collateral,rds,dev,31.33
cost-6611,2025-09-05,clearwater-collateral,rds,uat,66.68
cost-6612,2025-09-05,clearwater-collateral,rds,prod,236.06
cost-6613,2025-09-05,clearwater-collateral,s3,dev,25.77
cost-6614,2025-09-05,clearwater-collateral,s3,uat,51.15
cost-6615,2025-09-05,clearwater-collateral,s3,prod,165.60
cost-6616,2025-09-05,clearwater-collateral,lambda,dev,7.51
cost-6617,2025-09-05,clearwater-collateral,lambda,uat,13.11
cost-6618,2025-09-05,clearwater-collateral,lambda,prod,46.40
cost-6619,2025-09-05,clearwater-collateral,eks,dev,5.56
cost-6620,2025-09-05,clearwater-collateral,eks,uat,14.46
cost-6621,2025-09-05,clearwater-collateral,eks,prod,39.04
cost-6622,2025-09-05,clearwater-collateral,cloudwatch,dev,4.46
cost-6623,2025-09-05,clearwater-collateral,cloudwatch,uat,8.09
cost-6624,2025-09-05,clearwater-collateral,cloudwatch,prod,32.91
cost-6625,2025-09-06,clearwater-trade,ec2,dev,102.40
cost-6626,2025-09-06,clearwater-trade,ec2,uat,210.37
cost-6627,2025-09-06,clearwater-trade,ec2,prod,652.87
cost-6628,2025-09-06,clearwater-trade,rds,dev,61.79
cost-6629,2025-09-06,clearwater-trade,rds,uat,122.97
cost-6630,2025-09-06,clearwater-trade,rds,prod,452.25
cost-6631,2025-09-06,clearwater-trade,s3,dev,12.24
cost-6632,2025-09-06,clearwater-trade,s3,uat,30.62
cost-6633,2025-09-06,clearwater-trade,s3,prod,100.06
cost-6634,2025-09-06,clearwater-trade,lambda,dev,27.78
cost-6635,2025-09-06,clearwater-trade,lambda,uat,59.09
cost-6636,2025-09-06,clearwater-trade,lambda,prod,205.01
cost-6637,2025-09-06,clearwater-trade,eks,dev,52.77
cost-6638,2025-09-06,clearwater-trade,eks,uat,107.22
cost-6639,2025-09-06,clearwater-trade,eks,prod,325.12
cost-6640,2025-09-06,clearwater-trade,cloudwatch,dev,11.81
cost-6641,2025-09-06,clearwater-trade,cloudwatch,uat,27.05
cost-6642,2025-09-06,clearwater-trade,cloudwatch,prod,91.69
cost-6643,2025-09-06,clearwater-settlement,ec2,dev,60.71
cost-6644,2025-09-06,clearwater-settlement,ec2,uat,150.17
cost-6645,2025-09-06,clearwater-settlement,ec2,prod,524.68
cost-6646,2025-09-06,clearwater-settlement,rds,dev,75.85
cost-6647,2025-09-06,clearwater-settlement,rds,uat,131.97
cost-6648,2025-09-06,clearwater-settlement,rds,prod,443.93
cost-6649,2025-09-06,clearwater-settlement,s3,dev,19.25
cost-6650,2025-09-06,clearwater-settlement,s3,uat,35.30
cost-6651,2025-09-06,clearwater-settlement,s3,prod,131.65
cost-6652,2025-09-06,clearwater-settlement,lambda,dev,32.23
cost-6653,2025-09-06,clearwater-settlement,lambda,uat,56.35
cost-6654,2025-09-06,clearwater-settlement,lambda,prod,176.45
cost-6655,2025-09-06,clearwater-settlement,eks,dev,36.79
cost-6656,2025-09-06,clearwater-settlement,eks,uat,68.96
cost-6657,2025-09-06,clearwater-settlement,eks,prod,252.94
cost-6658,2025-09-06,clearwater-settlement,cloudwatch,dev,10.99
cost-6659,2025-09-06,clearwater-settlement,cloudwatch,uat,26.18
cost-6660,2025-09-06,clearwater-settlement,cloudwatch,prod,71.36
cost-6661,2025-09-06,clearwater-sales,ec2,dev,31.10
cost-6662,2025-09-06,clearwater-sales,ec2,uat,59.18
cost-6663,2025-09-06,clearwater-sales,ec2,prod,198.29
cost-6664,2025-09-06,clearwater-sales,rds,dev,17.69
cost-6665,2025-09-06,clearwater-sales,rds,uat,32.02
cost-6666,2025-09-06,clearwater-sales,rds,prod,149.61
cost-6667,2025-09-06,clearwater-sales,s3,dev,15.47
cost-6668,2025-09-06,clearwater-sales,s3,uat,31.64
cost-6669,2025-09-06,clearwater-sales,s3,prod,108.25
cost-6670,2025-09-06,clearwater-sales,lambda,dev,41.89
cost-6671,2025-09-06,clearwater-sales,lambda,uat,70.92
cost-6672,2025-09-06,clearwater-sales,lambda,prod,263.01
cost-6673,2025-09-06,clearwater-sales,eks,dev,11.54
cost-6674,2025-09-06,clearwater-sales,eks,uat,28.57
cost-6675,2025-09-06,clearwater-sales,eks,prod,92.39
cost-6676,2025-09-06,clearwater-sales,cloudwatch,dev,10.02
cost-6677,2025-09-06,clearwater-sales,cloudwatch,uat,18.57
cost-6678,2025-09-06,clearwater-sales,cloudwatch,prod,74.13
cost-6679,2025-09-06,clearwater-collateral,ec2,dev,12.37
cost-6680,2025-09-06,clearwater-collateral,ec2,uat,26.12
cost-6681,2025-09-06,clearwater-collateral,ec2,prod,110.50
cost-6682,2025-09-06,clearwater-collateral,rds,dev,32.33
cost-6683,2025-09-06,clearwater-collateral,rds,uat,68.75
cost-6684,2025-09-06,clearwater-collateral,rds,prod,225.67
cost-6685,2025-09-06,clearwater-collateral,s3,dev,25.20
cost-6686,2025-09-06,clearwater-collateral,s3,uat,56.49
cost-6687,2025-09-06,clearwater-collateral,s3,prod,209.03
cost-6688,2025-09-06,clearwater-collateral,lambda,dev,7.86
cost-6689,2025-09-06,clearwater-collateral,lambda,uat,15.82
cost-6690,2025-09-06,clearwater-collateral,lambda,prod,51.68
cost-6691,2025-09-06,clearwater-collateral,eks,dev,6.89
cost-6692,2025-09-06,clearwater-collateral,eks,uat,12.27
cost-6693,2025-09-06,clearwater-collateral,eks,prod,40.13
cost-6694,2025-09-06,clearwater-collateral,cloudwatch,dev,4.55
cost-6695,2025-09-06,clearwater-collateral,cloudwatch,uat,8.71
cost-6696,2025-09-06,clearwater-collateral,cloudwatch,prod,36.83
cost-6697,2025-09-07,clearwater-trade,ec2,dev,89.44
cost-6698,2025-09-07,clearwater-trade,ec2,uat,169.04
cost-6699,2025-09-07,clearwater-trade,ec2,prod,732.44
cost-6700,2025-09-07,clearwater-trade,rds,dev,72.72
cost-6701,2025-09-07,clearwater-trade,rds,uat,134.95
cost-6702,2025-09-07,clearwater-trade,rds,prod,508.16
cost-6703,2025-09-07,clearwater-trade,s3,dev,12.20
cost-6704,2025-09-07,clearwater-trade,s3,uat,29.14
cost-6705,2025-09-07,clearwater-trade,s3,prod,100.12
cost-6706,2025-09-07,clearwater-trade,lambda,dev,25.08
cost-6707,2025-09-07,clearwater-trade,lambda,uat,58.52
cost-6708,2025-09-07,clearwater-trade,lambda,prod,217.19
cost-6709,2025-09-07,clearwater-trade,eks,dev,53.01
cost-6710,2025-09-07,clearwater-trade,eks,uat,102.74
cost-6711,2025-09-07,clearwater-trade,eks,prod,366.62
cost-6712,2025-09-07,clearwater-trade,cloudwatch,dev,15.11
cost-6713,2025-09-07,clearwater-trade,cloudwatch,uat,30.93
cost-6714,2025-09-07,clearwater-trade,cloudwatch,prod,104.30
cost-6715,2025-09-07,clearwater-settlement,ec2,dev,61.62
cost-6716,2025-09-07,clearwater-settlement,ec2,uat,131.67
cost-6717,2025-09-07,clearwater-settlement,ec2,prod,554.46
cost-6718,2025-09-07,clearwater-settlement,rds,dev,63.88
cost-6719,2025-09-07,clearwater-settlement,rds,uat,140.65
cost-6720,2025-09-07,clearwater-settlement,rds,prod,548.91
cost-6721,2025-09-07,clearwater-settlement,s3,dev,20.48
cost-6722,2025-09-07,clearwater-settlement,s3,uat,35.43
cost-6723,2025-09-07,clearwater-settlement,s3,prod,140.69
cost-6724,2025-09-07,clearwater-settlement,lambda,dev,25.55
cost-6725,2025-09-07,clearwater-settlement,lambda,uat,63.85
cost-6726,2025-09-07,clearwater-settlement,lambda,prod,182.03
cost-6727,2025-09-07,clearwater-settlement,eks,dev,37.96
cost-6728,2025-09-07,clearwater-settlement,eks,uat,68.40
cost-6729,2025-09-07,clearwater-settlement,eks,prod,254.88
cost-6730,2025-09-07,clearwater-settlement,cloudwatch,dev,12.33
cost-6731,2025-09-07,clearwater-settlement,cloudwatch,uat,26.66
cost-6732,2025-09-07,clearwater-settlement,cloudwatch,prod,75.80
cost-6733,2025-09-07,clearwater-sales,ec2,dev,32.35
cost-6734,2025-09-07,clearwater-sales,ec2,uat,63.83
cost-6735,2025-09-07,clearwater-sales,ec2,prod,238.54
cost-6736,2025-09-07,clearwater-sales,rds,dev,16.71
cost-6737,2025-09-07,clearwater-sales,rds,uat,41.36
cost-6738,2025-09-07,clearwater-sales,rds,prod,116.74
cost-6739,2025-09-07,clearwater-sales,s3,dev,14.27
cost-6740,2025-09-07,clearwater-sales,s3,uat,28.69
cost-6741,2025-09-07,clearwater-sales,s3,prod,106.50
cost-6742,2025-09-07,clearwater-sales,lambda,dev,39.00
cost-6743,2025-09-07,clearwater-sales,lambda,uat,83.15
cost-6744,2025-09-07,clearwater-sales,lambda,prod,274.76
cost-6745,2025-09-07,clearwater-sales,eks,dev,12.07
cost-6746,2025-09-07,clearwater-sales,eks,uat,25.26
cost-6747,2025-09-07,clearwater-sales,eks,prod,95.68
cost-6748,2025-09-07,clearwater-sales,cloudwatch,dev,10.68
cost-6749,2025-09-07,clearwater-sales,cloudwatch,uat,18.44
cost-6750,2025-09-07,clearwater-sales,cloudwatch,prod,61.07
cost-6751,2025-09-07,clearwater-collateral,ec2,dev,11.98
cost-6752,2025-09-07,clearwater-collateral,ec2,uat,30.52
cost-6753,2025-09-07,clearwater-collateral,ec2,prod,107.29
cost-6754,2025-09-07,clearwater-collateral,rds,dev,32.49
cost-6755,2025-09-07,clearwater-collateral,rds,uat,57.47
cost-6756,2025-09-07,clearwater-collateral,rds,prod,233.40
cost-6757,2025-09-07,clearwater-collateral,s3,dev,28.79
cost-6758,2025-09-07,clearwater-collateral,s3,uat,59.07
cost-6759,2025-09-07,clearwater-collateral,s3,prod,168.42
cost-6760,2025-09-07,clearwater-collateral,lambda,dev,7.78
cost-6761,2025-09-07,clearwater-collateral,lambda,uat,15.94
cost-6762,2025-09-07,clearwater-collateral,lambda,prod,53.22
cost-6763,2025-09-07,clearwater-collateral,eks,dev,6.59
cost-6764,2025-09-07,clearwater-collateral,eks,uat,13.43
cost-6765,2025-09-07,clearwater-collateral,eks,prod,43.16
cost-6766,2025-09-07,clearwater-collateral,cloudwatch,dev,5.27
cost-6767,2025-09-07,clearwater-collateral,cloudwatch,uat,10.33
cost-6768,2025-09-07,clearwater-collateral,cloudwatch,prod,36.46
cost-6769,2025-09-08,clearwater-trade,ec2,dev,82.89
cost-6770,2025-09-08,clearwater-trade,ec2,uat,194.58
cost-6771,2025-09-08,clearwater-trade,ec2,prod,647.89
cost-6772,2025-09-08,clearwater-trade,rds,dev,63.22
cost-6773,2025-09-08,clearwater-trade,rds,uat,143.10
cost-6774,2025-09-08,clearwater-trade,rds,prod,466.89
cost-6775,2025-09-08,clearwater-trade,s3,dev,15.52
cost-6776,2025-09-08,clearwater-trade,s3,uat,30.48
cost-6777,2025-09-08,clearwater-trade,s3,prod,103.71
cost-6778,2025-09-08,clearwater-trade,lambda,dev,23.75
cost-6779,2025-09-08,clearwater-trade,lambda,uat,47.93
cost-6780,2025-09-08,clearwater-trade,lambda,prod,176.38
cost-6781,2025-09-08,clearwater-trade,eks,dev,60.76
cost-6782,2025-09-08,clearwater-trade,eks,uat,94.60
cost-6783,2025-09-08,clearwater-trade,eks,prod,424.96
cost-6784,2025-09-08,clearwater-trade,cloudwatch,dev,13.37
cost-6785,2025-09-08,clearwater-trade,cloudwatch,uat,25.44
cost-6786,2025-09-08,clearwater-trade,cloudwatch,prod,109.08
cost-6787,2025-09-08,clearwater-settlement,ec2,dev,69.10
cost-6788,2025-09-08,clearwater-settlement,ec2,uat,153.78
cost-6789,2025-09-08,clearwater-settlement,ec2,prod,541.67
cost-6790,2025-09-08,clearwater-settlement,rds,dev,67.46
cost-6791,2025-09-08,clearwater-settlement,rds,uat,150.79
cost-6792,2025-09-08,clearwater-settlement,rds,prod,429.93
cost-6793,2025-09-08,clearwater-settlement,s3,dev,17.65
cost-6794,2025-09-08,clearwater-settlement,s3,uat,36.97
cost-6795,2025-09-08,clearwater-settlement,s3,prod,120.03
cost-6796,2025-09-08,clearwater-settlement,lambda,dev,27.56
cost-6797,2025-09-08,clearwater-settlement,lambda,uat,56.19
cost-6798,2025-09-08,clearwater-settlement,lambda,prod,228.67
cost-6799,2025-09-08,clearwater-settlement,eks,dev,33.19
cost-6800,2025-09-08,clearwater-settlement,eks,uat,81.66
cost-6801,2025-09-08,clearwater-settlement,eks,prod,261.08
cost-6802,2025-09-08,clearwater-settlement,cloudwatch,dev,10.69
cost-6803,2025-09-08,clearwater-settlement,cloudwatch,uat,24.15
cost-6804,2025-09-08,clearwater-settlement,cloudwatch,prod,81.42
cost-6805,2025-09-08,clearwater-sales,ec2,dev,27.85
cost-6806,2025-09-08,clearwater-sales,ec2,uat,53.59
cost-6807,2025-09-08,clearwater-sales,ec2,prod,190.49
cost-6808,2025-09-08,clearwater-sales,rds,dev,21.00
cost-6809,2025-09-08,clearwater-sales,rds,uat,35.17
cost-6810,2025-09-08,clearwater-sales,rds,prod,144.69
cost-6811,2025-09-08,clearwater-sales,s3,dev,16.65
cost-6812,2025-09-08,clearwater-sales,s3,uat,29.67
cost-6813,2025-09-08,clearwater-sales,s3,prod,99.12
cost-6814,2025-09-08,clearwater-sales,lambda,dev,39.85
cost-6815,2025-09-08,clearwater-sales,lambda,uat,71.79
cost-6816,2025-09-08,clearwater-sales,lambda,prod,238.72
cost-6817,2025-09-08,clearwater-sales,eks,dev,12.36
cost-6818,2025-09-08,clearwater-sales,eks,uat,22.74
cost-6819,2025-09-08,clearwater-sales,eks,prod,99.12
cost-6820,2025-09-08,clearwater-sales,cloudwatch,dev,9.84
cost-6821,2025-09-08,clearwater-sales,cloudwatch,uat,21.09
cost-6822,2025-09-08,clearwater-sales,cloudwatch,prod,63.33
cost-6823,2025-09-08,clearwater-collateral,ec2,dev,13.99
cost-6824,2025-09-08,clearwater-collateral,ec2,uat,30.23
cost-6825,2025-09-08,clearwater-collateral,ec2,prod,94.50
cost-6826,2025-09-08,clearwater-collateral,rds,dev,29.25
cost-6827,2025-09-08,clearwater-collateral,rds,uat,68.22
cost-6828,2025-09-08,clearwater-collateral,rds,prod,253.27
cost-6829,2025-09-08,clearwater-collateral,s3,dev,25.93
cost-6830,2025-09-08,clearwater-collateral,s3,uat,54.22
cost-6831,2025-09-08,clearwater-collateral,s3,prod,222.26
cost-6832,2025-09-08,clearwater-collateral,lambda,dev,7.20
cost-6833,2025-09-08,clearwater-collateral,lambda,uat,15.47
cost-6834,2025-09-08,clearwater-collateral,lambda,prod,53.80
cost-6835,2025-09-08,clearwater-collateral,eks,dev,5.73
cost-6836,2025-09-08,clearwater-collateral,eks,uat,11.67
cost-6837,2025-09-08,clearwater-collateral,eks,prod,49.35
cost-6838,2025-09-08,clearwater-collateral,cloudwatch,dev,4.58
cost-6839,2025-09-08,clearwater-collateral,cloudwatch,uat,8.66
cost-6840,2025-09-08,clearwater-collateral,cloudwatch,prod,37.16
cost-6841,2025-09-09,clearwater-trade,ec2,dev,91.81
cost-6842,2025-09-09,clearwater-trade,ec2,uat,202.34
cost-6843,2025-09-09,clearwater-trade,ec2,prod,611.72
cost-6844,2025-09-09,clearwater-trade,rds,dev,77.45
cost-6845,2025-09-09,clearwater-trade,rds,uat,121.95
cost-6846,2025-09-09,clearwater-trade,rds,prod,523.72
cost-6847,2025-09-09,clearwater-trade,s3,dev,14.00
cost-6848,2025-09-09,clearwater-trade,s3,uat,30.54
cost-6849,2025-09-09,clearwater-trade,s3,prod,84.85
cost-6850,2025-09-09,clearwater-trade,lambda,dev,29.60
cost-6851,2025-09-09,clearwater-trade,lambda,uat,53.94
cost-6852,2025-09-09,clearwater-trade,lambda,prod,208.46
cost-6853,2025-09-09,clearwater-trade,eks,dev,55.41
cost-6854,2025-09-09,clearwater-trade,eks,uat,96.57
cost-6855,2025-09-09,clearwater-trade,eks,prod,388.30
cost-6856,2025-09-09,clearwater-trade,cloudwatch,dev,12.55
cost-6857,2025-09-09,clearwater-trade,cloudwatch,uat,30.38
cost-6858,2025-09-09,clearwater-trade,cloudwatch,prod,107.32
cost-6859,2025-09-09,clearwater-settlement,ec2,dev,78.78
cost-6860,2025-09-09,clearwater-settlement,ec2,uat,135.74
cost-6861,2025-09-09,clearwater-settlement,ec2,prod,494.83
cost-6862,2025-09-09,clearwater-settlement,rds,dev,64.64
cost-6863,2025-09-09,clearwater-settlement,rds,uat,161.49
cost-6864,2025-09-09,clearwater-settlement,rds,prod,469.56
cost-6865,2025-09-09,clearwater-settlement,s3,dev,20.01
cost-6866,2025-09-09,clearwater-settlement,s3,uat,35.01
cost-6867,2025-09-09,clearwater-settlement,s3,prod,116.33
cost-6868,2025-09-09,clearwater-settlement,lambda,dev,25.89
cost-6869,2025-09-09,clearwater-settlement,lambda,uat,60.03
cost-6870,2025-09-09,clearwater-settlement,lambda,prod,199.76
cost-6871,2025-09-09,clearwater-settlement,eks,dev,30.45
cost-6872,2025-09-09,clearwater-settlement,eks,uat,64.86
cost-6873,2025-09-09,clearwater-settlement,eks,prod,220.89
cost-6874,2025-09-09,clearwater-settlement,cloudwatch,dev,10.07
cost-6875,2025-09-09,clearwater-settlement,cloudwatch,uat,21.49
cost-6876,2025-09-09,clearwater-settlement,cloudwatch,prod,74.40
cost-6877,2025-09-09,clearwater-sales,ec2,dev,28.16
cost-6878,2025-09-09,clearwater-sales,ec2,uat,71.91
cost-6879,2025-09-09,clearwater-sales,ec2,prod,223.44
cost-6880,2025-09-09,clearwater-sales,rds,dev,20.06
cost-6881,2025-09-09,clearwater-sales,rds,uat,33.62
cost-6882,2025-09-09,clearwater-sales,rds,prod,128.31
cost-6883,2025-09-09,clearwater-sales,s3,dev,13.50
cost-6884,2025-09-09,clearwater-sales,s3,uat,27.52
cost-6885,2025-09-09,clearwater-sales,s3,prod,90.38
cost-6886,2025-09-09,clearwater-sales,lambda,dev,36.23
cost-6887,2025-09-09,clearwater-sales,lambda,uat,81.05
cost-6888,2025-09-09,clearwater-sales,lambda,prod,265.42
cost-6889,2025-09-09,clearwater-sales,eks,dev,13.81
cost-6890,2025-09-09,clearwater-sales,eks,uat,25.35
cost-6891,2025-09-09,clearwater-sales,eks,prod,80.66
cost-6892,2025-09-09,clearwater-sales,cloudwatch,dev,8.57
cost-6893,2025-09-09,clearwater-sales,cloudwatch,uat,20.41
cost-6894,2025-09-09,clearwater-sales,cloudwatch,prod,76.44
cost-6895,2025-09-09,clearwater-collateral,ec2,dev,15.20
cost-6896,2025-09-09,clearwater-collateral,ec2,uat,26.71
cost-6897,2025-09-09,clearwater-collateral,ec2,prod,110.91
cost-6898,2025-09-09,clearwater-collateral,rds,dev,27.75
cost-6899,2025-09-09,clearwater-collateral,rds,uat,56.21
cost-6900,2025-09-09,clearwater-collateral,rds,prod,196.37
cost-6901,2025-09-09,clearwater-collateral,s3,dev,24.27
cost-6902,2025-09-09,clearwater-collateral,s3,uat,48.69
cost-6903,2025-09-09,clearwater-collateral,s3,prod,172.71
cost-6904,2025-09-09,clearwater-collateral,lambda,dev,7.28
cost-6905,2025-09-09,clearwater-collateral,lambda,uat,13.87
cost-6906,2025-09-09,clearwater-collateral,lambda,prod,50.21
cost-6907,2025-09-09,clearwater-collateral,eks,dev,6.62
cost-6908,2025-09-09,clearwater-collateral,eks,uat,12.13
cost-6909,2025-09-09,clearwater-collateral,eks,prod,45.14
cost-6910,2025-09-09,clearwater-collateral,cloudwatch,dev,4.62
cost-6911,2025-09-09,clearwater-collateral,cloudwatch,uat,8.49
cost-6912,2025-09-09,clearwater-collateral,cloudwatch,prod,28.02
cost-6913,2025-09-10,clearwater-trade,ec2,dev,87.86
cost-6914,2025-09-10,clearwater-trade,ec2,uat,188.29
cost-6915,2025-09-10,clearwater-trade,ec2,prod,752.01
cost-6916,2025-09-10,clearwater-trade,rds,dev,69.99
cost-6917,2025-09-10,clearwater-trade,rds,uat,117.53
cost-6918,2025-09-10,clearwater-trade,rds,prod,443.22
cost-6919,2025-09-10,clearwater-trade,s3,dev,13.43
cost-6920,2025-09-10,clearwater-trade,s3,uat,25.18
cost-6921,2025-09-10,clearwater-trade,s3,prod,86.69
cost-6922,2025-09-10,clearwater-trade,lambda,dev,30.01
cost-6923,2025-09-10,clearwater-trade,lambda,uat,55.62
cost-6924,2025-09-10,clearwater-trade,lambda,prod,174.71
cost-6925,2025-09-10,clearwater-trade,eks,dev,50.54
cost-6926,2025-09-10,clearwater-trade,eks,uat,97.63
cost-6927,2025-09-10,clearwater-trade,eks,prod,326.13
cost-6928,2025-09-10,clearwater-trade,cloudwatch,dev,12.61
cost-6929,2025-09-10,clearwater-trade,cloudwatch,uat,24.16
cost-6930,2025-09-10,clearwater-trade,cloudwatch,prod,93.86
cost-6931,2025-09-10,clearwater-settlement,ec2,dev,73.78
cost-6932,2025-09-10,clearwater-settlement,ec2,uat,127.04
cost-6933,2025-09-10,clearwater-settlement,ec2,prod,423.25
cost-6934,2025-09-10,clearwater-settlement,rds,dev,70.57
cost-6935,2025-09-10,clearwater-settlement,rds,uat,134.76
cost-6936,2025-09-10,clearwater-settlement,rds,prod,438.11
cost-6937,2025-09-10,clearwater-settlement,s3,dev,21.70
cost-6938,2025-09-10,clearwater-settlement,s3,uat,40.93
cost-6939,2025-09-10,clearwater-settlement,s3,prod,113.66
cost-6940,2025-09-10,clearwater-settlement,lambda,dev,28.92
cost-6941,2025-09-10,clearwater-settlement,lambda,uat,59.28
cost-6942,2025-09-10,clearwater-settlement,lambda,prod,202.59
cost-6943,2025-09-10,clearwater-settlement,eks,dev,30.77
cost-6944,2025-09-10,clearwater-settlement,eks,uat,78.60
cost-6945,2025-09-10,clearwater-settlement,eks,prod,271.86
cost-6946,2025-09-10,clearwater-settlement,cloudwatch,dev,11.46
cost-6947,2025-09-10,clearwater-settlement,cloudwatch,uat,21.56
cost-6948,2025-09-10,clearwater-settlement,cloudwatch,prod,72.17
cost-6949,2025-09-10,clearwater-sales,ec2,dev,29.86
cost-6950,2025-09-10,clearwater-sales,ec2,uat,57.15
cost-6951,2025-09-10,clearwater-sales,ec2,prod,232.58
cost-6952,2025-09-10,clearwater-sales,rds,dev,20.18
cost-6953,2025-09-10,clearwater-sales,rds,uat,39.74
cost-6954,2025-09-10,clearwater-sales,rds,prod,135.92
cost-6955,2025-09-10,clearwater-sales,s3,dev,16.48
cost-6956,2025-09-10,clearwater-sales,s3,uat,28.21
cost-6957,2025-09-10,clearwater-sales,s3,prod,95.10
cost-6958,2025-09-10,clearwater-sales,lambda,dev,35.50
cost-6959,2025-09-10,clearwater-sales,lambda,uat,77.68
cost-6960,2025-09-10,clearwater-sales,lambda,prod,264.84
cost-6961,2025-09-10,clearwater-sales,eks,dev,12.67
cost-6962,2025-09-10,clearwater-sales,eks,uat,27.24
cost-6963,2025-09-10,clearwater-sales,eks,prod,79.93
cost-6964,2025-09-10,clearwater-sales,cloudwatch,dev,9.62
cost-6965,2025-09-10,clearwater-sales,cloudwatch,uat,22.08
cost-6966,2025-09-10,clearwater-sales,cloudwatch,prod,72.61
cost-6967,2025-09-10,clearwater-collateral,ec2,dev,14.92
cost-6968,2025-09-10,clearwater-collateral,ec2,uat,30.85
cost-6969,2025-09-10,clearwater-collateral,ec2,prod,97.01
cost-6970,2025-09-10,clearwater-collateral,rds,dev,28.86
cost-6971,2025-09-10,clearwater-collateral,rds,uat,73.82
cost-6972,2025-09-10,clearwater-collateral,rds,prod,253.76
cost-6973,2025-09-10,clearwater-collateral,s3,dev,25.70
cost-6974,2025-09-10,clearwater-collateral,s3,uat,47.65
cost-6975,2025-09-10,clearwater-collateral,s3,prod,222.53
cost-6976,2025-09-10,clearwater-collateral,lambda,dev,7.97
cost-6977,2025-09-10,clearwater-collateral,lambda,uat,16.62
cost-6978,2025-09-10,clearwater-collateral,lambda,prod,59.12
cost-6979,2025-09-10,clearwater-collateral,eks,dev,5.76
cost-6980,2025-09-10,clearwater-collateral,eks,uat,14.24
cost-6981,2025-09-10,clearwater-collateral,eks,prod,51.98
cost-6982,2025-09-10,clearwater-collateral,cloudwatch,dev,4.75
cost-6983,2025-09-10,clearwater-collateral,cloudwatch,uat,10.15
cost-6984,2025-09-10,clearwater-collateral,cloudwatch,prod,29.66
cost-6985,2025-09-11,clearwater-trade,ec2,dev,86.10
cost-6986,2025-09-11,clearwater-trade,ec2,uat,212.00
cost-6987,2025-09-11,clearwater-trade,ec2,prod,634.98
cost-6988,2025-09-11,clearwater-trade,rds,dev,67.18
cost-6989,2025-09-11,clearwater-trade,rds,uat,123.07
cost-6990,2025-09-11,clearwater-trade,rds,prod,523.48
cost-6991,2025-09-11,clearwater-trade,s3,dev,15.60
cost-6992,2025-09-11,clearwater-trade,s3,uat,28.85
cost-6993,2025-09-11,clearwater-trade,s3,prod,102.05
cost-6994,2025-09-11,clearwater-trade,lambda,dev,25.35
cost-6995,2025-09-11,clearwater-trade,lambda,uat,47.26
cost-6996,2025-09-11,clearwater-trade,lambda,prod,213.16
cost-6997,2025-09-11,clearwater-trade,eks,dev,60.77
cost-6998,2025-09-11,clearwater-trade,eks,uat,116.66
cost-6999,2025-09-11,clearwater-trade,eks,prod,403.19
cost-7000,2025-09-11,clearwater-trade,cloudwatch,dev,13.20
cost-7001,2025-09-11,clearwater-trade,cloudwatch,uat,31.23
cost-7002,2025-09-11,clearwater-trade,cloudwatch,prod,106.35
cost-7003,2025-09-11,clearwater-settlement,ec2,dev,65.87
cost-7004,2025-09-11,clearwater-settlement,ec2,uat,127.75
cost-7005,2025-09-11,clearwater-settlement,ec2,prod,447.01
cost-7006,2025-09-11,clearwater-settlement,rds,dev,68.95
cost-7007,2025-09-11,clearwater-settlement,rds,uat,142.76
cost-7008,2025-09-11,clearwater-settlement,rds,prod,459.87
cost-7009,2025-09-11,clearwater-settlement,s3,dev,17.06
cost-7010,2025-09-11,clearwater-settlement,s3,uat,34.14
cost-7011,2025-09-11,clearwater-settlement,s3,prod,137.23
cost-7012,2025-09-11,clearwater-settlement,lambda,dev,32.05
cost-7013,2025-09-11,clearwater-settlement,lambda,uat,64.99
cost-7014,2025-09-11,clearwater-settlement,lambda,prod,225.02
cost-7015,2025-09-11,clearwater-settlement,eks,dev,38.95
cost-7016,2025-09-11,clearwater-settlement,eks,uat,69.45
cost-7017,2025-09-11,clearwater-settlement,eks,prod,261.90
cost-7018,2025-09-11,clearwater-settlement,cloudwatch,dev,12.89
cost-7019,2025-09-11,clearwater-settlement,cloudwatch,uat,24.18
cost-7020,2025-09-11,clearwater-settlement,cloudwatch,prod,72.10
cost-7021,2025-09-11,clearwater-sales,ec2,dev,27.67
cost-7022,2025-09-11,clearwater-sales,ec2,uat,70.20
cost-7023,2025-09-11,clearwater-sales,ec2,prod,206.88
cost-7024,2025-09-11,clearwater-sales,rds,dev,17.41
cost-7025,2025-09-11,clearwater-sales,rds,uat,41.77
cost-7026,2025-09-11,clearwater-sales,rds,prod,126.40
cost-7027,2025-09-11,clearwater-sales,s3,dev,17.01
cost-7028,2025-09-11,clearwater-sales,s3,uat,27.22
cost-7029,2025-09-11,clearwater-sales,s3,prod,107.02
cost-7030,2025-09-11,clearwater-sales,lambda,dev,40.61
cost-7031,2025-09-11,clearwater-sales,lambda,uat,75.45
cost-7032,2025-09-11,clearwater-sales,lambda,prod,293.24
cost-7033,2025-09-11,clearwater-sales,eks,dev,14.32
cost-7034,2025-09-11,clearwater-sales,eks,uat,25.14
cost-7035,2025-09-11,clearwater-sales,eks,prod,81.60
cost-7036,2025-09-11,clearwater-sales,cloudwatch,dev,11.51
cost-7037,2025-09-11,clearwater-sales,cloudwatch,uat,21.52
cost-7038,2025-09-11,clearwater-sales,cloudwatch,prod,77.16
cost-7039,2025-09-11,clearwater-collateral,ec2,dev,15.27
cost-7040,2025-09-11,clearwater-collateral,ec2,uat,31.79
cost-7041,2025-09-11,clearwater-collateral,ec2,prod,104.34
cost-7042,2025-09-11,clearwater-collateral,rds,dev,30.78
cost-7043,2025-09-11,clearwater-collateral,rds,uat,72.81
cost-7044,2025-09-11,clearwater-collateral,rds,prod,242.01
cost-7045,2025-09-11,clearwater-collateral,s3,dev,26.89
cost-7046,2025-09-11,clearwater-collateral,s3,uat,51.67
cost-7047,2025-09-11,clearwater-collateral,s3,prod,165.68
cost-7048,2025-09-11,clearwater-collateral,lambda,dev,7.99
cost-7049,2025-09-11,clearwater-collateral,lambda,uat,15.07
cost-7050,2025-09-11,clearwater-collateral,lambda,prod,55.68
cost-7051,2025-09-11,clearwater-collateral,eks,dev,5.88
cost-7052,2025-09-11,clearwater-collateral,eks,uat,11.25
cost-7053,2025-09-11,clearwater-collateral,eks,prod,50.51
cost-7054,2025-09-11,clearwater-collateral,cloudwatch,dev,5.17
cost-7055,2025-09-11,clearwater-collateral,cloudwatch,uat,10.15
cost-7056,2025-09-11,clearwater-collateral,cloudwatch,prod,29.06
cost-7057,2025-09-12,clearwater-trade,ec2,dev,82.57
cost-7058,2025-09-12,clearwater-trade,ec2,uat,174.05
cost-7059,2025-09-12,clearwater-trade,ec2,prod,728.72
cost-7060,2025-09-12,clearwater-trade,rds,dev,75.02
cost-7061,2025-09-12,clearwater-trade,rds,uat,124.54
cost-7062,2025-09-12,clearwater-trade,rds,prod,532.43
cost-7063,2025-09-12,clearwater-trade,s3,dev,13.48
cost-7064,2025-09-12,clearwater-trade,s3,uat,27.66
cost-7065,2025-09-12,clearwater-trade,s3,prod,85.74
cost-7066,2025-09-12,clearwater-trade,lambda,dev,30.76
cost-7067,2025-09-12,clearwater-trade,lambda,uat,52.20
cost-7068,2025-09-12,clearwater-trade,lambda,prod,195.62
cost-7069,2025-09-12,clearwater-trade,eks,dev,54.59
cost-7070,2025-09-12,clearwater-trade,eks,uat,110.07
cost-7071,2025-09-12,clearwater-trade,eks,prod,425.09
cost-7072,2025-09-12,clearwater-trade,cloudwatch,dev,14.63
cost-7073,2025-09-12,clearwater-trade,cloudwatch,uat,23.92
cost-7074,2025-09-12,clearwater-trade,cloudwatch,prod,92.87
cost-7075,2025-09-12,clearwater-settlement,ec2,dev,69.10
cost-7076,2025-09-12,clearwater-settlement,ec2,uat,156.07
cost-7077,2025-09-12,clearwater-settlement,ec2,prod,465.06
cost-7078,2025-09-12,clearwater-settlement,rds,dev,67.85
cost-7079,2025-09-12,clearwater-settlement,rds,uat,161.47
cost-7080,2025-09-12,clearwater-settlement,rds,prod,509.59
cost-7081,2025-09-12,clearwater-settlement,s3,dev,19.12
cost-7082,2025-09-12,clearwater-settlement,s3,uat,36.87
cost-7083,2025-09-12,clearwater-settlement,s3,prod,149.18
cost-7084,2025-09-12,clearwater-settlement,lambda,dev,28.88
cost-7085,2025-09-12,clearwater-settlement,lambda,uat,50.73
cost-7086,2025-09-12,clearwater-settlement,lambda,prod,209.33
cost-7087,2025-09-12,clearwater-settlement,eks,dev,35.90
cost-7088,2025-09-12,clearwater-settlement,eks,uat,68.07
cost-7089,2025-09-12,clearwater-settlement,eks,prod,246.80
cost-7090,2025-09-12,clearwater-settlement,cloudwatch,dev,11.84
cost-7091,2025-09-12,clearwater-settlement,cloudwatch,uat,25.14
cost-7092,2025-09-12,clearwater-settlement,cloudwatch,prod,86.16
cost-7093,2025-09-12,clearwater-sales,ec2,dev,30.58
cost-7094,2025-09-12,clearwater-sales,ec2,uat,56.52
cost-7095,2025-09-12,clearwater-sales,ec2,prod,250.07
cost-7096,2025-09-12,clearwater-sales,rds,dev,17.41
cost-7097,2025-09-12,clearwater-sales,rds,uat,33.78
cost-7098,2025-09-12,clearwater-sales,rds,prod,130.79
cost-7099,2025-09-12,clearwater-sales,s3,dev,16.16
cost-7100,2025-09-12,clearwater-sales,s3,uat,31.44
cost-7101,2025-09-12,clearwater-sales,s3,prod,94.40
cost-7102,2025-09-12,clearwater-sales,lambda,dev,38.58
cost-7103,2025-09-12,clearwater-sales,lambda,uat,84.38
cost-7104,2025-09-12,clearwater-sales,lambda,prod,237.49
cost-7105,2025-09-12,clearwater-sales,eks,dev,10.77
cost-7106,2025-09-12,clearwater-sales,eks,uat,24.70
cost-7107,2025-09-12,clearwater-sales,eks,prod,95.84
cost-7108,2025-09-12,clearwater-sales,cloudwatch,dev,9.47
cost-7109,2025-09-12,clearwater-sales,cloudwatch,uat,17.38
cost-7110,2025-09-12,clearwater-sales,cloudwatch,prod,65.26
cost-7111,2025-09-12,clearwater-collateral,ec2,dev,14.57
cost-7112,2025-09-12,clearwater-collateral,ec2,uat,26.25
cost-7113,2025-09-12,clearwater-collateral,ec2,prod,96.58
cost-7114,2025-09-12,clearwater-collateral,rds,dev,30.17
cost-7115,2025-09-12,clearwater-collateral,rds,uat,66.43
cost-7116,2025-09-12,clearwater-collateral,rds,prod,223.12
cost-7117,2025-09-12,clearwater-collateral,s3,dev,24.88
cost-7118,2025-09-12,clearwater-collateral,s3,uat,60.86
cost-7119,2025-09-12,clearwater-collateral,s3,prod,210.57
cost-7120,2025-09-12,clearwater-collateral,lambda,dev,7.53
cost-7121,2025-09-12,clearwater-collateral,lambda,uat,16.95
cost-7122,2025-09-12,clearwater-collateral,lambda,prod,54.86
cost-7123,2025-09-12,clearwater-collateral,eks,dev,5.80
cost-7124,2025-09-12,clearwater-collateral,eks,uat,11.72
cost-7125,2025-09-12,clearwater-collateral,eks,prod,49.21
cost-7126,2025-09-12,clearwater-collateral,cloudwatch,dev,4.05
cost-7127,2025-09-12,clearwater-collateral,cloudwatch,uat,10.64
cost-7128,2025-09-12,clearwater-collateral,cloudwatch,prod,30.42
cost-7129,2025-09-13,clearwater-trade,ec2,dev,81.52
cost-7130,2025-09-13,clearwater-trade,ec2,uat,204.25
cost-7131,2025-09-13,clearwater-trade,ec2,prod,703.59
cost-7132,2025-09-13,clearwater-trade,rds,dev,63.69
cost-7133,2025-09-13,clearwater-trade,rds,uat,145.06
cost-7134,2025-09-13,clearwater-trade,rds,prod,447.86
cost-7135,2025-09-13,clearwater-trade,s3,dev,14.40
cost-7136,2025-09-13,clearwater-trade,s3,uat,26.16
cost-7137,2025-09-13,clearwater-trade,s3,prod,82.52
cost-7138,2025-09-13,clearwater-trade,lambda,dev,27.80
cost-7139,2025-09-13,clearwater-trade,lambda,uat,62.28
cost-7140,2025-09-13,clearwater-trade,lambda,prod,181.11
cost-7141,2025-09-13,clearwater-trade,eks,dev,53.54
cost-7142,2025-09-13,clearwater-trade,eks,uat,98.46
cost-7143,2025-09-13,clearwater-trade,eks,prod,358.73
cost-7144,2025-09-13,clearwater-trade,cloudwatch,dev,14.73
cost-7145,2025-09-13,clearwater-trade,cloudwatch,uat,28.96
cost-7146,2025-09-13,clearwater-trade,cloudwatch,prod,91.42
cost-7147,2025-09-13,clearwater-settlement,ec2,dev,72.84
cost-7148,2025-09-13,clearwater-settlement,ec2,uat,143.52
cost-7149,2025-09-13,clearwater-settlement,ec2,prod,446.62
cost-7150,2025-09-13,clearwater-settlement,rds,dev,81.73
cost-7151,2025-09-13,clearwater-settlement,rds,uat,158.23
cost-7152,2025-09-13,clearwater-settlement,rds,prod,558.13
cost-7153,2025-09-13,clearwater-settlement,s3,dev,18.00
cost-7154,2025-09-13,clearwater-settlement,s3,uat,41.06
cost-7155,2025-09-13,clearwater-settlement,s3,prod,119.50
cost-7156,2025-09-13,clearwater-settlement,lambda,dev,25.46
cost-7157,2025-09-13,clearwater-settlement,lambda,uat,54.29
cost-7158,2025-09-13,clearwater-settlement,lambda,prod,178.32
cost-7159,2025-09-13,clearwater-settlement,eks,dev,30.52
cost-7160,2025-09-13,clearwater-settlement,eks,uat,80.73
cost-7161,2025-09-13,clearwater-settlement,eks,prod,264.95
cost-7162,2025-09-13,clearwater-settlement,cloudwatch,dev,10.38
cost-7163,2025-09-13,clearwater-settlement,cloudwatch,uat,23.35
cost-7164,2025-09-13,clearwater-settlement,cloudwatch,prod,76.98
cost-7165,2025-09-13,clearwater-sales,ec2,dev,33.28
cost-7166,2025-09-13,clearwater-sales,ec2,uat,61.74
cost-7167,2025-09-13,clearwater-sales,ec2,prod,205.36
cost-7168,2025-09-13,clearwater-sales,rds,dev,16.78
cost-7169,2025-09-13,clearwater-sales,rds,uat,34.73
cost-7170,2025-09-13,clearwater-sales,rds,prod,142.85
cost-7171,2025-09-13,clearwater-sales,s3,dev,16.84
cost-7172,2025-09-13,clearwater-sales,s3,uat,31.30
cost-7173,2025-09-13,clearwater-sales,s3,prod,113.80
cost-7174,2025-09-13,clearwater-sales,lambda,dev,41.51
cost-7175,2025-09-13,clearwater-sales,lambda,uat,84.42
cost-7176,2025-09-13,clearwater-sales,lambda,prod,291.65
cost-7177,2025-09-13,clearwater-sales,eks,dev,13.20
cost-7178,2025-09-13,clearwater-sales,eks,uat,21.56
cost-7179,2025-09-13,clearwater-sales,eks,prod,93.50
cost-7180,2025-09-13,clearwater-sales,cloudwatch,dev,9.34
cost-7181,2025-09-13,clearwater-sales,cloudwatch,uat,20.68
cost-7182,2025-09-13,clearwater-sales,cloudwatch,prod,78.75
cost-7183,2025-09-13,clearwater-collateral,ec2,dev,15.85
cost-7184,2025-09-13,clearwater-collateral,ec2,uat,29.20
cost-7185,2025-09-13,clearwater-collateral,ec2,prod,110.24
cost-7186,2025-09-13,clearwater-collateral,rds,dev,29.58
cost-7187,2025-09-13,clearwater-collateral,rds,uat,56.28
cost-7188,2025-09-13,clearwater-collateral,rds,prod,244.28
cost-7189,2025-09-13,clearwater-collateral,s3,dev,23.96
cost-7190,2025-09-13,clearwater-collateral,s3,uat,51.09
cost-7191,2025-09-13,clearwater-collateral,s3,prod,193.75
cost-7192,2025-09-13,clearwater-collateral,lambda,dev,6.89
cost-7193,2025-09-13,clearwater-collateral,lambda,uat,16.13
cost-7194,2025-09-13,clearwater-collateral,lambda,prod,46.35
cost-7195,2025-09-13,clearwater-collateral,eks,dev,6.78
cost-7196,2025-09-13,clearwater-collateral,eks,uat,12.17
cost-7197,2025-09-13,clearwater-collateral,eks,prod,49.11
cost-7198,2025-09-13,clearwater-collateral,cloudwatch,dev,5.12
cost-7199,2025-09-13,clearwater-collateral,cloudwatch,uat,8.17
cost-7200,2025-09-13,clearwater-collateral,cloudwatch,prod,34.03
cost-7201,2025-09-14,clearwater-trade,ec2,dev,103.07
cost-7202,2025-09-14,clearwater-trade,ec2,uat,214.24
cost-7203,2025-09-14,clearwater-trade,ec2,prod,640.81
cost-7204,2025-09-14,clearwater-trade,rds,dev,64.97
cost-7205,2025-09-14,clearwater-trade,rds,uat,144.40
cost-7206,2025-09-14,clearwater-trade,rds,prod,479.56
cost-7207,2025-09-14,clearwater-trade,s3,dev,12.22
cost-7208,2025-09-14,clearwater-trade,s3,uat,26.53
cost-7209,2025-09-14,clearwater-trade,s3,prod,100.75
cost-7210,2025-09-14,clearwater-trade,lambda,dev,24.94
cost-7211,2025-09-14,clearwater-trade,lambda,uat,49.66
cost-7212,2025-09-14,clearwater-trade,lambda,prod,178.73
cost-7213,2025-09-14,clearwater-trade,eks,dev,55.30
cost-7214,2025-09-14,clearwater-trade,eks,uat,111.08
cost-7215,2025-09-14,clearwater-trade,eks,prod,432.81
cost-7216,2025-09-14,clearwater-trade,cloudwatch,dev,13.95
cost-7217,2025-09-14,clearwater-trade,cloudwatch,uat,28.31
cost-7218,2025-09-14,clearwater-trade,cloudwatch,prod,107.77
cost-7219,2025-09-14,clearwater-settlement,ec2,dev,72.47
cost-7220,2025-09-14,clearwater-settlement,ec2,uat,151.06
cost-7221,2025-09-14,clearwater-settlement,ec2,prod,551.71
cost-7222,2025-09-14,clearwater-settlement,rds,dev,63.45
cost-7223,2025-09-14,clearwater-settlement,rds,uat,151.52
cost-7224,2025-09-14,clearwater-settlement,rds,prod,551.39
cost-7225,2025-09-14,clearwater-settlement,s3,dev,20.60
cost-7226,2025-09-14,clearwater-settlement,s3,uat,36.95
cost-7227,2025-09-14,clearwater-settlement,s3,prod,119.74
cost-7228,2025-09-14,clearwater-settlement,lambda,dev,26.91
cost-7229,2025-09-14,clearwater-settlement,lambda,uat,63.94
cost-7230,2025-09-14,clearwater-settlement,lambda,prod,198.85
cost-7231,2025-09-14,clearwater-settlement,eks,dev,37.46
cost-7232,2025-09-14,clearwater-settlement,eks,uat,66.28
cost-7233,2025-09-14,clearwater-settlement,eks,prod,233.20
cost-7234,2025-09-14,clearwater-settlement,cloudwatch,dev,13.43
cost-7235,2025-09-14,clearwater-settlement,cloudwatch,uat,23.89
cost-7236,2025-09-14,clearwater-settlement,cloudwatch,prod,79.86
cost-7237,2025-09-14,clearwater-sales,ec2,dev,35.65
cost-7238,2025-09-14,clearwater-sales,ec2,uat,62.66
cost-7239,2025-09-14,clearwater-sales,ec2,prod,230.18
cost-7240,2025-09-14,clearwater-sales,rds,dev,21.63
cost-7241,2025-09-14,clearwater-sales,rds,uat,40.88
cost-7242,2025-09-14,clearwater-sales,rds,prod,113.81
cost-7243,2025-09-14,clearwater-sales,s3,dev,16.04
cost-7244,2025-09-14,clearwater-sales,s3,uat,28.74
cost-7245,2025-09-14,clearwater-sales,s3,prod,114.53
cost-7246,2025-09-14,clearwater-sales,lambda,dev,37.66
cost-7247,2025-09-14,clearwater-sales,lambda,uat,75.37
cost-7248,2025-09-14,clearwater-sales,lambda,prod,273.25
cost-7249,2025-09-14,clearwater-sales,eks,dev,12.72
cost-7250,2025-09-14,clearwater-sales,eks,uat,24.18
cost-7251,2025-09-14,clearwater-sales,eks,prod,77.42
cost-7252,2025-09-14,clearwater-sales,cloudwatch,dev,9.08
cost-7253,2025-09-14,clearwater-sales,cloudwatch,uat,22.42
cost-7254,2025-09-14,clearwater-sales,cloudwatch,prod,64.99
cost-7255,2025-09-14,clearwater-collateral,ec2,dev,11.91
cost-7256,2025-09-14,clearwater-collateral,ec2,uat,31.62
cost-7257,2025-09-14,clearwater-collateral,ec2,prod,93.44
cost-7258,2025-09-14,clearwater-collateral,rds,dev,33.90
cost-7259,2025-09-14,clearwater-collateral,rds,uat,65.59
cost-7260,2025-09-14,clearwater-collateral,rds,prod,196.07
cost-7261,2025-09-14,clearwater-collateral,s3,dev,27.50
cost-7262,2025-09-14,clearwater-collateral,s3,uat,49.41
cost-7263,2025-09-14,clearwater-collateral,s3,prod,202.33
cost-7264,2025-09-14,clearwater-collateral,lambda,dev,7.05
cost-7265,2025-09-14,clearwater-collateral,lambda,uat,16.04
cost-7266,2025-09-14,clearwater-collateral,lambda,prod,57.77
cost-7267,2025-09-14,clearwater-collateral,eks,dev,6.16
cost-7268,2025-09-14,clearwater-collateral,eks,uat,11.06
cost-7269,2025-09-14,clearwater-collateral,eks,prod,46.83
cost-7270,2025-09-14,clearwater-collateral,cloudwatch,dev,4.24
cost-7271,2025-09-14,clearwater-collateral,cloudwatch,uat,8.59
cost-7272,2025-09-14,clearwater-collateral,cloudwatch,prod,35.24
cost-7273,2025-09-15,clearwater-trade,ec2,dev,85.26
cost-7274,2025-09-15,clearwater-trade,ec2,uat,166.03
cost-7275,2025-09-15,clearwater-trade,ec2,prod,754.66
cost-7276,2025-09-15,clearwater-trade,rds,dev,61.09
cost-7277,2025-09-15,clearwater-trade,rds,uat,137.34
cost-7278,2025-09-15,clearwater-trade,rds,prod,436.78
cost-7279,2025-09-15,clearwater-trade,s3,dev,11.92
cost-7280,2025-09-15,clearwater-trade,s3,uat,29.52
cost-7281,2025-09-15,clearwater-trade,s3,prod,81.83
cost-7282,2025-09-15,clearwater-trade,lambda,dev,31.19
cost-7283,2025-09-15,clearwater-trade,lambda,uat,53.10
cost-7284,2025-09-15,clearwater-trade,lambda,prod,202.71
cost-7285,2025-09-15,clearwater-trade,eks,dev,58.65
cost-7286,2025-09-15,clearwater-trade,eks,uat,95.24
cost-7287,2025-09-15,clearwater-trade,eks,prod,341.58
cost-7288,2025-09-15,clearwater-trade,cloudwatch,dev,14.19
cost-7289,2025-09-15,clearwater-trade,cloudwatch,uat,26.91
cost-7290,2025-09-15,clearwater-trade,cloudwatch,prod,89.98
cost-7291,2025-09-15,clearwater-settlement,ec2,dev,71.54
cost-7292,2025-09-15,clearwater-settlement,ec2,uat,132.15
cost-7293,2025-09-15,clearwater-settlement,ec2,prod,478.81
cost-7294,2025-09-15,clearwater-settlement,rds,dev,60.99
cost-7295,2025-09-15,clearwater-settlement,rds,uat,133.50
cost-7296,2025-09-15,clearwater-settlement,rds,prod,551.06
cost-7297,2025-09-15,clearwater-settlement,s3,dev,17.12
cost-7298,2025-09-15,clearwater-settlement,s3,uat,36.70
cost-7299,2025-09-15,clearwater-settlement,s3,prod,151.43
cost-7300,2025-09-15,clearwater-settlement,lambda,dev,28.32
cost-7301,2025-09-15,clearwater-settlement,lambda,uat,65.09
cost-7302,2025-09-15,clearwater-settlement,lambda,prod,220.70
cost-7303,2025-09-15,clearwater-settlement,eks,dev,40.31
cost-7304,2025-09-15,clearwater-settlement,eks,uat,61.62
cost-7305,2025-09-15,clearwater-settlement,eks,prod,253.37
cost-7306,2025-09-15,clearwater-settlement,cloudwatch,dev,10.53
cost-7307,2025-09-15,clearwater-settlement,cloudwatch,uat,21.62
cost-7308,2025-09-15,clearwater-settlement,cloudwatch,prod,85.81
cost-7309,2025-09-15,clearwater-sales,ec2,dev,30.17
cost-7310,2025-09-15,clearwater-sales,ec2,uat,66.45
cost-7311,2025-09-15,clearwater-sales,ec2,prod,224.90
cost-7312,2025-09-15,clearwater-sales,rds,dev,18.64
cost-7313,2025-09-15,clearwater-sales,rds,uat,42.26
cost-7314,2025-09-15,clearwater-sales,rds,prod,146.28
cost-7315,2025-09-15,clearwater-sales,s3,dev,17.17
cost-7316,2025-09-15,clearwater-sales,s3,uat,27.88
cost-7317,2025-09-15,clearwater-sales,s3,prod,119.09
cost-7318,2025-09-15,clearwater-sales,lambda,dev,38.38
cost-7319,2025-09-15,clearwater-sales,lambda,uat,76.88
cost-7320,2025-09-15,clearwater-sales,lambda,prod,252.46
cost-7321,2025-09-15,clearwater-sales,eks,dev,11.46
cost-7322,2025-09-15,clearwater-sales,eks,uat,23.08
cost-7323,2025-09-15,clearwater-sales,eks,prod,80.02
cost-7324,2025-09-15,clearwater-sales,cloudwatch,dev,11.22
cost-7325,2025-09-15,clearwater-sales,cloudwatch,uat,20.75
cost-7326,2025-09-15,clearwater-sales,cloudwatch,prod,68.78
cost-7327,2025-09-15,clearwater-collateral,ec2,dev,12.25
cost-7328,2025-09-15,clearwater-collateral,ec2,uat,27.07
cost-7329,2025-09-15,clearwater-collateral,ec2,prod,109.13
cost-7330,2025-09-15,clearwater-collateral,rds,dev,30.53
cost-7331,2025-09-15,clearwater-collateral,rds,uat,62.14
cost-7332,2025-09-15,clearwater-collateral,rds,prod,232.36
cost-7333,2025-09-15,clearwater-collateral,s3,dev,29.87
cost-7334,2025-09-15,clearwater-collateral,s3,uat,50.50
cost-7335,2025-09-15,clearwater-collateral,s3,prod,166.88
cost-7336,2025-09-15,clearwater-collateral,lambda,dev,7.83
cost-7337,2025-09-15,clearwater-collateral,lambda,uat,14.54
cost-7338,2025-09-15,clearwater-collateral,lambda,prod,58.85
cost-7339,2025-09-15,clearwater-collateral,eks,dev,6.01
cost-7340,2025-09-15,clearwater-collateral,eks,uat,12.80
cost-7341,2025-09-15,clearwater-collateral,eks,prod,48.54
cost-7342,2025-09-15,clearwater-collateral,cloudwatch,dev,5.23
cost-7343,2025-09-15,clearwater-collateral,cloudwatch,uat,8.07
cost-7344,2025-09-15,clearwater-collateral,cloudwatch,prod,35.76
cost-7345,2025-09-16,clearwater-trade,ec2,dev,96.53
cost-7346,2025-09-16,clearwater-trade,ec2,uat,202.33
cost-7347,2025-09-16,clearwater-trade,ec2,prod,680.82
cost-7348,2025-09-16,clearwater-trade,rds,dev,60.72
cost-7349,2025-09-16,clearwater-trade,rds,uat,117.69
cost-7350,2025-09-16,clearwater-trade,rds,prod,545.55
cost-7351,2025-09-16,clearwater-trade,s3,dev,11.68
cost-7352,2025-09-16,clearwater-trade,s3,uat,24.66
cost-7353,2025-09-16,clearwater-trade,s3,prod,93.89
cost-7354,2025-09-16,clearwater-trade,lambda,dev,26.54
cost-7355,2025-09-16,clearwater-trade,lambda,uat,55.86
cost-7356,2025-09-16,clearwater-trade,lambda,prod,169.28
cost-7357,2025-09-16,clearwater-trade,eks,dev,61.24
cost-7358,2025-09-16,clearwater-trade,eks,uat,108.22
cost-7359,2025-09-16,clearwater-trade,eks,prod,388.55
cost-7360,2025-09-16,clearwater-trade,cloudwatch,dev,12.28
cost-7361,2025-09-16,clearwater-trade,cloudwatch,uat,30.56
cost-7362,2025-09-16,clearwater-trade,cloudwatch,prod,92.82
cost-7363,2025-09-16,clearwater-settlement,ec2,dev,73.16
cost-7364,2025-09-16,clearwater-settlement,ec2,uat,150.35
cost-7365,2025-09-16,clearwater-settlement,ec2,prod,434.96
cost-7366,2025-09-16,clearwater-settlement,rds,dev,73.15
cost-7367,2025-09-16,clearwater-settlement,rds,uat,138.18
cost-7368,2025-09-16,clearwater-settlement,rds,prod,459.33
cost-7369,2025-09-16,clearwater-settlement,s3,dev,16.42
cost-7370,2025-09-16,clearwater-settlement,s3,uat,33.13
cost-7371,2025-09-16,clearwater-settlement,s3,prod,127.12
cost-7372,2025-09-16,clearwater-settlement,lambda,dev,29.38
cost-7373,2025-09-16,clearwater-settlement,lambda,uat,58.13
cost-7374,2025-09-16,clearwater-settlement,lambda,prod,175.69
cost-7375,2025-09-16,clearwater-settlement,eks,dev,40.76
cost-7376,2025-09-16,clearwater-settlement,eks,uat,69.14
cost-7377,2025-09-16,clearwater-settlement,eks,prod,282.96
cost-7378,2025-09-16,clearwater-settlement,cloudwatch,dev,12.46
cost-7379,2025-09-16,clearwater-settlement,cloudwatch,uat,26.14
cost-7380,2025-09-16,clearwater-settlement,cloudwatch,prod,90.95
cost-7381,2025-09-16,clearwater-sales,ec2,dev,34.78
cost-7382,2025-09-16,clearwater-sales,ec2,uat,70.68
cost-7383,2025-09-16,clearwater-sales,ec2,prod,216.51
cost-7384,2025-09-16,clearwater-sales,rds,dev,16.26
cost-7385,2025-09-16,clearwater-sales,rds,uat,40.32
cost-7386,2025-09-16,clearwater-sales,rds,prod,147.29
cost-7387,2025-09-16,clearwater-sales,s3,dev,15.26
cost-7388,2025-09-16,clearwater-sales,s3,uat,32.89
cost-7389,2025-09-16,clearwater-sales,s3,prod,106.93
cost-7390,2025-09-16,clearwater-sales,lambda,dev,35.45
cost-7391,2025-09-16,clearwater-sales,lambda,uat,80.70
cost-7392,2025-09-16,clearwater-sales,lambda,prod,255.89
cost-7393,2025-09-16,clearwater-sales,eks,dev,13.50
cost-7394,2025-09-16,clearwater-sales,eks,uat,22.72
cost-7395,2025-09-16,clearwater-sales,eks,prod,77.33
cost-7396,2025-09-16,clearwater-sales,cloudwatch,dev,11.06
cost-7397,2025-09-16,clearwater-sales,cloudwatch,uat,17.32
cost-7398,2025-09-16,clearwater-sales,cloudwatch,prod,72.91
cost-7399,2025-09-16,clearwater-collateral,ec2,dev,12.91
cost-7400,2025-09-16,clearwater-collateral,ec2,uat,31.03
cost-7401,2025-09-16,clearwater-collateral,ec2,prod,102.41
cost-7402,2025-09-16,clearwater-collateral,rds,dev,27.79
cost-7403,2025-09-16,clearwater-collateral,rds,uat,59.03
cost-7404,2025-09-16,clearwater-collateral,rds,prod,226.50
cost-7405,2025-09-16,clearwater-collateral,s3,dev,30.52
cost-7406,2025-09-16,clearwater-collateral,s3,uat,56.07
cost-7407,2025-09-16,clearwater-collateral,s3,prod,190.23
cost-7408,2025-09-16,clearwater-collateral,lambda,dev,7.45
cost-7409,2025-09-16,clearwater-collateral,lambda,uat,16.18
cost-7410,2025-09-16,clearwater-collateral,lambda,prod,59.32
cost-7411,2025-09-16,clearwater-collateral,eks,dev,6.69
cost-7412,2025-09-16,clearwater-collateral,eks,uat,11.87
cost-7413,2025-09-16,clearwater-collateral,eks,prod,43.11
cost-7414,2025-09-16,clearwater-collateral,cloudwatch,dev,4.65
cost-7415,2025-09-16,clearwater-collateral,cloudwatch,uat,8.66
cost-7416,2025-09-16,clearwater-collateral,cloudwatch,prod,31.99
cost-7417,2025-09-17,clearwater-trade,ec2,dev,103.42
cost-7418,2025-09-17,clearwater-trade,ec2,uat,182.45
cost-7419,2025-09-17,clearwater-trade,ec2,prod,575.71
cost-7420,2025-09-17,clearwater-trade,rds,dev,78.30
cost-7421,2025-09-17,clearwater-trade,rds,uat,127.45
cost-7422,2025-09-17,clearwater-trade,rds,prod,407.79
cost-7423,2025-09-17,clearwater-trade,s3,dev,14.71
cost-7424,2025-09-17,clearwater-trade,s3,uat,23.46
cost-7425,2025-09-17,clearwater-trade,s3,prod,107.87
cost-7426,2025-09-17,clearwater-trade,lambda,dev,27.61
cost-7427,2025-09-17,clearwater-trade,lambda,uat,60.88
cost-7428,2025-09-17,clearwater-trade,lambda,prod,202.40
cost-7429,2025-09-17,clearwater-trade,eks,dev,56.64
cost-7430,2025-09-17,clearwater-trade,eks,uat,110.28
cost-7431,2025-09-17,clearwater-trade,eks,prod,380.37
cost-7432,2025-09-17,clearwater-trade,cloudwatch,dev,15.45
cost-7433,2025-09-17,clearwater-trade,cloudwatch,uat,26.23
cost-7434,2025-09-17,clearwater-trade,cloudwatch,prod,97.59
cost-7435,2025-09-17,clearwater-settlement,ec2,dev,66.78
cost-7436,2025-09-17,clearwater-settlement,ec2,uat,126.55
cost-7437,2025-09-17,clearwater-settlement,ec2,prod,431.82
cost-7438,2025-09-17,clearwater-settlement,rds,dev,60.68
cost-7439,2025-09-17,clearwater-settlement,rds,uat,160.10
cost-7440,2025-09-17,clearwater-settlement,rds,prod,512.87
cost-7441,2025-09-17,clearwater-settlement,s3,dev,21.49
cost-7442,2025-09-17,clearwater-settlement,s3,uat,33.75
cost-7443,2025-09-17,clearwater-settlement,s3,prod,132.41
cost-7444,2025-09-17,clearwater-settlement,lambda,dev,25.78
cost-7445,2025-09-17,clearwater-settlement,lambda,uat,59.90
cost-7446,2025-09-17,clearwater-settlement,lambda,prod,203.47
cost-7447,2025-09-17,clearwater-settlement,eks,dev,33.73
cost-7448,2025-09-17,clearwater-settlement,eks,uat,69.64
cost-7449,2025-09-17,clearwater-settlement,eks,prod,263.78
cost-7450,2025-09-17,clearwater-settlement,cloudwatch,dev,12.59
cost-7451,2025-09-17,clearwater-settlement,cloudwatch,uat,23.86
cost-7452,2025-09-17,clearwater-settlement,cloudwatch,prod,75.60
cost-7453,2025-09-17,clearwater-sales,ec2,dev,31.88
cost-7454,2025-09-17,clearwater-sales,ec2,uat,71.67
cost-7455,2025-09-17,clearwater-sales,ec2,prod,193.32
cost-7456,2025-09-17,clearwater-sales,rds,dev,20.32
cost-7457,2025-09-17,clearwater-sales,rds,uat,36.96
cost-7458,2025-09-17,clearwater-sales,rds,prod,125.60
cost-7459,2025-09-17,clearwater-sales,s3,dev,15.50
cost-7460,2025-09-17,clearwater-sales,s3,uat,28.21
cost-7461,2025-09-17,clearwater-sales,s3,prod,95.74
cost-7462,2025-09-17,clearwater-sales,lambda,dev,37.53
cost-7463,2025-09-17,clearwater-sales,lambda,uat,67.90
cost-7464,2025-09-17,clearwater-sales,lambda,prod,295.94
cost-7465,2025-09-17,clearwater-sales,eks,dev,13.35
cost-7466,2025-09-17,clearwater-sales,eks,uat,21.81
cost-7467,2025-09-17,clearwater-sales,eks,prod,74.91
cost-7468,2025-09-17,clearwater-sales,cloudwatch,dev,11.40
cost-7469,2025-09-17,clearwater-sales,cloudwatch,uat,17.35
cost-7470,2025-09-17,clearwater-sales,cloudwatch,prod,64.91
cost-7471,2025-09-17,clearwater-collateral,ec2,dev,15.95
cost-7472,2025-09-17,clearwater-collateral,ec2,uat,25.46
cost-7473,2025-09-17,clearwater-collateral,ec2,prod,84.98
cost-7474,2025-09-17,clearwater-collateral,rds,dev,35.29
cost-7475,2025-09-17,clearwater-collateral,rds,uat,58.68
cost-7476,2025-09-17,clearwater-collateral,rds,prod,245.81
cost-7477,2025-09-17,clearwater-collateral,s3,dev,29.98
cost-7478,2025-09-17,clearwater-collateral,s3,uat,58.64
cost-7479,2025-09-17,clearwater-collateral,s3,prod,180.89
cost-7480,2025-09-17,clearwater-collateral,lambda,dev,7.69
cost-7481,2025-09-17,clearwater-collateral,lambda,uat,16.96
cost-7482,2025-09-17,clearwater-collateral,lambda,prod,57.10
cost-7483,2025-09-17,clearwater-collateral,eks,dev,5.90
cost-7484,2025-09-17,clearwater-collateral,eks,uat,13.61
cost-7485,2025-09-17,clearwater-collateral,eks,prod,47.24
cost-7486,2025-09-17,clearwater-collateral,cloudwatch,dev,4.67
cost-7487,2025-09-17,clearwater-collateral,cloudwatch,uat,10.31
cost-7488,2025-09-17,clearwater-collateral,cloudwatch,prod,29.19
cost-7489,2025-09-18,clearwater-trade,ec2,dev,101.99
cost-7490,2025-09-18,clearwater-trade,ec2,uat,165.70
cost-7491,2025-09-18,clearwater-trade,ec2,prod,649.42
cost-7492,2025-09-18,clearwater-trade,rds,dev,58.31
cost-7493,2025-09-18,clearwater-trade,rds,uat,137.75
cost-7494,2025-09-18,clearwater-trade,rds,prod,451.02
cost-7495,2025-09-18,clearwater-trade,s3,dev,12.17
cost-7496,2025-09-18,clearwater-trade,s3,uat,23.97
cost-7497,2025-09-18,clearwater-trade,s3,prod,83.14
cost-7498,2025-09-18,clearwater-trade,lambda,dev,29.51
cost-7499,2025-09-18,clearwater-trade,lambda,uat,59.04
cost-7500,2025-09-18,clearwater-trade,lambda,prod,201.13
cost-7501,2025-09-18,clearwater-trade,eks,dev,50.53
cost-7502,2025-09-18,clearwater-trade,eks,uat,107.07
cost-7503,2025-09-18,clearwater-trade,eks,prod,349.07
cost-7504,2025-09-18,clearwater-trade,cloudwatch,dev,13.15
cost-7505,2025-09-18,clearwater-trade,cloudwatch,uat,29.06
cost-7506,2025-09-18,clearwater-trade,cloudwatch,prod,93.27
cost-7507,2025-09-18,clearwater-settlement,ec2,dev,76.04
cost-7508,2025-09-18,clearwater-settlement,ec2,uat,150.09
cost-7509,2025-09-18,clearwater-settlement,ec2,prod,548.12
cost-7510,2025-09-18,clearwater-settlement,rds,dev,78.51
cost-7511,2025-09-18,clearwater-settlement,rds,uat,146.10
cost-7512,2025-09-18,clearwater-settlement,rds,prod,430.54
cost-7513,2025-09-18,clearwater-settlement,s3,dev,16.95
cost-7514,2025-09-18,clearwater-settlement,s3,uat,37.44
cost-7515,2025-09-18,clearwater-settlement,s3,prod,121.00
cost-7516,2025-09-18,clearwater-settlement,lambda,dev,31.00
cost-7517,2025-09-18,clearwater-settlement,lambda,uat,60.25
cost-7518,2025-09-18,clearwater-settlement,lambda,prod,185.69
cost-7519,2025-09-18,clearwater-settlement,eks,dev,34.26
cost-7520,2025-09-18,clearwater-settlement,eks,uat,61.84
cost-7521,2025-09-18,clearwater-settlement,eks,prod,220.65
cost-7522,2025-09-18,clearwater-settlement,cloudwatch,dev,11.25
cost-7523,2025-09-18,clearwater-settlement,cloudwatch,uat,25.96
cost-7524,2025-09-18,clearwater-settlement,cloudwatch,prod,92.92
cost-7525,2025-09-18,clearwater-sales,ec2,dev,30.73
cost-7526,2025-09-18,clearwater-sales,ec2,uat,55.72
cost-7527,2025-09-18,clearwater-sales,ec2,prod,188.35
cost-7528,2025-09-18,clearwater-sales,rds,dev,16.43
cost-7529,2025-09-18,clearwater-sales,rds,uat,32.16
cost-7530,2025-09-18,clearwater-sales,rds,prod,143.06
cost-7531,2025-09-18,clearwater-sales,s3,dev,14.95
cost-7532,2025-09-18,clearwater-sales,s3,uat,25.97
cost-7533,2025-09-18,clearwater-sales,s3,prod,107.09
cost-7534,2025-09-18,clearwater-sales,lambda,dev,36.13
cost-7535,2025-09-18,clearwater-sales,lambda,uat,65.56
cost-7536,2025-09-18,clearwater-sales,lambda,prod,301.27
cost-7537,2025-09-18,clearwater-sales,eks,dev,11.05
cost-7538,2025-09-18,clearwater-sales,eks,uat,24.99
cost-7539,2025-09-18,clearwater-sales,eks,prod,92.44
cost-7540,2025-09-18,clearwater-sales,cloudwatch,dev,9.99
cost-7541,2025-09-18,clearwater-sales,cloudwatch,uat,19.32
cost-7542,2025-09-18,clearwater-sales,cloudwatch,prod,70.31
cost-7543,2025-09-18,clearwater-collateral,ec2,dev,12.94
cost-7544,2025-09-18,clearwater-collateral,ec2,uat,26.56
cost-7545,2025-09-18,clearwater-collateral,ec2,prod,94.60
cost-7546,2025-09-18,clearwater-collateral,rds,dev,30.52
cost-7547,2025-09-18,clearwater-collateral,rds,uat,70.32
cost-7548,2025-09-18,clearwater-collateral,rds,prod,216.77
cost-7549,2025-09-18,clearwater-collateral,s3,dev,31.69
cost-7550,2025-09-18,clearwater-collateral,s3,uat,57.94
cost-7551,2025-09-18,clearwater-collateral,s3,prod,201.92
cost-7552,2025-09-18,clearwater-collateral,lambda,dev,6.87
cost-7553,2025-09-18,clearwater-collateral,lambda,uat,16.12
cost-7554,2025-09-18,clearwater-collateral,lambda,prod,51.31
cost-7555,2025-09-18,clearwater-collateral,eks,dev,6.25
cost-7556,2025-09-18,clearwater-collateral,eks,uat,12.60
cost-7557,2025-09-18,clearwater-collateral,eks,prod,49.69
cost-7558,2025-09-18,clearwater-collateral,cloudwatch,dev,4.06
cost-7559,2025-09-18,clearwater-collateral,cloudwatch,uat,8.59
cost-7560,2025-09-18,clearwater-collateral,cloudwatch,prod,30.25
cost-7561,2025-09-19,clearwater-trade,ec2,dev,95.86
cost-7562,2025-09-19,clearwater-trade,ec2,uat,163.27
cost-7563,2025-09-19,clearwater-trade,ec2,prod,589.82
cost-7564,2025-09-19,clearwater-trade,rds,dev,65.02
cost-7565,2025-09-19,clearwater-trade,rds,uat,126.58
cost-7566,2025-09-19,clearwater-trade,rds,prod,519.24
cost-7567,2025-09-19,clearwater-trade,s3,dev,13.07
cost-7568,2025-09-19,clearwater-trade,s3,uat,29.72
cost-7569,2025-09-19,clearwater-trade,s3,prod,101.35
cost-7570,2025-09-19,clearwater-trade,lambda,dev,28.95
cost-7571,2025-09-19,clearwater-trade,lambda,uat,60.80
cost-7572,2025-09-19,clearwater-trade,lambda,prod,210.67
cost-7573,2025-09-19,clearwater-trade,eks,dev,49.21
cost-7574,2025-09-19,clearwater-trade,eks,uat,108.74
cost-7575,2025-09-19,clearwater-trade,eks,prod,399.80
cost-7576,2025-09-19,clearwater-trade,cloudwatch,dev,15.06
cost-7577,2025-09-19,clearwater-trade,cloudwatch,uat,26.04
cost-7578,2025-09-19,clearwater-trade,cloudwatch,prod,91.31
cost-7579,2025-09-19,clearwater-settlement,ec2,dev,71.84
cost-7580,2025-09-19,clearwater-settlement,ec2,uat,123.53
cost-7581,2025-09-19,clearwater-settlement,ec2,prod,522.15
cost-7582,2025-09-19,clearwater-settlement,rds,dev,74.11
cost-7583,2025-09-19,clearwater-settlement,rds,uat,127.53
cost-7584,2025-09-19,clearwater-settlement,rds,prod,518.21
cost-7585,2025-09-19,clearwater-settlement,s3,dev,19.25
cost-7586,2025-09-19,clearwater-settlement,s3,uat,32.76
cost-7587,2025-09-19,clearwater-settlement,s3,prod,125.79
cost-7588,2025-09-19,clearwater-settlement,lambda,dev,25.42
cost-7589,2025-09-19,clearwater-settlement,lambda,uat,58.63
cost-7590,2025-09-19,clearwater-settlement,lambda,prod,220.31
cost-7591,2025-09-19,clearwater-settlement,eks,dev,31.08
cost-7592,2025-09-19,clearwater-settlement,eks,uat,65.20
cost-7593,2025-09-19,clearwater-settlement,eks,prod,249.72
cost-7594,2025-09-19,clearwater-settlement,cloudwatch,dev,13.08
cost-7595,2025-09-19,clearwater-settlement,cloudwatch,uat,26.67
cost-7596,2025-09-19,clearwater-settlement,cloudwatch,prod,83.70
cost-7597,2025-09-19,clearwater-sales,ec2,dev,35.54
cost-7598,2025-09-19,clearwater-sales,ec2,uat,57.63
cost-7599,2025-09-19,clearwater-sales,ec2,prod,201.74
cost-7600,2025-09-19,clearwater-sales,rds,dev,21.25
cost-7601,2025-09-19,clearwater-sales,rds,uat,42.33
cost-7602,2025-09-19,clearwater-sales,rds,prod,126.99
cost-7603,2025-09-19,clearwater-sales,s3,dev,14.19
cost-7604,2025-09-19,clearwater-sales,s3,uat,31.12
cost-7605,2025-09-19,clearwater-sales,s3,prod,115.64
cost-7606,2025-09-19,clearwater-sales,lambda,dev,40.49
cost-7607,2025-09-19,clearwater-sales,lambda,uat,74.23
cost-7608,2025-09-19,clearwater-sales,lambda,prod,301.16
cost-7609,2025-09-19,clearwater-sales,eks,dev,13.96
cost-7610,2025-09-19,clearwater-sales,eks,uat,26.14
cost-7611,2025-09-19,clearwater-sales,eks,prod,82.50
cost-7612,2025-09-19,clearwater-sales,cloudwatch,dev,10.28
cost-7613,2025-09-19,clearwater-sales,cloudwatch,uat,18.33
cost-7614,2025-09-19,clearwater-sales,cloudwatch,prod,66.47
cost-7615,2025-09-19,clearwater-collateral,ec2,dev,14.61
cost-7616,2025-09-19,clearwater-collateral,ec2,uat,24.65
cost-7617,2025-09-19,clearwater-collateral,ec2,prod,96.34
cost-7618,2025-09-19,clearwater-collateral,rds,dev,33.41
cost-7619,2025-09-19,clearwater-collateral,rds,uat,72.37
cost-7620,2025-09-19,clearwater-collateral,rds,prod,251.82
cost-7621,2025-09-19,clearwater-collateral,s3,dev,26.18
cost-7622,2025-09-19,clearwater-collateral,s3,uat,56.80
cost-7623,2025-09-19,clearwater-collateral,s3,prod,190.26
cost-7624,2025-09-19,clearwater-collateral,lambda,dev,6.40
cost-7625,2025-09-19,clearwater-collateral,lambda,uat,15.05
cost-7626,2025-09-19,clearwater-collateral,lambda,prod,49.59
cost-7627,2025-09-19,clearwater-collateral,eks,dev,6.64
cost-7628,2025-09-19,clearwater-collateral,eks,uat,11.04
cost-7629,2025-09-19,clearwater-collateral,eks,prod,48.64
cost-7630,2025-09-19,clearwater-collateral,cloudwatch,dev,4.24
cost-7631,2025-09-19,clearwater-collateral,cloudwatch,uat,8.06
cost-7632,2025-09-19,clearwater-collateral,cloudwatch,prod,35.64
cost-7633,2025-09-20,clearwater-trade,ec2,dev,84.32
cost-7634,2025-09-20,clearwater-trade,ec2,uat,164.78
cost-7635,2025-09-20,clearwater-trade,ec2,prod,764.97
cost-7636,2025-09-20,clearwater-trade,rds,dev,74.83
cost-7637,2025-09-20,clearwater-trade,rds,uat,149.21
cost-7638,2025-09-20,clearwater-trade,rds,prod,430.81
cost-7639,2025-09-20,clearwater-trade,s3,dev,14.34
cost-7640,2025-09-20,clearwater-trade,s3,uat,26.41
cost-7641,2025-09-20,clearwater-trade,s3,prod,101.25
cost-7642,2025-09-20,clearwater-trade,lambda,dev,26.85
cost-7643,2025-09-20,clearwater-trade,lambda,uat,60.76
cost-7644,2025-09-20,clearwater-trade,lambda,prod,196.20
cost-7645,2025-09-20,clearwater-trade,eks,dev,51.72
cost-7646,2025-09-20,clearwater-trade,eks,uat,110.61
cost-7647,2025-09-20,clearwater-trade,eks,prod,396.07
cost-7648,2025-09-20,clearwater-trade,cloudwatch,dev,15.24
cost-7649,2025-09-20,clearwater-trade,cloudwatch,uat,29.25
cost-7650,2025-09-20,clearwater-trade,cloudwatch,prod,95.96
cost-7651,2025-09-20,clearwater-settlement,ec2,dev,74.19
cost-7652,2025-09-20,clearwater-settlement,ec2,uat,134.62
cost-7653,2025-09-20,clearwater-settlement,ec2,prod,511.64
cost-7654,2025-09-20,clearwater-settlement,rds,dev,62.70
cost-7655,2025-09-20,clearwater-settlement,rds,uat,143.06
cost-7656,2025-09-20,clearwater-settlement,rds,prod,454.01
cost-7657,2025-09-20,clearwater-settlement,s3,dev,16.75
cost-7658,2025-09-20,clearwater-settlement,s3,uat,42.56
cost-7659,2025-09-20,clearwater-settlement,s3,prod,142.94
cost-7660,2025-09-20,clearwater-settlement,lambda,dev,31.88
cost-7661,2025-09-20,clearwater-settlement,lambda,uat,63.59
cost-7662,2025-09-20,clearwater-settlement,lambda,prod,197.59
cost-7663,2025-09-20,clearwater-settlement,eks,dev,33.11
cost-7664,2025-09-20,clearwater-settlement,eks,uat,74.12
cost-7665,2025-09-20,clearwater-settlement,eks,prod,217.77
cost-7666,2025-09-20,clearwater-settlement,cloudwatch,dev,12.89
cost-7667,2025-09-20,clearwater-settlement,cloudwatch,uat,23.75
cost-7668,2025-09-20,clearwater-settlement,cloudwatch,prod,72.78
cost-7669,2025-09-20,clearwater-sales,ec2,dev,30.97
cost-7670,2025-09-20,clearwater-sales,ec2,uat,70.33
cost-7671,2025-09-20,clearwater-sales,ec2,prod,217.24
cost-7672,2025-09-20,clearwater-sales,rds,dev,19.75
cost-7673,2025-09-20,clearwater-sales,rds,uat,40.25
cost-7674,2025-09-20,clearwater-sales,rds,prod,131.96
cost-7675,2025-09-20,clearwater-sales,s3,dev,13.44
cost-7676,2025-09-20,clearwater-sales,s3,uat,32.06
cost-7677,2025-09-20,clearwater-sales,s3,prod,105.89
cost-7678,2025-09-20,clearwater-sales,lambda,dev,40.18
cost-7679,2025-09-20,clearwater-sales,lambda,uat,80.40
cost-7680,2025-09-20,clearwater-sales,lambda,prod,279.58
cost-7681,2025-09-20,clearwater-sales,eks,dev,12.05
cost-7682,2025-09-20,clearwater-sales,eks,uat,27.04
cost-7683,2025-09-20,clearwater-sales,eks,prod,89.61
cost-7684,2025-09-20,clearwater-sales,cloudwatch,dev,9.77
cost-7685,2025-09-20,clearwater-sales,cloudwatch,uat,19.20
cost-7686,2025-09-20,clearwater-sales,cloudwatch,prod,77.86
cost-7687,2025-09-20,clearwater-collateral,ec2,dev,12.08
cost-7688,2025-09-20,clearwater-collateral,ec2,uat,25.64
cost-7689,2025-09-20,clearwater-collateral,ec2,prod,91.96
cost-7690,2025-09-20,clearwater-collateral,rds,dev,28.74
cost-7691,2025-09-20,clearwater-collateral,rds,uat,61.84
cost-7692,2025-09-20,clearwater-collateral,rds,prod,251.78
cost-7693,2025-09-20,clearwater-collateral,s3,dev,24.24
cost-7694,2025-09-20,clearwater-collateral,s3,uat,48.84
cost-7695,2025-09-20,clearwater-collateral,s3,prod,179.82
cost-7696,2025-09-20,clearwater-collateral,lambda,dev,6.51
cost-7697,2025-09-20,clearwater-collateral,lambda,uat,13.12
cost-7698,2025-09-20,clearwater-collateral,lambda,prod,57.83
cost-7699,2025-09-20,clearwater-collateral,eks,dev,7.40
cost-7700,2025-09-20,clearwater-collateral,eks,uat,13.61
cost-7701,2025-09-20,clearwater-collateral,eks,prod,48.91
cost-7702,2025-09-20,clearwater-collateral,cloudwatch,dev,4.73
cost-7703,2025-09-20,clearwater-collateral,cloudwatch,uat,10.41
cost-7704,2025-09-20,clearwater-collateral,cloudwatch,prod,29.23
cost-7705,2025-09-21,clearwater-trade,ec2,dev,84.71
cost-7706,2025-09-21,clearwater-trade,ec2,uat,197.53
cost-7707,2025-09-21,clearwater-trade,ec2,prod,643.66
cost-7708,2025-09-21,clearwater-trade,rds,dev,59.30
cost-7709,2025-09-21,clearwater-trade,rds,uat,139.57
cost-7710,2025-09-21,clearwater-trade,rds,prod,519.45
cost-7711,2025-09-21,clearwater-trade,s3,dev,14.61
cost-7712,2025-09-21,clearwater-trade,s3,uat,24.64
cost-7713,2025-09-21,clearwater-trade,s3,prod,100.80
cost-7714,2025-09-21,clearwater-trade,lambda,dev,29.23
cost-7715,2025-09-21,clearwater-trade,lambda,uat,54.59
cost-7716,2025-09-21,clearwater-trade,lambda,prod,208.34
cost-7717,2025-09-21,clearwater-trade,eks,dev,58.17
cost-7718,2025-09-21,clearwater-trade,eks,uat,109.17
cost-7719,2025-09-21,clearwater-trade,eks,prod,383.65
cost-7720,2025-09-21,clearwater-trade,cloudwatch,dev,14.27
cost-7721,2025-09-21,clearwater-trade,cloudwatch,uat,28.46
cost-7722,2025-09-21,clearwater-trade,cloudwatch,prod,88.12
cost-7723,2025-09-21,clearwater-settlement,ec2,dev,63.49
cost-7724,2025-09-21,clearwater-settlement,ec2,uat,152.56
cost-7725,2025-09-21,clearwater-settlement,ec2,prod,558.58
cost-7726,2025-09-21,clearwater-settlement,rds,dev,60.72
cost-7727,2025-09-21,clearwater-settlement,rds,uat,121.22
cost-7728,2025-09-21,clearwater-settlement,rds,prod,567.05
cost-7729,2025-09-21,clearwater-settlement,s3,dev,20.19
cost-7730,2025-09-21,clearwater-settlement,s3,uat,40.64
cost-7731,2025-09-21,clearwater-settlement,s3,prod,150.28
cost-7732,2025-09-21,clearwater-settlement,lambda,dev,29.83
cost-7733,2025-09-21,clearwater-settlement,lambda,uat,49.78
cost-7734,2025-09-21,clearwater-settlement,lambda,prod,179.57
cost-7735,2025-09-21,clearwater-settlement,eks,dev,36.86
cost-7736,2025-09-21,clearwater-settlement,eks,uat,67.08
cost-7737,2025-09-21,clearwater-settlement,eks,prod,219.99
cost-7738,2025-09-21,clearwater-settlement,cloudwatch,dev,10.48
cost-7739,2025-09-21,clearwater-settlement,cloudwatch,uat,21.45
cost-7740,2025-09-21,clearwater-settlement,cloudwatch,prod,76.70
cost-7741,2025-09-21,clearwater-sales,ec2,dev,28.34
cost-7742,2025-09-21,clearwater-sales,ec2,uat,63.06
cost-7743,2025-09-21,clearwater-sales,ec2,prod,239.23
cost-7744,2025-09-21,clearwater-sales,rds,dev,19.15
cost-7745,2025-09-21,clearwater-sales,rds,uat,35.06
cost-7746,2025-09-21,clearwater-sales,rds,prod,138.49
cost-7747,2025-09-21,clearwater-sales,s3,dev,16.47
cost-7748,2025-09-21,clearwater-sales,s3,uat,26.91
cost-7749,2025-09-21,clearwater-sales,s3,prod,106.20
cost-7750,2025-09-21,clearwater-sales,lambda,dev,34.92
cost-7751,2025-09-21,clearwater-sales,lambda,uat,66.13
cost-7752,2025-09-21,clearwater-sales,lambda,prod,238.15
cost-7753,2025-09-21,clearwater-sales,eks,dev,10.82
cost-7754,2025-09-21,clearwater-sales,eks,uat,22.94
cost-7755,2025-09-21,clearwater-sales,eks,prod,90.67
cost-7756,2025-09-21,clearwater-sales,cloudwatch,dev,8.79
cost-7757,2025-09-21,clearwater-sales,cloudwatch,uat,17.37
cost-7758,2025-09-21,clearwater-sales,cloudwatch,prod,80.39
cost-7759,2025-09-21,clearwater-collateral,ec2,dev,12.95
cost-7760,2025-09-21,clearwater-collateral,ec2,uat,24.36
cost-7761,2025-09-21,clearwater-collateral,ec2,prod,88.09
cost-7762,2025-09-21,clearwater-collateral,rds,dev,33.54
cost-7763,2025-09-21,clearwater-collateral,rds,uat,56.70
cost-7764,2025-09-21,clearwater-collateral,rds,prod,247.06
cost-7765,2025-09-21,clearwater-collateral,s3,dev,24.56
cost-7766,2025-09-21,clearwater-collateral,s3,uat,54.13
cost-7767,2025-09-21,clearwater-collateral,s3,prod,173.03
cost-7768,2025-09-21,clearwater-collateral,lambda,dev,7.22
cost-7769,2025-09-21,clearwater-collateral,lambda,uat,14.04
cost-7770,2025-09-21,clearwater-collateral,lambda,prod,47.47
cost-7771,2025-09-21,clearwater-collateral,eks,dev,5.84
cost-7772,2025-09-21,clearwater-collateral,eks,uat,13.71
cost-7773,2025-09-21,clearwater-collateral,eks,prod,52.19
cost-7774,2025-09-21,clearwater-collateral,cloudwatch,dev,4.31
cost-7775,2025-09-21,clearwater-collateral,cloudwatch,uat,9.84
cost-7776,2025-09-21,clearwater-collateral,cloudwatch,prod,33.06
cost-7777,2025-09-22,clearwater-trade,ec2,dev,103.71
cost-7778,2025-09-22,clearwater-trade,ec2,uat,166.34
cost-7779,2025-09-22,clearwater-trade,ec2,prod,634.75
cost-7780,2025-09-22,clearwater-trade,rds,dev,60.19
cost-7781,2025-09-22,clearwater-trade,rds,uat,130.84
cost-7782,2025-09-22,clearwater-trade,rds,prod,430.98
cost-7783,2025-09-22,clearwater-trade,s3,dev,15.51
cost-7784,2025-09-22,clearwater-trade,s3,uat,29.20
cost-7785,2025-09-22,clearwater-trade,s3,prod,98.18
cost-7786,2025-09-22,clearwater-trade,lambda,dev,24.81
cost-7787,2025-09-22,clearwater-trade,lambda,uat,50.88
cost-7788,2025-09-22,clearwater-trade,lambda,prod,170.20
cost-7789,2025-09-22,clearwater-trade,eks,dev,50.51
cost-7790,2025-09-22,clearwater-trade,eks,uat,98.41
cost-7791,2025-09-22,clearwater-trade,eks,prod,413.34
cost-7792,2025-09-22,clearwater-trade,cloudwatch,dev,13.96
cost-7793,2025-09-22,clearwater-trade,cloudwatch,uat,24.27
cost-7794,2025-09-22,clearwater-trade,cloudwatch,prod,89.55
cost-7795,2025-09-22,clearwater-settlement,ec2,dev,61.61
cost-7796,2025-09-22,clearwater-settlement,ec2,uat,163.13
cost-7797,2025-09-22,clearwater-settlement,ec2,prod,499.40
cost-7798,2025-09-22,clearwater-settlement,rds,dev,78.65
cost-7799,2025-09-22,clearwater-settlement,rds,uat,161.32
cost-7800,2025-09-22,clearwater-settlement,rds,prod,452.51
cost-7801,2025-09-22,clearwater-settlement,s3,dev,19.08
cost-7802,2025-09-22,clearwater-settlement,s3,uat,40.25
cost-7803,2025-09-22,clearwater-settlement,s3,prod,147.55
cost-7804,2025-09-22,clearwater-settlement,lambda,dev,31.22
cost-7805,2025-09-22,clearwater-settlement,lambda,uat,55.24
cost-7806,2025-09-22,clearwater-settlement,lambda,prod,192.98
cost-7807,2025-09-22,clearwater-settlement,eks,dev,31.50
cost-7808,2025-09-22,clearwater-settlement,eks,uat,73.88
cost-7809,2025-09-22,clearwater-settlement,eks,prod,274.30
cost-7810,2025-09-22,clearwater-settlement,cloudwatch,dev,10.73
cost-7811,2025-09-22,clearwater-settlement,cloudwatch,uat,20.21
cost-7812,2025-09-22,clearwater-settlement,cloudwatch,prod,70.89
cost-7813,2025-09-22,clearwater-sales,ec2,dev,35.95
cost-7814,2025-09-22,clearwater-sales,ec2,uat,71.56
cost-7815,2025-09-22,clearwater-sales,ec2,prod,244.26
cost-7816,2025-09-22,clearwater-sales,rds,dev,17.07
cost-7817,2025-09-22,clearwater-sales,rds,uat,39.80
cost-7818,2025-09-22,clearwater-sales,rds,prod,149.19
cost-7819,2025-09-22,clearwater-sales,s3,dev,13.66
cost-7820,2025-09-22,clearwater-sales,s3,uat,29.17
cost-7821,2025-09-22,clearwater-sales,s3,prod,92.60
cost-7822,2025-09-22,clearwater-sales,lambda,dev,35.01
cost-7823,2025-09-22,clearwater-sales,lambda,uat,75.22
cost-7824,2025-09-22,clearwater-sales,lambda,prod,247.76
cost-7825,2025-09-22,clearwater-sales,eks,dev,12.12
cost-7826,2025-09-22,clearwater-sales,eks,uat,21.64
cost-7827,2025-09-22,clearwater-sales,eks,prod,76.13
cost-7828,2025-09-22,clearwater-sales,cloudwatch,dev,11.29
cost-7829,2025-09-22,clearwater-sales,cloudwatch,uat,17.88
cost-7830,2025-09-22,clearwater-sales,cloudwatch,prod,60.37
cost-7831,2025-09-22,clearwater-collateral,ec2,dev,14.07
cost-7832,2025-09-22,clearwater-collateral,ec2,uat,31.42
cost-7833,2025-09-22,clearwater-collateral,ec2,prod,110.74
cost-7834,2025-09-22,clearwater-collateral,rds,dev,34.61
cost-7835,2025-09-22,clearwater-collateral,rds,uat,68.58
cost-7836,2025-09-22,clearwater-collateral,rds,prod,238.01
cost-7837,2025-09-22,clearwater-collateral,s3,dev,27.16
cost-7838,2025-09-22,clearwater-collateral,s3,uat,60.92
cost-7839,2025-09-22,clearwater-collateral,s3,prod,193.15
cost-7840,2025-09-22,clearwater-collateral,lambda,dev,8.29
cost-7841,2025-09-22,clearwater-collateral,lambda,uat,14.31
cost-7842,2025-09-22,clearwater-collateral,lambda,prod,59.52
cost-7843,2025-09-22,clearwater-collateral,eks,dev,7.20
cost-7844,2025-09-22,clearwater-collateral,eks,uat,13.62
cost-7845,2025-09-22,clearwater-collateral,eks,prod,48.61
cost-7846,2025-09-22,clearwater-collateral,cloudwatch,dev,4.20
cost-7847,2025-09-22,clearwater-collateral,cloudwatch,uat,9.04
cost-7848,2025-09-22,clearwater-collateral,cloudwatch,prod,37.29
cost-7849,2025-09-23,clearwater-trade,ec2,dev,81.43
cost-7850,2025-09-23,clearwater-trade,ec2,uat,180.85
cost-7851,2025-09-23,clearwater-trade,ec2,prod,632.76
cost-7852,2025-09-23,clearwater-trade,rds,dev,72.96
cost-7853,2025-09-23,clearwater-trade,rds,uat,144.68
cost-7854,2025-09-23,clearwater-trade,rds,prod,486.69
cost-7855,2025-09-23,clearwater-trade,s3,dev,15.50
cost-7856,2025-09-23,clearwater-trade,s3,uat,29.24
cost-7857,2025-09-23,clearwater-trade,s3,prod,82.61
cost-7858,2025-09-23,clearwater-trade,lambda,dev,27.45
cost-7859,2025-09-23,clearwater-trade,lambda,uat,52.40
cost-7860,2025-09-23,clearwater-trade,lambda,prod,172.81
cost-7861,2025-09-23,clearwater-trade,eks,dev,46.67
cost-7862,2025-09-23,clearwater-trade,eks,uat,113.54
cost-7863,2025-09-23,clearwater-trade,eks,prod,351.41
cost-7864,2025-09-23,clearwater-trade,cloudwatch,dev,12.16
cost-7865,2025-09-23,clearwater-trade,cloudwatch,uat,23.76
cost-7866,2025-09-23,clearwater-trade,cloudwatch,prod,99.41
cost-7867,2025-09-23,clearwater-settlement,ec2,dev,78.60
cost-7868,2025-09-23,clearwater-settlement,ec2,uat,154.85
cost-7869,2025-09-23,clearwater-settlement,ec2,prod,438.40
cost-7870,2025-09-23,clearwater-settlement,rds,dev,74.44
cost-7871,2025-09-23,clearwater-settlement,rds,uat,161.10
cost-7872,2025-09-23,clearwater-settlement,rds,prod,537.73
cost-7873,2025-09-23,clearwater-settlement,s3,dev,20.23
cost-7874,2025-09-23,clearwater-settlement,s3,uat,37.49
cost-7875,2025-09-23,clearwater-settlement,s3,prod,118.96
cost-7876,2025-09-23,clearwater-settlement,lambda,dev,27.57
cost-7877,2025-09-23,clearwater-settlement,lambda,uat,63.83
cost-7878,2025-09-23,clearwater-settlement,lambda,prod,192.69
cost-7879,2025-09-23,clearwater-settlement,eks,dev,37.20
cost-7880,2025-09-23,clearwater-settlement,eks,uat,75.24
cost-7881,2025-09-23,clearwater-settlement,eks,prod,231.20
cost-7882,2025-09-23,clearwater-settlement,cloudwatch,dev,11.06
cost-7883,2025-09-23,clearwater-settlement,cloudwatch,uat,21.81
cost-7884,2025-09-23,clearwater-settlement,cloudwatch,prod,71.79
cost-7885,2025-09-23,clearwater-sales,ec2,dev,28.14
cost-7886,2025-09-23,clearwater-sales,ec2,uat,53.69
cost-7887,2025-09-23,clearwater-sales,ec2,prod,219.56
cost-7888,2025-09-23,clearwater-sales,rds,dev,16.64
cost-7889,2025-09-23,clearwater-sales,rds,uat,41.32
cost-7890,2025-09-23,clearwater-sales,rds,prod,122.77
cost-7891,2025-09-23,clearwater-sales,s3,dev,12.89
cost-7892,2025-09-23,clearwater-sales,s3,uat,28.88
cost-7893,2025-09-23,clearwater-sales,s3,prod,116.72
cost-7894,2025-09-23,clearwater-sales,lambda,dev,39.96
cost-7895,2025-09-23,clearwater-sales,lambda,uat,81.90
cost-7896,2025-09-23,clearwater-sales,lambda,prod,226.28
cost-7897,2025-09-23,clearwater-sales,eks,dev,11.15
cost-7898,2025-09-23,clearwater-sales,eks,uat,24.18
cost-7899,2025-09-23,clearwater-sales,eks,prod,86.02
cost-7900,2025-09-23,clearwater-sales,cloudwatch,dev,10.39
cost-7901,2025-09-23,clearwater-sales,cloudwatch,uat,17.67
cost-7902,2025-09-23,clearwater-sales,cloudwatch,prod,65.92
cost-7903,2025-09-23,clearwater-collateral,ec2,dev,15.95
cost-7904,2025-09-23,clearwater-collateral,ec2,uat,28.38
cost-7905,2025-09-23,clearwater-collateral,ec2,prod,83.56
cost-7906,2025-09-23,clearwater-collateral,rds,dev,34.42
cost-7907,2025-09-23,clearwater-collateral,rds,uat,62.92
cost-7908,2025-09-23,clearwater-collateral,rds,prod,232.16
cost-7909,2025-09-23,clearwater-collateral,s3,dev,26.17
cost-7910,2025-09-23,clearwater-collateral,s3,uat,54.48
cost-7911,2025-09-23,clearwater-collateral,s3,prod,169.03
cost-7912,2025-09-23,clearwater-collateral,lambda,dev,8.44
cost-7913,2025-09-23,clearwater-collateral,lambda,uat,16.14
cost-7914,2025-09-23,clearwater-collateral,lambda,prod,57.42
cost-7915,2025-09-23,clearwater-collateral,eks,dev,6.84
cost-7916,2025-09-23,clearwater-collateral,eks,uat,14.43
cost-7917,2025-09-23,clearwater-collateral,eks,prod,43.63
cost-7918,2025-09-23,clearwater-collateral,cloudwatch,dev,3.96
cost-7919,2025-09-23,clearwater-collateral,cloudwatch,uat,9.06
cost-7920,2025-09-23,clearwater-collateral,cloudwatch,prod,33.84
cost-7921,2025-09-24,clearwater-trade,ec2,dev,83.18
cost-7922,2025-09-24,clearwater-trade,ec2,uat,201.08
cost-7923,2025-09-24,clearwater-trade,ec2,prod,702.06
cost-7924,2025-09-24,clearwater-trade,rds,dev,65.95
cost-7925,2025-09-24,clearwater-trade,rds,uat,118.93
cost-7926,2025-09-24,clearwater-trade,rds,prod,483.75
cost-7927,2025-09-24,clearwater-trade,s3,dev,15.38
cost-7928,2025-09-24,clearwater-trade,s3,uat,31.14
cost-7929,2025-09-24,clearwater-trade,s3,prod,105.87
cost-7930,2025-09-24,clearwater-trade,lambda,dev,30.51
cost-7931,2025-09-24,clearwater-trade,lambda,uat,50.82
cost-7932,2025-09-24,clearwater-trade,lambda,prod,190.92
cost-7933,2025-09-24,clearwater-trade,eks,dev,53.71
cost-7934,2025-09-24,clearwater-trade,eks,uat,94.48
cost-7935,2025-09-24,clearwater-trade,eks,prod,373.68
cost-7936,2025-09-24,clearwater-trade,cloudwatch,dev,15.27
cost-7937,2025-09-24,clearwater-trade,cloudwatch,uat,28.62
cost-7938,2025-09-24,clearwater-trade,cloudwatch,prod,88.42
cost-7939,2025-09-24,clearwater-settlement,ec2,dev,76.64
cost-7940,2025-09-24,clearwater-settlement,ec2,uat,161.31
cost-7941,2025-09-24,clearwater-settlement,ec2,prod,441.63
cost-7942,2025-09-24,clearwater-settlement,rds,dev,70.90
cost-7943,2025-09-24,clearwater-settlement,rds,uat,124.52
cost-7944,2025-09-24,clearwater-settlement,rds,prod,538.94
cost-7945,2025-09-24,clearwater-settlement,s3,dev,20.92
cost-7946,2025-09-24,clearwater-settlement,s3,uat,32.80
cost-7947,2025-09-24,clearwater-settlement,s3,prod,135.39
cost-7948,2025-09-24,clearwater-settlement,lambda,dev,28.96
cost-7949,2025-09-24,clearwater-settlement,lambda,uat,51.39
cost-7950,2025-09-24,clearwater-settlement,lambda,prod,209.32
cost-7951,2025-09-24,clearwater-settlement,eks,dev,31.58
cost-7952,2025-09-24,clearwater-settlement,eks,uat,81.56
cost-7953,2025-09-24,clearwater-settlement,eks,prod,228.29
cost-7954,2025-09-24,clearwater-settlement,cloudwatch,dev,12.11
cost-7955,2025-09-24,clearwater-settlement,cloudwatch,uat,20.66
cost-7956,2025-09-24,clearwater-settlement,cloudwatch,prod,86.65
cost-7957,2025-09-24,clearwater-sales,ec2,dev,31.52
cost-7958,2025-09-24,clearwater-sales,ec2,uat,60.92
cost-7959,2025-09-24,clearwater-sales,ec2,prod,229.45
cost-7960,2025-09-24,clearwater-sales,rds,dev,17.13
cost-7961,2025-09-24,clearwater-sales,rds,uat,33.53
cost-7962,2025-09-24,clearwater-sales,rds,prod,126.41
cost-7963,2025-09-24,clearwater-sales,s3,dev,14.74
cost-7964,2025-09-24,clearwater-sales,s3,uat,32.47
cost-7965,2025-09-24,clearwater-sales,s3,prod,94.89
cost-7966,2025-09-24,clearwater-sales,lambda,dev,38.25
cost-7967,2025-09-24,clearwater-sales,lambda,uat,70.66
cost-7968,2025-09-24,clearwater-sales,lambda,prod,254.58
cost-7969,2025-09-24,clearwater-sales,eks,dev,14.24
cost-7970,2025-09-24,clearwater-sales,eks,uat,22.98
cost-7971,2025-09-24,clearwater-sales,eks,prod,86.57
cost-7972,2025-09-24,clearwater-sales,cloudwatch,dev,9.74
cost-7973,2025-09-24,clearwater-sales,cloudwatch,uat,20.96
cost-7974,2025-09-24,clearwater-sales,cloudwatch,prod,64.72
cost-7975,2025-09-24,clearwater-collateral,ec2,dev,12.09
cost-7976,2025-09-24,clearwater-collateral,ec2,uat,26.99
cost-7977,2025-09-24,clearwater-collateral,ec2,prod,90.98
cost-7978,2025-09-24,clearwater-collateral,rds,dev,33.72
cost-7979,2025-09-24,clearwater-collateral,rds,uat,56.65
cost-7980,2025-09-24,clearwater-collateral,rds,prod,238.47
cost-7981,2025-09-24,clearwater-collateral,s3,dev,24.93
cost-7982,2025-09-24,clearwater-collateral,s3,uat,62.36
cost-7983,2025-09-24,clearwater-collateral,s3,prod,182.54
cost-7984,2025-09-24,clearwater-collateral,lambda,dev,6.47
cost-7985,2025-09-24,clearwater-collateral,lambda,uat,13.63
cost-7986,2025-09-24,clearwater-collateral,lambda,prod,47.29
cost-7987,2025-09-24,clearwater-collateral,eks,dev,7.36
cost-7988,2025-09-24,clearwater-collateral,eks,uat,12.32
cost-7989,2025-09-24,clearwater-collateral,eks,prod,41.83
cost-7990,2025-09-24,clearwater-collateral,cloudwatch,dev,4.82
cost-7991,2025-09-24,clearwater-collateral,cloudwatch,uat,9.54
cost-7992,2025-09-24,clearwater-collateral,cloudwatch,prod,29.27
cost-7993,2025-09-25,clearwater-trade,ec2,dev,84.87
cost-7994,2025-09-25,clearwater-trade,ec2,uat,169.88
cost-7995,2025-09-25,clearwater-trade,ec2,prod,727.74
cost-7996,2025-09-25,clearwater-trade,rds,dev,78.51
cost-7997,2025-09-25,clearwater-trade,rds,uat,125.32
cost-7998,2025-09-25,clearwater-trade,rds,prod,502.07
cost-7999,2025-09-25,clearwater-trade,s3,dev,12.45
cost-8000,2025-09-25,clearwater-trade,s3,uat,29.08
cost-8001,2025-09-25,clearwater-trade,s3,prod,90.48
cost-8002,2025-09-25,clearwater-trade,lambda,dev,23.55
cost-8003,2025-09-25,clearwater-trade,lambda,uat,58.68
cost-8004,2025-09-25,clearwater-trade,lambda,prod,187.69
cost-8005,2025-09-25,clearwater-trade,eks,dev,61.20
cost-8006,2025-09-25,clearwater-trade,eks,uat,116.15
cost-8007,2025-09-25,clearwater-trade,eks,prod,359.69
cost-8008,2025-09-25,clearwater-trade,cloudwatch,dev,14.19
cost-8009,2025-09-25,clearwater-trade,cloudwatch,uat,27.10
cost-8010,2025-09-25,clearwater-trade,cloudwatch,prod,86.53
cost-8011,2025-09-25,clearwater-settlement,ec2,dev,68.44
cost-8012,2025-09-25,clearwater-settlement,ec2,uat,134.50
cost-8013,2025-09-25,clearwater-settlement,ec2,prod,543.35
cost-8014,2025-09-25,clearwater-settlement,rds,dev,77.85
cost-8015,2025-09-25,clearwater-settlement,rds,uat,143.40
cost-8016,2025-09-25,clearwater-settlement,rds,prod,481.38
cost-8017,2025-09-25,clearwater-settlement,s3,dev,21.03
cost-8018,2025-09-25,clearwater-settlement,s3,uat,42.88
cost-8019,2025-09-25,clearwater-settlement,s3,prod,132.25
cost-8020,2025-09-25,clearwater-settlement,lambda,dev,30.68
cost-8021,2025-09-25,clearwater-settlement,lambda,uat,51.20
cost-8022,2025-09-25,clearwater-settlement,lambda,prod,225.14
cost-8023,2025-09-25,clearwater-settlement,eks,dev,38.28
cost-8024,2025-09-25,clearwater-settlement,eks,uat,70.86
cost-8025,2025-09-25,clearwater-settlement,eks,prod,284.69
cost-8026,2025-09-25,clearwater-settlement,cloudwatch,dev,10.38
cost-8027,2025-09-25,clearwater-settlement,cloudwatch,uat,27.12
cost-8028,2025-09-25,clearwater-settlement,cloudwatch,prod,78.95
cost-8029,2025-09-25,clearwater-sales,ec2,dev,34.57
cost-8030,2025-09-25,clearwater-sales,ec2,uat,63.22
cost-8031,2025-09-25,clearwater-sales,ec2,prod,201.19
cost-8032,2025-09-25,clearwater-sales,rds,dev,19.92
cost-8033,2025-09-25,clearwater-sales,rds,uat,39.37
cost-8034,2025-09-25,clearwater-sales,rds,prod,124.66
cost-8035,2025-09-25,clearwater-sales,s3,dev,13.11
cost-8036,2025-09-25,clearwater-sales,s3,uat,29.88
cost-8037,2025-09-25,clearwater-sales,s3,prod,99.15
cost-8038,2025-09-25,clearwater-sales,lambda,dev,40.38
cost-8039,2025-09-25,clearwater-sales,lambda,uat,66.18
cost-8040,2025-09-25,clearwater-sales,lambda,prod,299.01
cost-8041,2025-09-25,clearwater-sales,eks,dev,12.77
cost-8042,2025-09-25,clearwater-sales,eks,uat,21.73
cost-8043,2025-09-25,clearwater-sales,eks,prod,88.60
cost-8044,2025-09-25,clearwater-sales,cloudwatch,dev,10.66
cost-8045,2025-09-25,clearwater-sales,cloudwatch,uat,19.48
cost-8046,2025-09-25,clearwater-sales,cloudwatch,prod,61.82
cost-8047,2025-09-25,clearwater-collateral,ec2,dev,13.10
cost-8048,2025-09-25,clearwater-collateral,ec2,uat,26.81
cost-8049,2025-09-25,clearwater-collateral,ec2,prod,108.27
cost-8050,2025-09-25,clearwater-collateral,rds,dev,37.04
cost-8051,2025-09-25,clearwater-collateral,rds,uat,66.53
cost-8052,2025-09-25,clearwater-collateral,rds,prod,198.85
cost-8053,2025-09-25,clearwater-collateral,s3,dev,25.36
cost-8054,2025-09-25,clearwater-collateral,s3,uat,55.29
cost-8055,2025-09-25,clearwater-collateral,s3,prod,202.56
cost-8056,2025-09-25,clearwater-collateral,lambda,dev,6.88
cost-8057,2025-09-25,clearwater-collateral,lambda,uat,14.96
cost-8058,2025-09-25,clearwater-collateral,lambda,prod,51.02
cost-8059,2025-09-25,clearwater-collateral,eks,dev,7.06
cost-8060,2025-09-25,clearwater-collateral,eks,uat,11.59
cost-8061,2025-09-25,clearwater-collateral,eks,prod,49.32
cost-8062,2025-09-25,clearwater-collateral,cloudwatch,dev,4.74
cost-8063,2025-09-25,clearwater-collateral,cloudwatch,uat,8.42
cost-8064,2025-09-25,clearwater-collateral,cloudwatch,prod,28.07
cost-8065,2025-09-26,clearwater-trade,ec2,dev,95.34
cost-8066,2025-09-26,clearwater-trade,ec2,uat,172.12
cost-8067,2025-09-26,clearwater-trade,ec2,prod,571.26
cost-8068,2025-09-26,clearwater-trade,rds,dev,58.82
cost-8069,2025-09-26,clearwater-trade,rds,uat,150.05
cost-8070,2025-09-26,clearwater-trade,rds,prod,451.66
cost-8071,2025-09-26,clearwater-trade,s3,dev,13.70
cost-8072,2025-09-26,clearwater-trade,s3,uat,30.05
cost-8073,2025-09-26,clearwater-trade,s3,prod,83.14
cost-8074,2025-09-26,clearwater-trade,lambda,dev,25.79
cost-8075,2025-09-26,clearwater-trade,lambda,uat,59.29
cost-8076,2025-09-26,clearwater-trade,lambda,prod,180.92
cost-8077,2025-09-26,clearwater-trade,eks,dev,55.55
cost-8078,2025-09-26,clearwater-trade,eks,uat,102.94
cost-8079,2025-09-26,clearwater-trade,eks,prod,368.89
cost-8080,2025-09-26,clearwater-trade,cloudwatch,dev,11.84
cost-8081,2025-09-26,clearwater-trade,cloudwatch,uat,31.19
cost-8082,2025-09-26,clearwater-trade,cloudwatch,prod,96.17
cost-8083,2025-09-26,clearwater-settlement,ec2,dev,76.47
cost-8084,2025-09-26,clearwater-settlement,ec2,uat,149.49
cost-8085,2025-09-26,clearwater-settlement,ec2,prod,536.92
cost-8086,2025-09-26,clearwater-settlement,rds,dev,76.33
cost-8087,2025-09-26,clearwater-settlement,rds,uat,130.33
cost-8088,2025-09-26,clearwater-settlement,rds,prod,504.19
cost-8089,2025-09-26,clearwater-settlement,s3,dev,20.88
cost-8090,2025-09-26,clearwater-settlement,s3,uat,38.18
cost-8091,2025-09-26,clearwater-settlement,s3,prod,150.59
cost-8092,2025-09-26,clearwater-settlement,lambda,dev,31.21
cost-8093,2025-09-26,clearwater-settlement,lambda,uat,51.83
cost-8094,2025-09-26,clearwater-settlement,lambda,prod,223.86
cost-8095,2025-09-26,clearwater-settlement,eks,dev,36.40
cost-8096,2025-09-26,clearwater-settlement,eks,uat,61.89
cost-8097,2025-09-26,clearwater-settlement,eks,prod,264.90
cost-8098,2025-09-26,clearwater-settlement,cloudwatch,dev,13.57
cost-8099,2025-09-26,clearwater-settlement,cloudwatch,uat,25.20
cost-8100,2025-09-26,clearwater-settlement,cloudwatch,prod,89.60
cost-8101,2025-09-26,clearwater-sales,ec2,dev,35.63
cost-8102,2025-09-26,clearwater-sales,ec2,uat,53.96
cost-8103,2025-09-26,clearwater-sales,ec2,prod,188.66
cost-8104,2025-09-26,clearwater-sales,rds,dev,18.72
cost-8105,2025-09-26,clearwater-sales,rds,uat,32.29
cost-8106,2025-09-26,clearwater-sales,rds,prod,135.44
cost-8107,2025-09-26,clearwater-sales,s3,dev,13.81
cost-8108,2025-09-26,clearwater-sales,s3,uat,34.36
cost-8109,2025-09-26,clearwater-sales,s3,prod,98.46
cost-8110,2025-09-26,clearwater-sales,lambda,dev,42.46
cost-8111,2025-09-26,clearwater-sales,lambda,uat,65.35
cost-8112,2025-09-26,clearwater-sales,lambda,prod,247.01
cost-8113,2025-09-26,clearwater-sales,eks,dev,13.14
cost-8114,2025-09-26,clearwater-sales,eks,uat,24.38
cost-8115,2025-09-26,clearwater-sales,eks,prod,90.57
cost-8116,2025-09-26,clearwater-sales,cloudwatch,dev,10.42
cost-8117,2025-09-26,clearwater-sales,cloudwatch,uat,22.16
cost-8118,2025-09-26,clearwater-sales,cloudwatch,prod,67.26
cost-8119,2025-09-26,clearwater-collateral,ec2,dev,14.65
cost-8120,2025-09-26,clearwater-collateral,ec2,uat,25.88
cost-8121,2025-09-26,clearwater-collateral,ec2,prod,95.09
cost-8122,2025-09-26,clearwater-collateral,rds,dev,27.88
cost-8123,2025-09-26,clearwater-collateral,rds,uat,74.17
cost-8124,2025-09-26,clearwater-collateral,rds,prod,260.82
cost-8125,2025-09-26,clearwater-collateral,s3,dev,24.23
cost-8126,2025-09-26,clearwater-collateral,s3,uat,48.17
cost-8127,2025-09-26,clearwater-collateral,s3,prod,215.81
cost-8128,2025-09-26,clearwater-collateral,lambda,dev,7.14
cost-8129,2025-09-26,clearwater-collateral,lambda,uat,14.99
cost-8130,2025-09-26,clearwater-collateral,lambda,prod,46.95
cost-8131,2025-09-26,clearwater-collateral,eks,dev,5.72
cost-8132,2025-09-26,clearwater-collateral,eks,uat,12.01
cost-8133,2025-09-26,clearwater-collateral,eks,prod,39.03
cost-8134,2025-09-26,clearwater-collateral,cloudwatch,dev,4.42
cost-8135,2025-09-26,clearwater-collateral,cloudwatch,uat,10.33
cost-8136,2025-09-26,clearwater-collateral,cloudwatch,prod,32.72
cost-8137,2025-09-27,clearwater-trade,ec2,dev,104.83
cost-8138,2025-09-27,clearwater-trade,ec2,uat,164.63
cost-8139,2025-09-27,clearwater-trade,ec2,prod,604.53
cost-8140,2025-09-27,clearwater-trade,rds,dev,65.47
cost-8141,2025-09-27,clearwater-trade,rds,uat,124.59
cost-8142,2025-09-27,clearwater-trade,rds,prod,428.49
cost-8143,2025-09-27,clearwater-trade,s3,dev,15.64
cost-8144,2025-09-27,clearwater-trade,s3,uat,29.12
cost-8145,2025-09-27,clearwater-trade,s3,prod,94.22
cost-8146,2025-09-27,clearwater-trade,lambda,dev,25.99
cost-8147,2025-09-27,clearwater-trade,lambda,uat,50.04
cost-8148,2025-09-27,clearwater-trade,lambda,prod,213.18
cost-8149,2025-09-27,clearwater-trade,eks,dev,55.50
cost-8150,2025-09-27,clearwater-trade,eks,uat,119.68
cost-8151,2025-09-27,clearwater-trade,eks,prod,428.75
cost-8152,2025-09-27,clearwater-trade,cloudwatch,dev,14.97
cost-8153,2025-09-27,clearwater-trade,cloudwatch,uat,30.86
cost-8154,2025-09-27,clearwater-trade,cloudwatch,prod,84.74
cost-8155,2025-09-27,clearwater-settlement,ec2,dev,69.23
cost-8156,2025-09-27,clearwater-settlement,ec2,uat,157.84
cost-8157,2025-09-27,clearwater-settlement,ec2,prod,485.55
cost-8158,2025-09-27,clearwater-settlement,rds,dev,73.85
cost-8159,2025-09-27,clearwater-settlement,rds,uat,123.78
cost-8160,2025-09-27,clearwater-settlement,rds,prod,450.10
cost-8161,2025-09-27,clearwater-settlement,s3,dev,21.18
cost-8162,2025-09-27,clearwater-settlement,s3,uat,35.23
cost-8163,2025-09-27,clearwater-settlement,s3,prod,138.02
cost-8164,2025-09-27,clearwater-settlement,lambda,dev,24.89
cost-8165,2025-09-27,clearwater-settlement,lambda,uat,59.15
cost-8166,2025-09-27,clearwater-settlement,lambda,prod,216.47
cost-8167,2025-09-27,clearwater-settlement,eks,dev,39.59
cost-8168,2025-09-27,clearwater-settlement,eks,uat,73.17
cost-8169,2025-09-27,clearwater-settlement,eks,prod,239.88
cost-8170,2025-09-27,clearwater-settlement,cloudwatch,dev,10.11
cost-8171,2025-09-27,clearwater-settlement,cloudwatch,uat,23.08
cost-8172,2025-09-27,clearwater-settlement,cloudwatch,prod,93.31
cost-8173,2025-09-27,clearwater-sales,ec2,dev,35.09
cost-8174,2025-09-27,clearwater-sales,ec2,uat,63.25
cost-8175,2025-09-27,clearwater-sales,ec2,prod,218.25
cost-8176,2025-09-27,clearwater-sales,rds,dev,20.96
cost-8177,2025-09-27,clearwater-sales,rds,uat,33.73
cost-8178,2025-09-27,clearwater-sales,rds,prod,142.05
cost-8179,2025-09-27,clearwater-sales,s3,dev,14.15
cost-8180,2025-09-27,clearwater-sales,s3,uat,33.01
cost-8181,2025-09-27,clearwater-sales,s3,prod,96.88
cost-8182,2025-09-27,clearwater-sales,lambda,dev,36.04
cost-8183,2025-09-27,clearwater-sales,lambda,uat,81.49
cost-8184,2025-09-27,clearwater-sales,lambda,prod,235.28
cost-8185,2025-09-27,clearwater-sales,eks,dev,12.65
cost-8186,2025-09-27,clearwater-sales,eks,uat,21.35
cost-8187,2025-09-27,clearwater-sales,eks,prod,78.13
cost-8188,2025-09-27,clearwater-sales,cloudwatch,dev,9.56
cost-8189,2025-09-27,clearwater-sales,cloudwatch,uat,20.70
cost-8190,2025-09-27,clearwater-sales,cloudwatch,prod,71.44
cost-8191,2025-09-27,clearwater-collateral,ec2,dev,12.33
cost-8192,2025-09-27,clearwater-collateral,ec2,uat,30.91
cost-8193,2025-09-27,clearwater-collateral,ec2,prod,83.24
cost-8194,2025-09-27,clearwater-collateral,rds,dev,35.39
cost-8195,2025-09-27,clearwater-collateral,rds,uat,64.54
cost-8196,2025-09-27,clearwater-collateral,rds,prod,219.68
cost-8197,2025-09-27,clearwater-collateral,s3,dev,24.09
cost-8198,2025-09-27,clearwater-collateral,s3,uat,51.75
cost-8199,2025-09-27,clearwater-collateral,s3,prod,180.31
cost-8200,2025-09-27,clearwater-collateral,lambda,dev,6.83
cost-8201,2025-09-27,clearwater-collateral,lambda,uat,13.23
cost-8202,2025-09-27,clearwater-collateral,lambda,prod,53.11
cost-8203,2025-09-27,clearwater-collateral,eks,dev,6.09
cost-8204,2025-09-27,clearwater-collateral,eks,uat,11.08
cost-8205,2025-09-27,clearwater-collateral,eks,prod,44.60
cost-8206,2025-09-27,clearwater-collateral,cloudwatch,dev,4.61
cost-8207,2025-09-27,clearwater-collateral,cloudwatch,uat,10.57
cost-8208,2025-09-27,clearwater-collateral,cloudwatch,prod,31.80
cost-8209,2025-09-28,clearwater-trade,ec2,dev,103.69
cost-8210,2025-09-28,clearwater-trade,ec2,uat,202.49
cost-8211,2025-09-28,clearwater-trade,ec2,prod,674.13
cost-8212,2025-09-28,clearwater-trade,rds,dev,64.62
cost-8213,2025-09-28,clearwater-trade,rds,uat,142.47
cost-8214,2025-09-28,clearwater-trade,rds,prod,469.82
cost-8215,2025-09-28,clearwater-trade,s3,dev,13.82
cost-8216,2025-09-28,clearwater-trade,s3,uat,26.75
cost-8217,2025-09-28,clearwater-trade,s3,prod,103.57
cost-8218,2025-09-28,clearwater-trade,lambda,dev,25.74
cost-8219,2025-09-28,clearwater-trade,lambda,uat,54.97
cost-8220,2025-09-28,clearwater-trade,lambda,prod,176.40
cost-8221,2025-09-28,clearwater-trade,eks,dev,48.86
cost-8222,2025-09-28,clearwater-trade,eks,uat,111.53
cost-8223,2025-09-28,clearwater-trade,eks,prod,342.90
cost-8224,2025-09-28,clearwater-trade,cloudwatch,dev,14.14
cost-8225,2025-09-28,clearwater-trade,cloudwatch,uat,25.28
cost-8226,2025-09-28,clearwater-trade,cloudwatch,prod,105.91
cost-8227,2025-09-28,clearwater-settlement,ec2,dev,79.96
cost-8228,2025-09-28,clearwater-settlement,ec2,uat,135.11
cost-8229,2025-09-28,clearwater-settlement,ec2,prod,559.11
cost-8230,2025-09-28,clearwater-settlement,rds,dev,65.81
cost-8231,2025-09-28,clearwater-settlement,rds,uat,144.69
cost-8232,2025-09-28,clearwater-settlement,rds,prod,533.35
cost-8233,2025-09-28,clearwater-settlement,s3,dev,19.15
cost-8234,2025-09-28,clearwater-settlement,s3,uat,37.72
cost-8235,2025-09-28,clearwater-settlement,s3,prod,126.98
cost-8236,2025-09-28,clearwater-settlement,lambda,dev,25.50
cost-8237,2025-09-28,clearwater-settlement,lambda,uat,53.60
cost-8238,2025-09-28,clearwater-settlement,lambda,prod,177.83
cost-8239,2025-09-28,clearwater-settlement,eks,dev,32.35
cost-8240,2025-09-28,clearwater-settlement,eks,uat,70.36
cost-8241,2025-09-28,clearwater-settlement,eks,prod,245.72
cost-8242,2025-09-28,clearwater-settlement,cloudwatch,dev,12.33
cost-8243,2025-09-28,clearwater-settlement,cloudwatch,uat,21.21
cost-8244,2025-09-28,clearwater-settlement,cloudwatch,prod,90.91
cost-8245,2025-09-28,clearwater-sales,ec2,dev,30.09
cost-8246,2025-09-28,clearwater-sales,ec2,uat,70.91
cost-8247,2025-09-28,clearwater-sales,ec2,prod,189.23
cost-8248,2025-09-28,clearwater-sales,rds,dev,18.29
cost-8249,2025-09-28,clearwater-sales,rds,uat,33.11
cost-8250,2025-09-28,clearwater-sales,rds,prod,116.67
cost-8251,2025-09-28,clearwater-sales,s3,dev,17.18
cost-8252,2025-09-28,clearwater-sales,s3,uat,26.52
cost-8253,2025-09-28,clearwater-sales,s3,prod,114.05
cost-8254,2025-09-28,clearwater-sales,lambda,dev,41.69
cost-8255,2025-09-28,clearwater-sales,lambda,uat,72.15
cost-8256,2025-09-28,clearwater-sales,lambda,prod,258.24
cost-8257,2025-09-28,clearwater-sales,eks,dev,13.37
cost-8258,2025-09-28,clearwater-sales,eks,uat,23.13
cost-8259,2025-09-28,clearwater-sales,eks,prod,97.47
cost-8260,2025-09-28,clearwater-sales,cloudwatch,dev,8.59
cost-8261,2025-09-28,clearwater-sales,cloudwatch,uat,20.58
cost-8262,2025-09-28,clearwater-sales,cloudwatch,prod,68.72
cost-8263,2025-09-28,clearwater-collateral,ec2,dev,15.34
cost-8264,2025-09-28,clearwater-collateral,ec2,uat,29.20
cost-8265,2025-09-28,clearwater-collateral,ec2,prod,96.45
cost-8266,2025-09-28,clearwater-collateral,rds,dev,33.88
cost-8267,2025-09-28,clearwater-collateral,rds,uat,69.99
cost-8268,2025-09-28,clearwater-collateral,rds,prod,204.16
cost-8269,2025-09-28,clearwater-collateral,s3,dev,27.55
cost-8270,2025-09-28,clearwater-collateral,s3,uat,53.64
cost-8271,2025-09-28,clearwater-collateral,s3,prod,218.50
cost-8272,2025-09-28,clearwater-collateral,lambda,dev,7.12
cost-8273,2025-09-28,clearwater-collateral,lambda,uat,16.32
cost-8274,2025-09-28,clearwater-collateral,lambda,prod,52.51
cost-8275,2025-09-28,clearwater-collateral,eks,dev,6.79
cost-8276,2025-09-28,clearwater-collateral,eks,uat,12.35
cost-8277,2025-09-28,clearwater-collateral,eks,prod,43.03
cost-8278,2025-09-28,clearwater-collateral,cloudwatch,dev,5.21
cost-8279,2025-09-28,clearwater-collateral,cloudwatch,uat,8.98
cost-8280,2025-09-28,clearwater-collateral,cloudwatch,prod,35.73
cost-8281,2025-09-29,clearwater-trade,ec2,dev,109.24
cost-8282,2025-09-29,clearwater-trade,ec2,uat,192.61
cost-8283,2025-09-29,clearwater-trade,ec2,prod,704.85
cost-8284,2025-09-29,clearwater-trade,rds,dev,74.49
cost-8285,2025-09-29,clearwater-trade,rds,uat,127.75
cost-8286,2025-09-29,clearwater-trade,rds,prod,438.73
cost-8287,2025-09-29,clearwater-trade,s3,dev,14.80
cost-8288,2025-09-29,clearwater-trade,s3,uat,25.84
cost-8289,2025-09-29,clearwater-trade,s3,prod,109.65
cost-8290,2025-09-29,clearwater-trade,lambda,dev,30.50
cost-8291,2025-09-29,clearwater-trade,lambda,uat,61.89
cost-8292,2025-09-29,clearwater-trade,lambda,prod,188.30
cost-8293,2025-09-29,clearwater-trade,eks,dev,56.59
cost-8294,2025-09-29,clearwater-trade,eks,uat,125.58
cost-8295,2025-09-29,clearwater-trade,eks,prod,394.89
cost-8296,2025-09-29,clearwater-trade,cloudwatch,dev,12.40
cost-8297,2025-09-29,clearwater-trade,cloudwatch,uat,29.80
cost-8298,2025-09-29,clearwater-trade,cloudwatch,prod,96.58
cost-8299,2025-09-29,clearwater-settlement,ec2,dev,70.68
cost-8300,2025-09-29,clearwater-settlement,ec2,uat,143.01
cost-8301,2025-09-29,clearwater-settlement,ec2,prod,569.70
cost-8302,2025-09-29,clearwater-settlement,rds,dev,80.76
cost-8303,2025-09-29,clearwater-settlement,rds,uat,141.45
cost-8304,2025-09-29,clearwater-settlement,rds,prod,523.94
cost-8305,2025-09-29,clearwater-settlement,s3,dev,18.89
cost-8306,2025-09-29,clearwater-settlement,s3,uat,41.53
cost-8307,2025-09-29,clearwater-settlement,s3,prod,129.51
cost-8308,2025-09-29,clearwater-settlement,lambda,dev,24.37
cost-8309,2025-09-29,clearwater-settlement,lambda,uat,53.80
cost-8310,2025-09-29,clearwater-settlement,lambda,prod,219.09
cost-8311,2025-09-29,clearwater-settlement,eks,dev,36.48
cost-8312,2025-09-29,clearwater-settlement,eks,uat,66.22
cost-8313,2025-09-29,clearwater-settlement,eks,prod,211.88
cost-8314,2025-09-29,clearwater-settlement,cloudwatch,dev,13.38
cost-8315,2025-09-29,clearwater-settlement,cloudwatch,uat,23.53
cost-8316,2025-09-29,clearwater-settlement,cloudwatch,prod,76.20
cost-8317,2025-09-29,clearwater-sales,ec2,dev,26.81
cost-8318,2025-09-29,clearwater-sales,ec2,uat,58.88
cost-8319,2025-09-29,clearwater-sales,ec2,prod,199.60
cost-8320,2025-09-29,clearwater-sales,rds,dev,18.28
cost-8321,2025-09-29,clearwater-sales,rds,uat,40.47
cost-8322,2025-09-29,clearwater-sales,rds,prod,112.11
cost-8323,2025-09-29,clearwater-sales,s3,dev,15.06
cost-8324,2025-09-29,clearwater-sales,s3,uat,28.72
cost-8325,2025-09-29,clearwater-sales,s3,prod,105.61
cost-8326,2025-09-29,clearwater-sales,lambda,dev,39.70
cost-8327,2025-09-29,clearwater-sales,lambda,uat,76.74
cost-8328,2025-09-29,clearwater-sales,lambda,prod,261.18
cost-8329,2025-09-29,clearwater-sales,eks,dev,12.00
cost-8330,2025-09-29,clearwater-sales,eks,uat,23.64
cost-8331,2025-09-29,clearwater-sales,eks,prod,75.29
cost-8332,2025-09-29,clearwater-sales,cloudwatch,dev,10.18
cost-8333,2025-09-29,clearwater-sales,cloudwatch,uat,17.50
cost-8334,2025-09-29,clearwater-sales,cloudwatch,prod,76.35
cost-8335,2025-09-29,clearwater-collateral,ec2,dev,11.99
cost-8336,2025-09-29,clearwater-collateral,ec2,uat,24.82
cost-8337,2025-09-29,clearwater-collateral,ec2,prod,92.04
cost-8338,2025-09-29,clearwater-collateral,rds,dev,28.19
cost-8339,2025-09-29,clearwater-collateral,rds,uat,64.59
cost-8340,2025-09-29,clearwater-collateral,rds,prod,203.20
cost-8341,2025-09-29,clearwater-collateral,s3,dev,26.55
cost-8342,2025-09-29,clearwater-collateral,s3,uat,60.56
cost-8343,2025-09-29,clearwater-collateral,s3,prod,177.35
cost-8344,2025-09-29,clearwater-collateral,lambda,dev,6.37
cost-8345,2025-09-29,clearwater-collateral,lambda,uat,13.72
cost-8346,2025-09-29,clearwater-collateral,lambda,prod,46.12
cost-8347,2025-09-29,clearwater-collateral,eks,dev,7.35
cost-8348,2025-09-29,clearwater-collateral,eks,uat,13.92
cost-8349,2025-09-29,clearwater-collateral,eks,prod,41.50
cost-8350,2025-09-29,clearwater-collateral,cloudwatch,dev,4.97
cost-8351,2025-09-29,clearwater-collateral,cloudwatch,uat,10.31
cost-8352,2025-09-29,clearwater-collateral,cloudwatch,prod,29.27
cost-8353,2025-09-30,clearwater-trade,ec2,dev,97.40
cost-8354,2025-09-30,clearwater-trade,ec2,uat,206.15
cost-8355,2025-09-30,clearwater-trade,ec2,prod,654.09
cost-8356,2025-09-30,clearwater-trade,rds,dev,59.95
cost-8357,2025-09-30,clearwater-trade,rds,uat,119.86
cost-8358,2025-09-30,clearwater-trade,rds,prod,497.22
cost-8359,2025-09-30,clearwater-trade,s3,dev,12.01
cost-8360,2025-09-30,clearwater-trade,s3,uat,26.65
cost-8361,2025-09-30,clearwater-trade,s3,prod,102.58
cost-8362,2025-09-30,clearwater-trade,lambda,dev,30.59
cost-8363,2025-09-30,clearwater-trade,lambda,uat,57.10
cost-8364,2025-09-30,clearwater-trade,lambda,prod,197.05
cost-8365,2025-09-30,clearwater-trade,eks,dev,56.24
cost-8366,2025-09-30,clearwater-trade,eks,uat,97.50
cost-8367,2025-09-30,clearwater-trade,eks,prod,379.18
cost-8368,2025-09-30,clearwater-trade,cloudwatch,dev,12.85
cost-8369,2025-09-30,clearwater-trade,cloudwatch,uat,28.81
cost-8370,2025-09-30,clearwater-trade,cloudwatch,prod,84.93
cost-8371,2025-09-30,clearwater-settlement,ec2,dev,73.78
cost-8372,2025-09-30,clearwater-settlement,ec2,uat,159.96
cost-8373,2025-09-30,clearwater-settlement,ec2,prod,423.15
cost-8374,2025-09-30,clearwater-settlement,rds,dev,79.19
cost-8375,2025-09-30,clearwater-settlement,rds,uat,121.31
cost-8376,2025-09-30,clearwater-settlement,rds,prod,435.28
cost-8377,2025-09-30,clearwater-settlement,s3,dev,17.61
cost-8378,2025-09-30,clearwater-settlement,s3,uat,41.07
cost-8379,2025-09-30,clearwater-settlement,s3,prod,136.87
cost-8380,2025-09-30,clearwater-settlement,lambda,dev,26.76
cost-8381,2025-09-30,clearwater-settlement,lambda,uat,59.81
cost-8382,2025-09-30,clearwater-settlement,lambda,prod,197.51
cost-8383,2025-09-30,clearwater-settlement,eks,dev,35.63
cost-8384,2025-09-30,clearwater-settlement,eks,uat,73.76
cost-8385,2025-09-30,clearwater-settlement,eks,prod,216.30
cost-8386,2025-09-30,clearwater-settlement,cloudwatch,dev,10.76
cost-8387,2025-09-30,clearwater-settlement,cloudwatch,uat,23.76
cost-8388,2025-09-30,clearwater-settlement,cloudwatch,prod,86.41
cost-8389,2025-09-30,clearwater-sales,ec2,dev,28.81
cost-8390,2025-09-30,clearwater-sales,ec2,uat,63.02
cost-8391,2025-09-30,clearwater-sales,ec2,prod,249.27
cost-8392,2025-09-30,clearwater-sales,rds,dev,21.38
cost-8393,2025-09-30,clearwater-sales,rds,uat,34.44
cost-8394,2025-09-30,clearwater-sales,rds,prod,129.04
cost-8395,2025-09-30,clearwater-sales,s3,dev,13.19
cost-8396,2025-09-30,clearwater-sales,s3,uat,28.23
cost-8397,2025-09-30,clearwater-sales,s3,prod,106.61
cost-8398,2025-09-30,clearwater-sales,lambda,dev,36.43
cost-8399,2025-09-30,clearwater-sales,lambda,uat,77.62
cost-8400,2025-09-30,clearwater-sales,lambda,prod,235.84
cost-8401,2025-09-30,clearwater-sales,eks,dev,11.35
cost-8402,2025-09-30,clearwater-sales,eks,uat,22.59
cost-8403,2025-09-30,clearwater-sales,eks,prod,84.56
cost-8404,2025-09-30,clearwater-sales,cloudwatch,dev,10.07
cost-8405,2025-09-30,clearwater-sales,cloudwatch,uat,21.34
cost-8406,2025-09-30,clearwater-sales,cloudwatch,prod,68.11
cost-8407,2025-09-30,clearwater-collateral,ec2,dev,14.08
cost-8408,2025-09-30,clearwater-collateral,ec2,uat,28.82
cost-8409,2025-09-30,clearwater-collateral,ec2,prod,99.10
cost-8410,2025-09-30,clearwater-collateral,rds,dev,34.85
cost-8411,2025-09-30,clearwater-collateral,rds,uat,67.94
cost-8412,2025-09-30,clearwater-collateral,rds,prod,195.16
cost-8413,2025-09-30,clearwater-collateral,s3,dev,25.93
cost-8414,2025-09-30,clearwater-collateral,s3,uat,55.98
cost-8415,2025-09-30,clearwater-collateral,s3,prod,220.85
cost-8416,2025-09-30,clearwater-collateral,lambda,dev,6.34
cost-8417,2025-09-30,clearwater-collateral,lambda,uat,13.80
cost-8418,2025-09-30,clearwater-collateral,lambda,prod,59.06
cost-8419,2025-09-30,clearwater-collateral,eks,dev,7.10
cost-8420,2025-09-30,clearwater-collateral,eks,uat,14.70
cost-8421,2025-09-30,clearwater-collateral,eks,prod,46.63
cost-8422,2025-09-30,clearwater-collateral,cloudwatch,dev,4.23
cost-8423,2025-09-30,clearwater-collateral,cloudwatch,uat,8.79
cost-8424,2025-09-30,clearwater-collateral,cloudwatch,prod,29.24
cost-8425,2025-10-01,clearwater-trade,ec2,dev,103.28
cost-8426,2025-10-01,clearwater-trade,ec2,uat,210.63
cost-8427,2025-10-01,clearwater-trade,ec2,prod,783.31
cost-8428,2025-10-01,clearwater-trade,rds,dev,71.41
cost-8429,2025-10-01,clearwater-trade,rds,uat,156.07
cost-8430,2025-10-01,clearwater-trade,rds,prod,493.57
cost-8431,2025-10-01,clearwater-trade,s3,dev,12.77
cost-8432,2025-10-01,clearwater-trade,s3,uat,25.96
cost-8433,2025-10-01,clearwater-trade,s3,prod,101.07
cost-8434,2025-10-01,clearwater-trade,lambda,dev,30.92
cost-8435,2025-10-01,clearwater-trade,lambda,uat,60.18
cost-8436,2025-10-01,clearwater-trade,lambda,prod,181.17
cost-8437,2025-10-01,clearwater-trade,eks,dev,60.86
cost-8438,2025-10-01,clearwater-trade,eks,uat,105.99
cost-8439,2025-10-01,clearwater-trade,eks,prod,382.05
cost-8440,2025-10-01,clearwater-trade,cloudwatch,dev,13.16
cost-8441,2025-10-01,clearwater-trade,cloudwatch,uat,31.79
cost-8442,2025-10-01,clearwater-trade,cloudwatch,prod,97.59
cost-8443,2025-10-01,clearwater-settlement,ec2,dev,79.45
cost-8444,2025-10-01,clearwater-settlement,ec2,uat,147.90
cost-8445,2025-10-01,clearwater-settlement,ec2,prod,471.69
cost-8446,2025-10-01,clearwater-settlement,rds,dev,62.56
cost-8447,2025-10-01,clearwater-settlement,rds,uat,158.06
cost-8448,2025-10-01,clearwater-settlement,rds,prod,443.65
cost-8449,2025-10-01,clearwater-settlement,s3,dev,17.83
cost-8450,2025-10-01,clearwater-settlement,s3,uat,41.02
cost-8451,2025-10-01,clearwater-settlement,s3,prod,132.44
cost-8452,2025-10-01,clearwater-settlement,lambda,dev,33.43
cost-8453,2025-10-01,clearwater-settlement,lambda,uat,55.51
cost-8454,2025-10-01,clearwater-settlement,lambda,prod,176.37
cost-8455,2025-10-01,clearwater-settlement,eks,dev,35.03
cost-8456,2025-10-01,clearwater-settlement,eks,uat,69.83
cost-8457,2025-10-01,clearwater-settlement,eks,prod,291.08
cost-8458,2025-10-01,clearwater-settlement,cloudwatch,dev,10.64
cost-8459,2025-10-01,clearwater-settlement,cloudwatch,uat,25.14
cost-8460,2025-10-01,clearwater-settlement,cloudwatch,prod,76.02
cost-8461,2025-10-01,clearwater-sales,ec2,dev,30.01
cost-8462,2025-10-01,clearwater-sales,ec2,uat,61.38
cost-8463,2025-10-01,clearwater-sales,ec2,prod,256.30
cost-8464,2025-10-01,clearwater-sales,rds,dev,18.04
cost-8465,2025-10-01,clearwater-sales,rds,uat,32.66
cost-8466,2025-10-01,clearwater-sales,rds,prod,149.31
cost-8467,2025-10-01,clearwater-sales,s3,dev,17.54
cost-8468,2025-10-01,clearwater-sales,s3,uat,28.69
cost-8469,2025-10-01,clearwater-sales,s3,prod,95.69
cost-8470,2025-10-01,clearwater-sales,lambda,dev,39.35
cost-8471,2025-10-01,clearwater-sales,lambda,uat,67.76
cost-8472,2025-10-01,clearwater-sales,lambda,prod,238.91
cost-8473,2025-10-01,clearwater-sales,eks,dev,13.23
cost-8474,2025-10-01,clearwater-sales,eks,uat,23.48
cost-8475,2025-10-01,clearwater-sales,eks,prod,100.96
cost-8476,2025-10-01,clearwater-sales,cloudwatch,dev,11.22
cost-8477,2025-10-01,clearwater-sales,cloudwatch,uat,21.86
cost-8478,2025-10-01,clearwater-sales,cloudwatch,prod,67.50
cost-8479,2025-10-01,clearwater-collateral,ec2,dev,15.91
cost-8480,2025-10-01,clearwater-collateral,ec2,uat,24.82
cost-8481,2025-10-01,clearwater-collateral,ec2,prod,86.34
cost-8482,2025-10-01,clearwater-collateral,rds,dev,31.64
cost-8483,2025-10-01,clearwater-collateral,rds,uat,66.40
cost-8484,2025-10-01,clearwater-collateral,rds,prod,204.55
cost-8485,2025-10-01,clearwater-collateral,s3,dev,31.58
cost-8486,2025-10-01,clearwater-collateral,s3,uat,54.45
cost-8487,2025-10-01,clearwater-collateral,s3,prod,180.68
cost-8488,2025-10-01,clearwater-collateral,lambda,dev,8.28
cost-8489,2025-10-01,clearwater-collateral,lambda,uat,15.73
cost-8490,2025-10-01,clearwater-collateral,lambda,prod,59.06
cost-8491,2025-10-01,clearwater-collateral,eks,dev,6.85
cost-8492,2025-10-01,clearwater-collateral,eks,uat,12.67
cost-8493,2025-10-01,clearwater-collateral,eks,prod,47.51
cost-8494,2025-10-01,clearwater-collateral,cloudwatch,dev,4.23
cost-8495,2025-10-01,clearwater-collateral,cloudwatch,uat,9.32
cost-8496,2025-10-01,clearwater-collateral,cloudwatch,prod,36.77
cost-8497,2025-10-02,clearwater-trade,ec2,dev,93.15
cost-8498,2025-10-02,clearwater-trade,ec2,uat,223.96
cost-8499,2025-10-02,clearwater-trade,ec2,prod,717.53
cost-8500,2025-10-02,clearwater-trade,rds,dev,61.39
cost-8501,2025-10-02,clearwater-trade,rds,uat,154.27
cost-8502,2025-10-02,clearwater-trade,rds,prod,442.49
cost-8503,2025-10-02,clearwater-trade,s3,dev,12.00
cost-8504,2025-10-02,clearwater-trade,s3,uat,28.56
cost-8505,2025-10-02,clearwater-trade,s3,prod,94.20
cost-8506,2025-10-02,clearwater-trade,lambda,dev,30.75
cost-8507,2025-10-02,clearwater-trade,lambda,uat,61.85
cost-8508,2025-10-02,clearwater-trade,lambda,prod,211.32
cost-8509,2025-10-02,clearwater-trade,eks,dev,55.88
cost-8510,2025-10-02,clearwater-trade,eks,uat,122.13
cost-8511,2025-10-02,clearwater-trade,eks,prod,401.41
cost-8512,2025-10-02,clearwater-trade,cloudwatch,dev,15.04
cost-8513,2025-10-02,clearwater-trade,cloudwatch,uat,26.55
cost-8514,2025-10-02,clearwater-trade,cloudwatch,prod,99.92
cost-8515,2025-10-02,clearwater-settlement,ec2,dev,80.82
cost-8516,2025-10-02,clearwater-settlement,ec2,uat,132.52
cost-8517,2025-10-02,clearwater-settlement,ec2,prod,462.88
cost-8518,2025-10-02,clearwater-settlement,rds,dev,76.00
cost-8519,2025-10-02,clearwater-settlement,rds,uat,157.52
cost-8520,2025-10-02,clearwater-settlement,rds,prod,583.43
cost-8521,2025-10-02,clearwater-settlement,s3,dev,17.04
cost-8522,2025-10-02,clearwater-settlement,s3,uat,40.17
cost-8523,2025-10-02,clearwater-settlement,s3,prod,147.25
cost-8524,2025-10-02,clearwater-settlement,lambda,dev,29.19
cost-8525,2025-10-02,clearwater-settlement,lambda,uat,64.30
cost-8526,2025-10-02,clearwater-settlement,lambda,prod,225.59
cost-8527,2025-10-02,clearwater-settlement,eks,dev,34.31
cost-8528,2025-10-02,clearwater-settlement,eks,uat,80.14
cost-8529,2025-10-02,clearwater-settlement,eks,prod,254.23
cost-8530,2025-10-02,clearwater-settlement,cloudwatch,dev,13.59
cost-8531,2025-10-02,clearwater-settlement,cloudwatch,uat,27.65
cost-8532,2025-10-02,clearwater-settlement,cloudwatch,prod,85.59
cost-8533,2025-10-02,clearwater-sales,ec2,dev,27.51
cost-8534,2025-10-02,clearwater-sales,ec2,uat,60.55
cost-8535,2025-10-02,clearwater-sales,ec2,prod,202.33
cost-8536,2025-10-02,clearwater-sales,rds,dev,20.64
cost-8537,2025-10-02,clearwater-sales,rds,uat,37.61
cost-8538,2025-10-02,clearwater-sales,rds,prod,130.35
cost-8539,2025-10-02,clearwater-sales,s3,dev,14.57
cost-8540,2025-10-02,clearwater-sales,s3,uat,31.24
cost-8541,2025-10-02,clearwater-sales,s3,prod,119.15
cost-8542,2025-10-02,clearwater-sales,lambda,dev,36.43
cost-8543,2025-10-02,clearwater-sales,lambda,uat,71.07
cost-8544,2025-10-02,clearwater-sales,lambda,prod,262.01
cost-8545,2025-10-02,clearwater-sales,eks,dev,12.59
cost-8546,2025-10-02,clearwater-sales,eks,uat,26.56
cost-8547,2025-10-02,clearwater-sales,eks,prod,98.93
cost-8548,2025-10-02,clearwater-sales,cloudwatch,dev,8.86
cost-8549,2025-10-02,clearwater-sales,cloudwatch,uat,21.60
cost-8550,2025-10-02,clearwater-sales,cloudwatch,prod,75.80
cost-8551,2025-10-02,clearwater-collateral,ec2,dev,15.55
cost-8552,2025-10-02,clearwater-collateral,ec2,uat,27.33
cost-8553,2025-10-02,clearwater-collateral,ec2,prod,104.47
cost-8554,2025-10-02,clearwater-collateral,rds,dev,34.40
cost-8555,2025-10-02,clearwater-collateral,rds,uat,68.23
cost-8556,2025-10-02,clearwater-collateral,rds,prod,231.99
cost-8557,2025-10-02,clearwater-collateral,s3,dev,26.62
cost-8558,2025-10-02,clearwater-collateral,s3,uat,57.40
cost-8559,2025-10-02,clearwater-collateral,s3,prod,188.91
cost-8560,2025-10-02,clearwater-collateral,lambda,dev,6.91
cost-8561,2025-10-02,clearwater-collateral,lambda,uat,15.98
cost-8562,2025-10-02,clearwater-collateral,lambda,prod,47.00
cost-8563,2025-10-02,clearwater-collateral,eks,dev,5.94
cost-8564,2025-10-02,clearwater-collateral,eks,uat,12.53
cost-8565,2025-10-02,clearwater-collateral,eks,prod,52.47
cost-8566,2025-10-02,clearwater-collateral,cloudwatch,dev,4.90
cost-8567,2025-10-02,clearwater-collateral,cloudwatch,uat,8.88
cost-8568,2025-10-02,clearwater-collateral,cloudwatch,prod,32.77
cost-8569,2025-10-03,clearwater-trade,ec2,dev,102.30
cost-8570,2025-10-03,clearwater-trade,ec2,uat,217.15
cost-8571,2025-10-03,clearwater-trade,ec2,prod,602.43
cost-8572,2025-10-03,clearwater-trade,rds,dev,77.40
cost-8573,2025-10-03,clearwater-trade,rds,uat,143.88
cost-8574,2025-10-03,clearwater-trade,rds,prod,543.90
cost-8575,2025-10-03,clearwater-trade,s3,dev,16.08
cost-8576,2025-10-03,clearwater-trade,s3,uat,27.37
cost-8577,2025-10-03,clearwater-trade,s3,prod,88.90
cost-8578,2025-10-03,clearwater-trade,lambda,dev,24.40
cost-8579,2025-10-03,clearwater-trade,lambda,uat,58.81
cost-8580,2025-10-03,clearwater-trade,lambda,prod,175.69
cost-8581,2025-10-03,clearwater-trade,eks,dev,52.67
cost-8582,2025-10-03,clearwater-trade,eks,uat,108.24
cost-8583,2025-10-03,clearwater-trade,eks,prod,369.15
cost-8584,2025-10-03,clearwater-trade,cloudwatch,dev,12.87
cost-8585,2025-10-03,clearwater-trade,cloudwatch,uat,27.74
cost-8586,2025-10-03,clearwater-trade,cloudwatch,prod,90.01
cost-8587,2025-10-03,clearwater-settlement,ec2,dev,80.43
cost-8588,2025-10-03,clearwater-settlement,ec2,uat,154.26
cost-8589,2025-10-03,clearwater-settlement,ec2,prod,522.98
cost-8590,2025-10-03,clearwater-settlement,rds,dev,67.86
cost-8591,2025-10-03,clearwater-settlement,rds,uat,147.35
cost-8592,2025-10-03,clearwater-settlement,rds,prod,499.31
cost-8593,2025-10-03,clearwater-settlement,s3,dev,17.47
cost-8594,2025-10-03,clearwater-settlement,s3,uat,33.24
cost-8595,2025-10-03,clearwater-settlement,s3,prod,149.96
cost-8596,2025-10-03,clearwater-settlement,lambda,dev,32.26
cost-8597,2025-10-03,clearwater-settlement,lambda,uat,49.74
cost-8598,2025-10-03,clearwater-settlement,lambda,prod,174.82
cost-8599,2025-10-03,clearwater-settlement,eks,dev,37.50
cost-8600,2025-10-03,clearwater-settlement,eks,uat,79.76
cost-8601,2025-10-03,clearwater-settlement,eks,prod,246.11
cost-8602,2025-10-03,clearwater-settlement,cloudwatch,dev,11.58
cost-8603,2025-10-03,clearwater-settlement,cloudwatch,uat,26.98
cost-8604,2025-10-03,clearwater-settlement,cloudwatch,prod,90.41
cost-8605,2025-10-03,clearwater-sales,ec2,dev,28.38
cost-8606,2025-10-03,clearwater-sales,ec2,uat,71.55
cost-8607,2025-10-03,clearwater-sales,ec2,prod,231.14
cost-8608,2025-10-03,clearwater-sales,rds,dev,19.78
cost-8609,2025-10-03,clearwater-sales,rds,uat,41.89
cost-8610,2025-10-03,clearwater-sales,rds,prod,115.26
cost-8611,2025-10-03,clearwater-sales,s3,dev,15.28
cost-8612,2025-10-03,clearwater-sales,s3,uat,32.02
cost-8613,2025-10-03,clearwater-sales,s3,prod,97.93
cost-8614,2025-10-03,clearwater-sales,lambda,dev,42.54
cost-8615,2025-10-03,clearwater-sales,lambda,uat,71.79
cost-8616,2025-10-03,clearwater-sales,lambda,prod,241.37
cost-8617,2025-10-03,clearwater-sales,eks,dev,12.55
cost-8618,2025-10-03,clearwater-sales,eks,uat,29.29
cost-8619,2025-10-03,clearwater-sales,eks,prod,96.84
cost-8620,2025-10-03,clearwater-sales,cloudwatch,dev,10.58
cost-8621,2025-10-03,clearwater-sales,cloudwatch,uat,19.70
cost-8622,2025-10-03,clearwater-sales,cloudwatch,prod,79.69
cost-8623,2025-10-03,clearwater-collateral,ec2,dev,12.02
cost-8624,2025-10-03,clearwater-collateral,ec2,uat,29.04
cost-8625,2025-10-03,clearwater-collateral,ec2,prod,98.31
cost-8626,2025-10-03,clearwater-collateral,rds,dev,34.54
cost-8627,2025-10-03,clearwater-collateral,rds,uat,69.04
cost-8628,2025-10-03,clearwater-collateral,rds,prod,213.19
cost-8629,2025-10-03,clearwater-collateral,s3,dev,26.15
cost-8630,2025-10-03,clearwater-collateral,s3,uat,50.79
cost-8631,2025-10-03,clearwater-collateral,s3,prod,193.39
cost-8632,2025-10-03,clearwater-collateral,lambda,dev,6.75
cost-8633,2025-10-03,clearwater-collateral,lambda,uat,13.96
cost-8634,2025-10-03,clearwater-collateral,lambda,prod,53.47
cost-8635,2025-10-03,clearwater-collateral,eks,dev,7.33
cost-8636,2025-10-03,clearwater-collateral,eks,uat,12.71
cost-8637,2025-10-03,clearwater-collateral,eks,prod,43.43
cost-8638,2025-10-03,clearwater-collateral,cloudwatch,dev,5.01
cost-8639,2025-10-03,clearwater-collateral,cloudwatch,uat,8.00
cost-8640,2025-10-03,clearwater-collateral,cloudwatch,prod,28.54
cost-8641,2025-10-04,clearwater-trade,ec2,dev,111.55
cost-8642,2025-10-04,clearwater-trade,ec2,uat,198.30
cost-8643,2025-10-04,clearwater-trade,ec2,prod,771.87
cost-8644,2025-10-04,clearwater-trade,rds,dev,67.99
cost-8645,2025-10-04,clearwater-trade,rds,uat,121.03
cost-8646,2025-10-04,clearwater-trade,rds,prod,529.47
cost-8647,2025-10-04,clearwater-trade,s3,dev,14.33
cost-8648,2025-10-04,clearwater-trade,s3,uat,27.94
cost-8649,2025-10-04,clearwater-trade,s3,prod,103.06
cost-8650,2025-10-04,clearwater-trade,lambda,dev,26.79
cost-8651,2025-10-04,clearwater-trade,lambda,uat,50.43
cost-8652,2025-10-04,clearwater-trade,lambda,prod,220.41
cost-8653,2025-10-04,clearwater-trade,eks,dev,48.40
cost-8654,2025-10-04,clearwater-trade,eks,uat,123.87
cost-8655,2025-10-04,clearwater-trade,eks,prod,363.53
cost-8656,2025-10-04,clearwater-trade,cloudwatch,dev,14.07
cost-8657,2025-10-04,clearwater-trade,cloudwatch,uat,24.47
cost-8658,2025-10-04,clearwater-trade,cloudwatch,prod,107.12
cost-8659,2025-10-04,clearwater-settlement,ec2,dev,72.63
cost-8660,2025-10-04,clearwater-settlement,ec2,uat,164.90
cost-8661,2025-10-04,clearwater-settlement,ec2,prod,487.16
cost-8662,2025-10-04,clearwater-settlement,rds,dev,73.46
cost-8663,2025-10-04,clearwater-settlement,rds,uat,128.00
cost-8664,2025-10-04,clearwater-settlement,rds,prod,549.77
cost-8665,2025-10-04,clearwater-settlement,s3,dev,19.50
cost-8666,2025-10-04,clearwater-settlement,s3,uat,41.34
cost-8667,2025-10-04,clearwater-settlement,s3,prod,119.49
cost-8668,2025-10-04,clearwater-settlement,lambda,dev,33.04
cost-8669,2025-10-04,clearwater-settlement,lambda,uat,57.92
cost-8670,2025-10-04,clearwater-settlement,lambda,prod,189.48
cost-8671,2025-10-04,clearwater-settlement,eks,dev,35.46
cost-8672,2025-10-04,clearwater-settlement,eks,uat,80.21
cost-8673,2025-10-04,clearwater-settlement,eks,prod,255.45
cost-8674,2025-10-04,clearwater-settlement,cloudwatch,dev,12.05
cost-8675,2025-10-04,clearwater-settlement,cloudwatch,uat,27.71
cost-8676,2025-10-04,clearwater-settlement,cloudwatch,prod,97.38
cost-8677,2025-10-04,clearwater-sales,ec2,dev,32.43
cost-8678,2025-10-04,clearwater-sales,ec2,uat,62.67
cost-8679,2025-10-04,clearwater-sales,ec2,prod,252.23
cost-8680,2025-10-04,clearwater-sales,rds,dev,18.16
cost-8681,2025-10-04,clearwater-sales,rds,uat,38.95
cost-8682,2025-10-04,clearwater-sales,rds,prod,133.45
cost-8683,2025-10-04,clearwater-sales,s3,dev,16.25
cost-8684,2025-10-04,clearwater-sales,s3,uat,26.19
cost-8685,2025-10-04,clearwater-sales,s3,prod,120.65
cost-8686,2025-10-04,clearwater-sales,lambda,dev,38.76
cost-8687,2025-10-04,clearwater-sales,lambda,uat,72.69
cost-8688,2025-10-04,clearwater-sales,lambda,prod,239.40
cost-8689,2025-10-04,clearwater-sales,eks,dev,11.22
cost-8690,2025-10-04,clearwater-sales,eks,uat,26.53
cost-8691,2025-10-04,clearwater-sales,eks,prod,80.05
cost-8692,2025-10-04,clearwater-sales,cloudwatch,dev,10.62
cost-8693,2025-10-04,clearwater-sales,cloudwatch,uat,22.36
cost-8694,2025-10-04,clearwater-sales,cloudwatch,prod,62.96
cost-8695,2025-10-04,clearwater-collateral,ec2,dev,14.49
cost-8696,2025-10-04,clearwater-collateral,ec2,uat,31.86
cost-8697,2025-10-04,clearwater-collateral,ec2,prod,95.02
cost-8698,2025-10-04,clearwater-collateral,rds,dev,33.81
cost-8699,2025-10-04,clearwater-collateral,rds,uat,59.70
cost-8700,2025-10-04,clearwater-collateral,rds,prod,212.09
cost-8701,2025-10-04,clearwater-collateral,s3,dev,29.75
cost-8702,2025-10-04,clearwater-collateral,s3,uat,63.09
cost-8703,2025-10-04,clearwater-collateral,s3,prod,193.81
cost-8704,2025-10-04,clearwater-collateral,lambda,dev,7.03
cost-8705,2025-10-04,clearwater-collateral,lambda,uat,14.49
cost-8706,2025-10-04,clearwater-collateral,lambda,prod,56.82
cost-8707,2025-10-04,clearwater-collateral,eks,dev,5.79
cost-8708,2025-10-04,clearwater-collateral,eks,uat,14.17
cost-8709,2025-10-04,clearwater-collateral,eks,prod,49.73
cost-8710,2025-10-04,clearwater-collateral,cloudwatch,dev,4.84
cost-8711,2025-10-04,clearwater-collateral,cloudwatch,uat,9.58
cost-8712,2025-10-04,clearwater-collateral,cloudwatch,prod,34.75
cost-8713,2025-10-05,clearwater-trade,ec2,dev,105.15
cost-8714,2025-10-05,clearwater-trade,ec2,uat,190.13
cost-8715,2025-10-05,clearwater-trade,ec2,prod,647.65
cost-8716,2025-10-05,clearwater-trade,rds,dev,64.08
cost-8717,2025-10-05,clearwater-trade,rds,uat,152.84
cost-8718,2025-10-05,clearwater-trade,rds,prod,546.22
cost-8719,2025-10-05,clearwater-trade,s3,dev,16.05
cost-8720,2025-10-05,clearwater-trade,s3,uat,29.34
cost-8721,2025-10-05,clearwater-trade,s3,prod,108.57
cost-8722,2025-10-05,clearwater-trade,lambda,dev,25.10
cost-8723,2025-10-05,clearwater-trade,lambda,uat,53.94
cost-8724,2025-10-05,clearwater-trade,lambda,prod,204.43
cost-8725,2025-10-05,clearwater-trade,eks,dev,62.10
cost-8726,2025-10-05,clearwater-trade,eks,uat,101.78
cost-8727,2025-10-05,clearwater-trade,eks,prod,442.02
cost-8728,2025-10-05,clearwater-trade,cloudwatch,dev,14.03
cost-8729,2025-10-05,clearwater-trade,cloudwatch,uat,30.50
cost-8730,2025-10-05,clearwater-trade,cloudwatch,prod,87.13
cost-8731,2025-10-05,clearwater-settlement,ec2,dev,71.58
cost-8732,2025-10-05,clearwater-settlement,ec2,uat,143.17
cost-8733,2025-10-05,clearwater-settlement,ec2,prod,566.26
cost-8734,2025-10-05,clearwater-settlement,rds,dev,66.12
cost-8735,2025-10-05,clearwater-settlement,rds,uat,127.19
cost-8736,2025-10-05,clearwater-settlement,rds,prod,439.53
cost-8737,2025-10-05,clearwater-settlement,s3,dev,20.04
cost-8738,2025-10-05,clearwater-settlement,s3,uat,41.69
cost-8739,2025-10-05,clearwater-settlement,s3,prod,154.34
cost-8740,2025-10-05,clearwater-settlement,lambda,dev,26.39
cost-8741,2025-10-05,clearwater-settlement,lambda,uat,53.53
cost-8742,2025-10-05,clearwater-settlement,lambda,prod,175.61
cost-8743,2025-10-05,clearwater-settlement,eks,dev,31.10
cost-8744,2025-10-05,clearwater-settlement,eks,uat,63.77
cost-8745,2025-10-05,clearwater-settlement,eks,prod,236.51
cost-8746,2025-10-05,clearwater-settlement,cloudwatch,dev,12.15
cost-8747,2025-10-05,clearwater-settlement,cloudwatch,uat,21.34
cost-8748,2025-10-05,clearwater-settlement,cloudwatch,prod,81.50
cost-8749,2025-10-05,clearwater-sales,ec2,dev,27.29
cost-8750,2025-10-05,clearwater-sales,ec2,uat,73.23
cost-8751,2025-10-05,clearwater-sales,ec2,prod,246.70
cost-8752,2025-10-05,clearwater-sales,rds,dev,19.84
cost-8753,2025-10-05,clearwater-sales,rds,uat,40.41
cost-8754,2025-10-05,clearwater-sales,rds,prod,119.28
cost-8755,2025-10-05,clearwater-sales,s3,dev,13.41
cost-8756,2025-10-05,clearwater-sales,s3,uat,25.98
cost-8757,2025-10-05,clearwater-sales,s3,prod,102.94
cost-8758,2025-10-05,clearwater-sales,lambda,dev,39.11
cost-8759,2025-10-05,clearwater-sales,lambda,uat,86.03
cost-8760,2025-10-05,clearwater-sales,lambda,prod,306.69
cost-8761,2025-10-05,clearwater-sales,eks,dev,13.21
cost-8762,2025-10-05,clearwater-sales,eks,uat,24.91
cost-8763,2025-10-05,clearwater-sales,eks,prod,78.80
cost-8764,2025-10-05,clearwater-sales,cloudwatch,dev,11.15
cost-8765,2025-10-05,clearwater-sales,cloudwatch,uat,18.58
cost-8766,2025-10-05,clearwater-sales,cloudwatch,prod,67.41
cost-8767,2025-10-05,clearwater-collateral,ec2,dev,13.34
cost-8768,2025-10-05,clearwater-collateral,ec2,uat,25.70
cost-8769,2025-10-05,clearwater-collateral,ec2,prod,99.48
cost-8770,2025-10-05,clearwater-collateral,rds,dev,32.92
cost-8771,2025-10-05,clearwater-collateral,rds,uat,61.96
cost-8772,2025-10-05,clearwater-collateral,rds,prod,240.85
cost-8773,2025-10-05,clearwater-collateral,s3,dev,28.15
cost-8774,2025-10-05,clearwater-collateral,s3,uat,53.61
cost-8775,2025-10-05,clearwater-collateral,s3,prod,207.21
cost-8776,2025-10-05,clearwater-collateral,lambda,dev,7.73
cost-8777,2025-10-05,clearwater-collateral,lambda,uat,14.84
cost-8778,2025-10-05,clearwater-collateral,lambda,prod,51.57
cost-8779,2025-10-05,clearwater-collateral,eks,dev,6.82
cost-8780,2025-10-05,clearwater-collateral,eks,uat,14.57
cost-8781,2025-10-05,clearwater-collateral,eks,prod,39.88
cost-8782,2025-10-05,clearwater-collateral,cloudwatch,dev,5.01
cost-8783,2025-10-05,clearwater-collateral,cloudwatch,uat,9.31
cost-8784,2025-10-05,clearwater-collateral,cloudwatch,prod,30.88
cost-8785,2025-10-06,clearwater-trade,ec2,dev,98.72
cost-8786,2025-10-06,clearwater-trade,ec2,uat,187.50
cost-8787,2025-10-06,clearwater-trade,ec2,prod,679.92
cost-8788,2025-10-06,clearwater-trade,rds,dev,63.09
cost-8789,2025-10-06,clearwater-trade,rds,uat,127.09
cost-8790,2025-10-06,clearwater-trade,rds,prod,560.56
cost-8791,2025-10-06,clearwater-trade,s3,dev,12.68
cost-8792,2025-10-06,clearwater-trade,s3,uat,26.09
cost-8793,2025-10-06,clearwater-trade,s3,prod,91.08
cost-8794,2025-10-06,clearwater-trade,lambda,dev,27.85
cost-8795,2025-10-06,clearwater-trade,lambda,uat,47.88
cost-8796,2025-10-06,clearwater-trade,lambda,prod,202.29
cost-8797,2025-10-06,clearwater-trade,eks,dev,53.09
cost-8798,2025-10-06,clearwater-trade,eks,uat,100.64
cost-8799,2025-10-06,clearwater-trade,eks,prod,346.96
cost-8800,2025-10-06,clearwater-trade,cloudwatch,dev,14.24
cost-8801,2025-10-06,clearwater-trade,cloudwatch,uat,24.00
cost-8802,2025-10-06,clearwater-trade,cloudwatch,prod,106.73
cost-8803,2025-10-06,clearwater-settlement,ec2,dev,68.84
cost-8804,2025-10-06,clearwater-settlement,ec2,uat,130.49
cost-8805,2025-10-06,clearwater-settlement,ec2,prod,438.10
cost-8806,2025-10-06,clearwater-settlement,rds,dev,73.95
cost-8807,2025-10-06,clearwater-settlement,rds,uat,155.56
cost-8808,2025-10-06,clearwater-settlement,rds,prod,534.68
cost-8809,2025-10-06,clearwater-settlement,s3,dev,18.40
cost-8810,2025-10-06,clearwater-settlement,s3,uat,40.54
cost-8811,2025-10-06,clearwater-settlement,s3,prod,149.12
cost-8812,2025-10-06,clearwater-settlement,lambda,dev,32.02
cost-8813,2025-10-06,clearwater-settlement,lambda,uat,65.69
cost-8814,2025-10-06,clearwater-settlement,lambda,prod,233.22
cost-8815,2025-10-06,clearwater-settlement,eks,dev,32.91
cost-8816,2025-10-06,clearwater-settlement,eks,uat,77.68
cost-8817,2025-10-06,clearwater-settlement,eks,prod,236.64
cost-8818,2025-10-06,clearwater-settlement,cloudwatch,dev,12.54
cost-8819,2025-10-06,clearwater-settlement,cloudwatch,uat,27.18
cost-8820,2025-10-06,clearwater-settlement,cloudwatch,prod,78.13
cost-8821,2025-10-06,clearwater-sales,ec2,dev,30.71
cost-8822,2025-10-06,clearwater-sales,ec2,uat,62.82
cost-8823,2025-10-06,clearwater-sales,ec2,prod,228.82
cost-8824,2025-10-06,clearwater-sales,rds,dev,19.21
cost-8825,2025-10-06,clearwater-sales,rds,uat,36.79
cost-8826,2025-10-06,clearwater-sales,rds,prod,130.79
cost-8827,2025-10-06,clearwater-sales,s3,dev,17.36
cost-8828,2025-10-06,clearwater-sales,s3,uat,25.99
cost-8829,2025-10-06,clearwater-sales,s3,prod,104.20
cost-8830,2025-10-06,clearwater-sales,lambda,dev,37.81
cost-8831,2025-10-06,clearwater-sales,lambda,uat,65.92
cost-8832,2025-10-06,clearwater-sales,lambda,prod,241.62
cost-8833,2025-10-06,clearwater-sales,eks,dev,11.69
cost-8834,2025-10-06,clearwater-sales,eks,uat,22.01
cost-8835,2025-10-06,clearwater-sales,eks,prod,95.48
cost-8836,2025-10-06,clearwater-sales,cloudwatch,dev,9.03
cost-8837,2025-10-06,clearwater-sales,cloudwatch,uat,22.81
cost-8838,2025-10-06,clearwater-sales,cloudwatch,prod,76.87
cost-8839,2025-10-06,clearwater-collateral,ec2,dev,12.66
cost-8840,2025-10-06,clearwater-collateral,ec2,uat,24.97
cost-8841,2025-10-06,clearwater-collateral,ec2,prod,106.68
cost-8842,2025-10-06,clearwater-collateral,rds,dev,34.42
cost-8843,2025-10-06,clearwater-collateral,rds,uat,68.91
cost-8844,2025-10-06,clearwater-collateral,rds,prod,255.46
cost-8845,2025-10-06,clearwater-collateral,s3,dev,24.76
cost-8846,2025-10-06,clearwater-collateral,s3,uat,52.10
cost-8847,2025-10-06,clearwater-collateral,s3,prod,214.55
cost-8848,2025-10-06,clearwater-collateral,lambda,dev,7.64
cost-8849,2025-10-06,clearwater-collateral,lambda,uat,16.82
cost-8850,2025-10-06,clearwater-collateral,lambda,prod,54.89
cost-8851,2025-10-06,clearwater-collateral,eks,dev,5.71
cost-8852,2025-10-06,clearwater-collateral,eks,uat,14.52
cost-8853,2025-10-06,clearwater-collateral,eks,prod,39.70
cost-8854,2025-10-06,clearwater-collateral,cloudwatch,dev,4.01
cost-8855,2025-10-06,clearwater-collateral,cloudwatch,uat,8.08
cost-8856,2025-10-06,clearwater-collateral,cloudwatch,prod,36.79
cost-8857,2025-10-07,clearwater-trade,ec2,dev,108.09
cost-8858,2025-10-07,clearwater-trade,ec2,uat,197.56
cost-8859,2025-10-07,clearwater-trade,ec2,prod,712.10
cost-8860,2025-10-07,clearwater-trade,rds,dev,69.04
cost-8861,2025-10-07,clearwater-trade,rds,uat,128.03
cost-8862,2025-10-07,clearwater-trade,rds,prod,444.44
cost-8863,2025-10-07,clearwater-trade,s3,dev,14.08
cost-8864,2025-10-07,clearwater-trade,s3,uat,26.85
cost-8865,2025-10-07,clearwater-trade,s3,prod,100.76
cost-8866,2025-10-07,clearwater-trade,lambda,dev,25.62
cost-8867,2025-10-07,clearwater-trade,lambda,uat,60.59
cost-8868,2025-10-07,clearwater-trade,lambda,prod,200.63
cost-8869,2025-10-07,clearwater-trade,eks,dev,58.46
cost-8870,2025-10-07,clearwater-trade,eks,uat,110.45
cost-8871,2025-10-07,clearwater-trade,eks,prod,343.84
cost-8872,2025-10-07,clearwater-trade,cloudwatch,dev,12.86
cost-8873,2025-10-07,clearwater-trade,cloudwatch,uat,24.67
cost-8874,2025-10-07,clearwater-trade,cloudwatch,prod,92.48
cost-8875,2025-10-07,clearwater-settlement,ec2,dev,77.75
cost-8876,2025-10-07,clearwater-settlement,ec2,uat,162.39
cost-8877,2025-10-07,clearwater-settlement,ec2,prod,551.36
cost-8878,2025-10-07,clearwater-settlement,rds,dev,78.40
cost-8879,2025-10-07,clearwater-settlement,rds,uat,167.24
cost-8880,2025-10-07,clearwater-settlement,rds,prod,435.81
cost-8881,2025-10-07,clearwater-settlement,s3,dev,21.65
cost-8882,2025-10-07,clearwater-settlement,s3,uat,35.86
cost-8883,2025-10-07,clearwater-settlement,s3,prod,117.49
cost-8884,2025-10-07,clearwater-settlement,lambda,dev,32.14
cost-8885,2025-10-07,clearwater-settlement,lambda,uat,51.10
cost-8886,2025-10-07,clearwater-settlement,lambda,prod,175.18
cost-8887,2025-10-07,clearwater-settlement,eks,dev,36.57
cost-8888,2025-10-07,clearwater-settlement,eks,uat,80.52
cost-8889,2025-10-07,clearwater-settlement,eks,prod,292.15
cost-8890,2025-10-07,clearwater-settlement,cloudwatch,dev,10.84
cost-8891,2025-10-07,clearwater-settlement,cloudwatch,uat,26.20
cost-8892,2025-10-07,clearwater-settlement,cloudwatch,prod,82.36
cost-8893,2025-10-07,clearwater-sales,ec2,dev,35.98
cost-8894,2025-10-07,clearwater-sales,ec2,uat,64.53
cost-8895,2025-10-07,clearwater-sales,ec2,prod,219.75
cost-8896,2025-10-07,clearwater-sales,rds,dev,21.47
cost-8897,2025-10-07,clearwater-sales,rds,uat,40.83
cost-8898,2025-10-07,clearwater-sales,rds,prod,137.24
cost-8899,2025-10-07,clearwater-sales,s3,dev,14.34
cost-8900,2025-10-07,clearwater-sales,s3,uat,28.16
cost-8901,2025-10-07,clearwater-sales,s3,prod,96.47
cost-8902,2025-10-07,clearwater-sales,lambda,dev,33.94
cost-8903,2025-10-07,clearwater-sales,lambda,uat,71.05
cost-8904,2025-10-07,clearwater-sales,lambda,prod,262.17
cost-8905,2025-10-07,clearwater-sales,eks,dev,12.10
cost-8906,2025-10-07,clearwater-sales,eks,uat,28.17
cost-8907,2025-10-07,clearwater-sales,eks,prod,80.79
cost-8908,2025-10-07,clearwater-sales,cloudwatch,dev,9.00
cost-8909,2025-10-07,clearwater-sales,cloudwatch,uat,19.00
cost-8910,2025-10-07,clearwater-sales,cloudwatch,prod,71.46
cost-8911,2025-10-07,clearwater-collateral,ec2,dev,12.94
cost-8912,2025-10-07,clearwater-collateral,ec2,uat,30.00
cost-8913,2025-10-07,clearwater-collateral,ec2,prod,91.85
cost-8914,2025-10-07,clearwater-collateral,rds,dev,29.52
cost-8915,2025-10-07,clearwater-collateral,rds,uat,68.31
cost-8916,2025-10-07,clearwater-collateral,rds,prod,200.67
cost-8917,2025-10-07,clearwater-collateral,s3,dev,25.70
cost-8918,2025-10-07,clearwater-collateral,s3,uat,51.19
cost-8919,2025-10-07,clearwater-collateral,s3,prod,202.77
cost-8920,2025-10-07,clearwater-collateral,lambda,dev,7.23
cost-8921,2025-10-07,clearwater-collateral,lambda,uat,15.61
cost-8922,2025-10-07,clearwater-collateral,lambda,prod,57.59
cost-8923,2025-10-07,clearwater-collateral,eks,dev,6.73
cost-8924,2025-10-07,clearwater-collateral,eks,uat,12.00
cost-8925,2025-10-07,clearwater-collateral,eks,prod,41.71
cost-8926,2025-10-07,clearwater-collateral,cloudwatch,dev,4.38
cost-8927,2025-10-07,clearwater-collateral,cloudwatch,uat,10.17
cost-8928,2025-10-07,clearwater-collateral,cloudwatch,prod,29.44
cost-8929,2025-10-08,clearwater-trade,ec2,dev,110.89
cost-8930,2025-10-08,clearwater-trade,ec2,uat,223.54
cost-8931,2025-10-08,clearwater-trade,ec2,prod,633.31
cost-8932,2025-10-08,clearwater-trade,rds,dev,80.22
cost-8933,2025-10-08,clearwater-trade,rds,uat,161.75
cost-8934,2025-10-08,clearwater-trade,rds,prod,462.42
cost-8935,2025-10-08,clearwater-trade,s3,dev,12.60
cost-8936,2025-10-08,clearwater-trade,s3,uat,25.22
cost-8937,2025-10-08,clearwater-trade,s3,prod,89.21
cost-8938,2025-10-08,clearwater-trade,lambda,dev,31.15
cost-8939,2025-10-08,clearwater-trade,lambda,uat,52.38
cost-8940,2025-10-08,clearwater-trade,lambda,prod,193.02
cost-8941,2025-10-08,clearwater-trade,eks,dev,53.10
cost-8942,2025-10-08,clearwater-trade,eks,uat,107.47
cost-8943,2025-10-08,clearwater-trade,eks,prod,434.89
cost-8944,2025-10-08,clearwater-trade,cloudwatch,dev,12.25
cost-8945,2025-10-08,clearwater-trade,cloudwatch,uat,30.31
cost-8946,2025-10-08,clearwater-trade,cloudwatch,prod,86.60
cost-8947,2025-10-08,clearwater-settlement,ec2,dev,75.55
cost-8948,2025-10-08,clearwater-settlement,ec2,uat,135.28
cost-8949,2025-10-08,clearwater-settlement,ec2,prod,476.80
cost-8950,2025-10-08,clearwater-settlement,rds,dev,65.47
cost-8951,2025-10-08,clearwater-settlement,rds,uat,146.38
cost-8952,2025-10-08,clearwater-settlement,rds,prod,455.73
cost-8953,2025-10-08,clearwater-settlement,s3,dev,18.46
cost-8954,2025-10-08,clearwater-settlement,s3,uat,35.59
cost-8955,2025-10-08,clearwater-settlement,s3,prod,150.45
cost-8956,2025-10-08,clearwater-settlement,lambda,dev,25.89
cost-8957,2025-10-08,clearwater-settlement,lambda,uat,55.40
cost-8958,2025-10-08,clearwater-settlement,lambda,prod,197.79
cost-8959,2025-10-08,clearwater-settlement,eks,dev,32.98
cost-8960,2025-10-08,clearwater-settlement,eks,uat,78.31
cost-8961,2025-10-08,clearwater-settlement,eks,prod,227.55
cost-8962,2025-10-08,clearwater-settlement,cloudwatch,dev,12.91
cost-8963,2025-10-08,clearwater-settlement,cloudwatch,uat,21.76
cost-8964,2025-10-08,clearwater-settlement,cloudwatch,prod,72.26
cost-8965,2025-10-08,clearwater-sales,ec2,dev,36.51
cost-8966,2025-10-08,clearwater-sales,ec2,uat,67.28
cost-8967,2025-10-08,clearwater-sales,ec2,prod,194.19
cost-8968,2025-10-08,clearwater-sales,rds,dev,17.81
cost-8969,2025-10-08,clearwater-sales,rds,uat,42.88
cost-8970,2025-10-08,clearwater-sales,rds,prod,151.32
cost-8971,2025-10-08,clearwater-sales,s3,dev,17.49
cost-8972,2025-10-08,clearwater-sales,s3,uat,34.50
cost-8973,2025-10-08,clearwater-sales,s3,prod,97.74
cost-8974,2025-10-08,clearwater-sales,lambda,dev,39.80
cost-8975,2025-10-08,clearwater-sales,lambda,uat,73.54
cost-8976,2025-10-08,clearwater-sales,lambda,prod,233.56
cost-8977,2025-10-08,clearwater-sales,eks,dev,12.88
cost-8978,2025-10-08,clearwater-sales,eks,uat,26.38
cost-8979,2025-10-08,clearwater-sales,eks,prod,86.65
cost-8980,2025-10-08,clearwater-sales,cloudwatch,dev,10.97
cost-8981,2025-10-08,clearwater-sales,cloudwatch,uat,23.10
cost-8982,2025-10-08,clearwater-sales,cloudwatch,prod,73.97
cost-8983,2025-10-08,clearwater-collateral,ec2,dev,12.11
cost-8984,2025-10-08,clearwater-collateral,ec2,uat,24.61
cost-8985,2025-10-08,clearwater-collateral,ec2,prod,98.68
cost-8986,2025-10-08,clearwater-collateral,rds,dev,31.17
cost-8987,2025-10-08,clearwater-collateral,rds,uat,73.43
cost-8988,2025-10-08,clearwater-collateral,rds,prod,254.96
cost-8989,2025-10-08,clearwater-collateral,s3,dev,23.97
cost-8990,2025-10-08,clearwater-collateral,s3,uat,54.39
cost-8991,2025-10-08,clearwater-collateral,s3,prod,170.75
cost-8992,2025-10-08,clearwater-collateral,lambda,dev,6.43
cost-8993,2025-10-08,clearwater-collateral,lambda,uat,16.82
cost-8994,2025-10-08,clearwater-collateral,lambda,prod,50.17
cost-8995,2025-10-08,clearwater-collateral,eks,dev,6.67
cost-8996,2025-10-08,clearwater-collateral,eks,uat,12.49
cost-8997,2025-10-08,clearwater-collateral,eks,prod,40.44
cost-8998,2025-10-08,clearwater-collateral,cloudwatch,dev,5.27
cost-8999,2025-10-08,clearwater-collateral,cloudwatch,uat,9.40
cost-9000,2025-10-08,clearwater-collateral,cloudwatch,prod,33.95
cost-9001,2025-10-09,clearwater-trade,ec2,dev,112.39
cost-9002,2025-10-09,clearwater-trade,ec2,uat,206.45
cost-9003,2025-10-09,clearwater-trade,ec2,prod,680.87
cost-9004,2025-10-09,clearwater-trade,rds,dev,79.24
cost-9005,2025-10-09,clearwater-trade,rds,uat,122.09
cost-9006,2025-10-09,clearwater-trade,rds,prod,444.18
cost-9007,2025-10-09,clearwater-trade,s3,dev,13.85
cost-9008,2025-10-09,clearwater-trade,s3,uat,29.72
cost-9009,2025-10-09,clearwater-trade,s3,prod,86.35
cost-9010,2025-10-09,clearwater-trade,lambda,dev,28.20
cost-9011,2025-10-09,clearwater-trade,lambda,uat,54.41
cost-9012,2025-10-09,clearwater-trade,lambda,prod,219.36
cost-9013,2025-10-09,clearwater-trade,eks,dev,51.71
cost-9014,2025-10-09,clearwater-trade,eks,uat,108.77
cost-9015,2025-10-09,clearwater-trade,eks,prod,420.06
cost-9016,2025-10-09,clearwater-trade,cloudwatch,dev,13.62
cost-9017,2025-10-09,clearwater-trade,cloudwatch,uat,29.03
cost-9018,2025-10-09,clearwater-trade,cloudwatch,prod,97.96
cost-9019,2025-10-09,clearwater-settlement,ec2,dev,82.12
cost-9020,2025-10-09,clearwater-settlement,ec2,uat,145.76
cost-9021,2025-10-09,clearwater-settlement,ec2,prod,572.21
cost-9022,2025-10-09,clearwater-settlement,rds,dev,76.97
cost-9023,2025-10-09,clearwater-settlement,rds,uat,131.62
cost-9024,2025-10-09,clearwater-settlement,rds,prod,553.45
cost-9025,2025-10-09,clearwater-settlement,s3,dev,18.26
cost-9026,2025-10-09,clearwater-settlement,s3,uat,36.41
cost-9027,2025-10-09,clearwater-settlement,s3,prod,119.92
cost-9028,2025-10-09,clearwater-settlement,lambda,dev,31.85
cost-9029,2025-10-09,clearwater-settlement,lambda,uat,66.84
cost-9030,2025-10-09,clearwater-settlement,lambda,prod,201.23
cost-9031,2025-10-09,clearwater-settlement,eks,dev,35.86
cost-9032,2025-10-09,clearwater-settlement,eks,uat,63.08
cost-9033,2025-10-09,clearwater-settlement,eks,prod,247.31
cost-9034,2025-10-09,clearwater-settlement,cloudwatch,dev,12.20
cost-9035,2025-10-09,clearwater-settlement,cloudwatch,uat,21.98
cost-9036,2025-10-09,clearwater-settlement,cloudwatch,prod,73.85
cost-9037,2025-10-09,clearwater-sales,ec2,dev,31.95
cost-9038,2025-10-09,clearwater-sales,ec2,uat,58.13
cost-9039,2025-10-09,clearwater-sales,ec2,prod,204.75
cost-9040,2025-10-09,clearwater-sales,rds,dev,21.62
cost-9041,2025-10-09,clearwater-sales,rds,uat,32.62
cost-9042,2025-10-09,clearwater-sales,rds,prod,121.08
cost-9043,2025-10-09,clearwater-sales,s3,dev,16.37
cost-9044,2025-10-09,clearwater-sales,s3,uat,26.54
cost-9045,2025-10-09,clearwater-sales,s3,prod,99.22
cost-9046,2025-10-09,clearwater-sales,lambda,dev,41.08
cost-9047,2025-10-09,clearwater-sales,lambda,uat,74.85
cost-9048,2025-10-09,clearwater-sales,lambda,prod,289.11
cost-9049,2025-10-09,clearwater-sales,eks,dev,12.42
cost-9050,2025-10-09,clearwater-sales,eks,uat,25.33
cost-9051,2025-10-09,clearwater-sales,eks,prod,99.44
cost-9052,2025-10-09,clearwater-sales,cloudwatch,dev,9.60
cost-9053,2025-10-09,clearwater-sales,cloudwatch,uat,18.58
cost-9054,2025-10-09,clearwater-sales,cloudwatch,prod,66.63
cost-9055,2025-10-09,clearwater-collateral,ec2,dev,12.94
cost-9056,2025-10-09,clearwater-collateral,ec2,uat,26.82
cost-9057,2025-10-09,clearwater-collateral,ec2,prod,98.33
cost-9058,2025-10-09,clearwater-collateral,rds,dev,31.43
cost-9059,2025-10-09,clearwater-collateral,rds,uat,68.81
cost-9060,2025-10-09,clearwater-collateral,rds,prod,262.21
cost-9061,2025-10-09,clearwater-collateral,s3,dev,28.88
cost-9062,2025-10-09,clearwater-collateral,s3,uat,60.06
cost-9063,2025-10-09,clearwater-collateral,s3,prod,220.12
cost-9064,2025-10-09,clearwater-collateral,lambda,dev,7.54
cost-9065,2025-10-09,clearwater-collateral,lambda,uat,16.76
cost-9066,2025-10-09,clearwater-collateral,lambda,prod,58.88
cost-9067,2025-10-09,clearwater-collateral,eks,dev,6.58
cost-9068,2025-10-09,clearwater-collateral,eks,uat,11.18
cost-9069,2025-10-09,clearwater-collateral,eks,prod,42.44
cost-9070,2025-10-09,clearwater-collateral,cloudwatch,dev,4.94
cost-9071,2025-10-09,clearwater-collateral,cloudwatch,uat,8.33
cost-9072,2025-10-09,clearwater-collateral,cloudwatch,prod,32.64
cost-9073,2025-10-10,clearwater-trade,ec2,dev,106.08
cost-9074,2025-10-10,clearwater-trade,ec2,uat,169.87
cost-9075,2025-10-10,clearwater-trade,ec2,prod,639.80
cost-9076,2025-10-10,clearwater-trade,rds,dev,66.52
cost-9077,2025-10-10,clearwater-trade,rds,uat,155.40
cost-9078,2025-10-10,clearwater-trade,rds,prod,459.92
cost-9079,2025-10-10,clearwater-trade,s3,dev,12.35
cost-9080,2025-10-10,clearwater-trade,s3,uat,26.78
cost-9081,2025-10-10,clearwater-trade,s3,prod,87.24
cost-9082,2025-10-10,clearwater-trade,lambda,dev,29.51
cost-9083,2025-10-10,clearwater-trade,lambda,uat,53.37
cost-9084,2025-10-10,clearwater-trade,lambda,prod,209.18
cost-9085,2025-10-10,clearwater-trade,eks,dev,50.09
cost-9086,2025-10-10,clearwater-trade,eks,uat,112.75
cost-9087,2025-10-10,clearwater-trade,eks,prod,352.24
cost-9088,2025-10-10,clearwater-trade,cloudwatch,dev,13.37
cost-9089,2025-10-10,clearwater-trade,cloudwatch,uat,27.91
cost-9090,2025-10-10,clearwater-trade,cloudwatch,prod,93.09
cost-9091,2025-10-10,clearwater-settlement,ec2,dev,71.43
cost-9092,2025-10-10,clearwater-settlement,ec2,uat,126.87
cost-9093,2025-10-10,clearwater-settlement,ec2,prod,482.03
cost-9094,2025-10-10,clearwater-settlement,rds,dev,72.51
cost-9095,2025-10-10,clearwater-settlement,rds,uat,167.45
cost-9096,2025-10-10,clearwater-settlement,rds,prod,558.89
cost-9097,2025-10-10,clearwater-settlement,s3,dev,22.25
cost-9098,2025-10-10,clearwater-settlement,s3,uat,44.43
cost-9099,2025-10-10,clearwater-settlement,s3,prod,133.44
cost-9100,2025-10-10,clearwater-settlement,lambda,dev,33.25
cost-9101,2025-10-10,clearwater-settlement,lambda,uat,57.13
cost-9102,2025-10-10,clearwater-settlement,lambda,prod,231.14
cost-9103,2025-10-10,clearwater-settlement,eks,dev,35.20
cost-9104,2025-10-10,clearwater-settlement,eks,uat,74.42
cost-9105,2025-10-10,clearwater-settlement,eks,prod,270.84
cost-9106,2025-10-10,clearwater-settlement,cloudwatch,dev,12.28
cost-9107,2025-10-10,clearwater-settlement,cloudwatch,uat,27.51
cost-9108,2025-10-10,clearwater-settlement,cloudwatch,prod,85.97
cost-9109,2025-10-10,clearwater-sales,ec2,dev,33.71
cost-9110,2025-10-10,clearwater-sales,ec2,uat,54.31
cost-9111,2025-10-10,clearwater-sales,ec2,prod,253.84
cost-9112,2025-10-10,clearwater-sales,rds,dev,20.76
cost-9113,2025-10-10,clearwater-sales,rds,uat,42.77
cost-9114,2025-10-10,clearwater-sales,rds,prod,149.85
cost-9115,2025-10-10,clearwater-sales,s3,dev,17.12
cost-9116,2025-10-10,clearwater-sales,s3,uat,32.57
cost-9117,2025-10-10,clearwater-sales,s3,prod,92.82
cost-9118,2025-10-10,clearwater-sales,lambda,dev,38.07
cost-9119,2025-10-10,clearwater-sales,lambda,uat,82.69
cost-9120,2025-10-10,clearwater-sales,lambda,prod,279.66
cost-9121,2025-10-10,clearwater-sales,eks,dev,14.22
cost-9122,2025-10-10,clearwater-sales,eks,uat,24.03
cost-9123,2025-10-10,clearwater-sales,eks,prod,76.16
cost-9124,2025-10-10,clearwater-sales,cloudwatch,dev,11.27
cost-9125,2025-10-10,clearwater-sales,cloudwatch,uat,22.70
cost-9126,2025-10-10,clearwater-sales,cloudwatch,prod,68.95
cost-9127,2025-10-10,clearwater-collateral,ec2,dev,12.29
cost-9128,2025-10-10,clearwater-collateral,ec2,uat,29.83
cost-9129,2025-10-10,clearwater-collateral,ec2,prod,95.01
cost-9130,2025-10-10,clearwater-collateral,rds,dev,28.26
cost-9131,2025-10-10,clearwater-collateral,rds,uat,63.63
cost-9132,2025-10-10,clearwater-collateral,rds,prod,247.69
cost-9133,2025-10-10,clearwater-collateral,s3,dev,26.60
cost-9134,2025-10-10,clearwater-collateral,s3,uat,57.02
cost-9135,2025-10-10,clearwater-collateral,s3,prod,200.66
cost-9136,2025-10-10,clearwater-collateral,lambda,dev,8.46
cost-9137,2025-10-10,clearwater-collateral,lambda,uat,14.61
cost-9138,2025-10-10,clearwater-collateral,lambda,prod,54.68
cost-9139,2025-10-10,clearwater-collateral,eks,dev,6.39
cost-9140,2025-10-10,clearwater-collateral,eks,uat,13.12
cost-9141,2025-10-10,clearwater-collateral,eks,prod,50.00
cost-9142,2025-10-10,clearwater-collateral,cloudwatch,dev,4.01
cost-9143,2025-10-10,clearwater-collateral,cloudwatch,uat,8.36
cost-9144,2025-10-10,clearwater-collateral,cloudwatch,prod,30.96
cost-9145,2025-10-11,clearwater-trade,ec2,dev,93.02
cost-9146,2025-10-11,clearwater-trade,ec2,uat,195.92
cost-9147,2025-10-11,clearwater-trade,ec2,prod,630.08
cost-9148,2025-10-11,clearwater-trade,rds,dev,70.69
cost-9149,2025-10-11,clearwater-trade,rds,uat,133.86
cost-9150,2025-10-11,clearwater-trade,rds,prod,481.69
cost-9151,2025-10-11,clearwater-trade,s3,dev,12.78
cost-9152,2025-10-11,clearwater-trade,s3,uat,31.04
cost-9153,2025-10-11,clearwater-trade,s3,prod,106.42
cost-9154,2025-10-11,clearwater-trade,lambda,dev,25.06
cost-9155,2025-10-11,clearwater-trade,lambda,uat,51.36
cost-9156,2025-10-11,clearwater-trade,lambda,prod,221.98
cost-9157,2025-10-11,clearwater-trade,eks,dev,64.23
cost-9158,2025-10-11,clearwater-trade,eks,uat,98.42
cost-9159,2025-10-11,clearwater-trade,eks,prod,340.69
cost-9160,2025-10-11,clearwater-trade,cloudwatch,dev,13.04
cost-9161,2025-10-11,clearwater-trade,cloudwatch,uat,28.76
cost-9162,2025-10-11,clearwater-trade,cloudwatch,prod,106.70
cost-9163,2025-10-11,clearwater-settlement,ec2,dev,80.49
cost-9164,2025-10-11,clearwater-settlement,ec2,uat,154.89
cost-9165,2025-10-11,clearwater-settlement,ec2,prod,536.84
cost-9166,2025-10-11,clearwater-settlement,rds,dev,81.42
cost-9167,2025-10-11,clearwater-settlement,rds,uat,160.96
cost-9168,2025-10-11,clearwater-settlement,rds,prod,510.29
cost-9169,2025-10-11,clearwater-settlement,s3,dev,20.13
cost-9170,2025-10-11,clearwater-settlement,s3,uat,40.61
cost-9171,2025-10-11,clearwater-settlement,s3,prod,135.40
cost-9172,2025-10-11,clearwater-settlement,lambda,dev,27.15
cost-9173,2025-10-11,clearwater-settlement,lambda,uat,53.09
cost-9174,2025-10-11,clearwater-settlement,lambda,prod,206.74
cost-9175,2025-10-11,clearwater-settlement,eks,dev,39.08
cost-9176,2025-10-11,clearwater-settlement,eks,uat,69.79
cost-9177,2025-10-11,clearwater-settlement,eks,prod,275.80
cost-9178,2025-10-11,clearwater-settlement,cloudwatch,dev,11.04
cost-9179,2025-10-11,clearwater-settlement,cloudwatch,uat,23.96
cost-9180,2025-10-11,clearwater-settlement,cloudwatch,prod,93.79
cost-9181,2025-10-11,clearwater-sales,ec2,dev,30.59
cost-9182,2025-10-11,clearwater-sales,ec2,uat,56.09
cost-9183,2025-10-11,clearwater-sales,ec2,prod,249.65
cost-9184,2025-10-11,clearwater-sales,rds,dev,18.99
cost-9185,2025-10-11,clearwater-sales,rds,uat,41.00
cost-9186,2025-10-11,clearwater-sales,rds,prod,146.45
cost-9187,2025-10-11,clearwater-sales,s3,dev,16.09
cost-9188,2025-10-11,clearwater-sales,s3,uat,32.03
cost-9189,2025-10-11,clearwater-sales,s3,prod,100.61
cost-9190,2025-10-11,clearwater-sales,lambda,dev,42.07
cost-9191,2025-10-11,clearwater-sales,lambda,uat,68.23
cost-9192,2025-10-11,clearwater-sales,lambda,prod,265.72
cost-9193,2025-10-11,clearwater-sales,eks,dev,14.48
cost-9194,2025-10-11,clearwater-sales,eks,uat,24.93
cost-9195,2025-10-11,clearwater-sales,eks,prod,97.47
cost-9196,2025-10-11,clearwater-sales,cloudwatch,dev,10.46
cost-9197,2025-10-11,clearwater-sales,cloudwatch,uat,23.17
cost-9198,2025-10-11,clearwater-sales,cloudwatch,prod,81.73
cost-9199,2025-10-11,clearwater-collateral,ec2,dev,13.76
cost-9200,2025-10-11,clearwater-collateral,ec2,uat,30.03
cost-9201,2025-10-11,clearwater-collateral,ec2,prod,111.71
cost-9202,2025-10-11,clearwater-collateral,rds,dev,31.61
cost-9203,2025-10-11,clearwater-collateral,rds,uat,57.49
cost-9204,2025-10-11,clearwater-collateral,rds,prod,221.70
cost-9205,2025-10-11,clearwater-collateral,s3,dev,31.52
cost-9206,2025-10-11,clearwater-collateral,s3,uat,63.28
cost-9207,2025-10-11,clearwater-collateral,s3,prod,221.15
cost-9208,2025-10-11,clearwater-collateral,lambda,dev,8.31
cost-9209,2025-10-11,clearwater-collateral,lambda,uat,14.41
cost-9210,2025-10-11,clearwater-collateral,lambda,prod,58.86
cost-9211,2025-10-11,clearwater-collateral,eks,dev,6.14
cost-9212,2025-10-11,clearwater-collateral,eks,uat,14.37
cost-9213,2025-10-11,clearwater-collateral,eks,prod,51.30
cost-9214,2025-10-11,clearwater-collateral,cloudwatch,dev,4.41
cost-9215,2025-10-11,clearwater-collateral,cloudwatch,uat,10.56
cost-9216,2025-10-11,clearwater-collateral,cloudwatch,prod,30.12
cost-9217,2025-10-12,clearwater-trade,ec2,dev,100.48
cost-9218,2025-10-12,clearwater-trade,ec2,uat,190.23
cost-9219,2025-10-12,clearwater-trade,ec2,prod,782.79
cost-9220,2025-10-12,clearwater-trade,rds,dev,73.87
cost-9221,2025-10-12,clearwater-trade,rds,uat,146.55
cost-9222,2025-10-12,clearwater-trade,rds,prod,543.08
cost-9223,2025-10-12,clearwater-trade,s3,dev,13.79
cost-9224,2025-10-12,clearwater-trade,s3,uat,25.62
cost-9225,2025-10-12,clearwater-trade,s3,prod,86.92
cost-9226,2025-10-12,clearwater-trade,lambda,dev,27.94
cost-9227,2025-10-12,clearwater-trade,lambda,uat,57.85
cost-9228,2025-10-12,clearwater-trade,lambda,prod,213.31
cost-9229,2025-10-12,clearwater-trade,eks,dev,50.69
cost-9230,2025-10-12,clearwater-trade,eks,uat,114.90
cost-9231,2025-10-12,clearwater-trade,eks,prod,385.12
cost-9232,2025-10-12,clearwater-trade,cloudwatch,dev,13.06
cost-9233,2025-10-12,clearwater-trade,cloudwatch,uat,29.29
cost-9234,2025-10-12,clearwater-trade,cloudwatch,prod,100.65
cost-9235,2025-10-12,clearwater-settlement,ec2,dev,68.09
cost-9236,2025-10-12,clearwater-settlement,ec2,uat,149.71
cost-9237,2025-10-12,clearwater-settlement,ec2,prod,531.84
cost-9238,2025-10-12,clearwater-settlement,rds,dev,72.55
cost-9239,2025-10-12,clearwater-settlement,rds,uat,134.03
cost-9240,2025-10-12,clearwater-settlement,rds,prod,525.73
cost-9241,2025-10-12,clearwater-settlement,s3,dev,20.42
cost-9242,2025-10-12,clearwater-settlement,s3,uat,34.95
cost-9243,2025-10-12,clearwater-settlement,s3,prod,137.41
cost-9244,2025-10-12,clearwater-settlement,lambda,dev,28.22
cost-9245,2025-10-12,clearwater-settlement,lambda,uat,66.70
cost-9246,2025-10-12,clearwater-settlement,lambda,prod,233.87
cost-9247,2025-10-12,clearwater-settlement,eks,dev,39.22
cost-9248,2025-10-12,clearwater-settlement,eks,uat,69.17
cost-9249,2025-10-12,clearwater-settlement,eks,prod,246.13
cost-9250,2025-10-12,clearwater-settlement,cloudwatch,dev,12.36
cost-9251,2025-10-12,clearwater-settlement,cloudwatch,uat,24.52
cost-9252,2025-10-12,clearwater-settlement,cloudwatch,prod,83.64
cost-9253,2025-10-12,clearwater-sales,ec2,dev,35.57
cost-9254,2025-10-12,clearwater-sales,ec2,uat,54.89
cost-9255,2025-10-12,clearwater-sales,ec2,prod,246.94
cost-9256,2025-10-12,clearwater-sales,rds,dev,17.43
cost-9257,2025-10-12,clearwater-sales,rds,uat,37.42
cost-9258,2025-10-12,clearwater-sales,rds,prod,116.03
cost-9259,2025-10-12,clearwater-sales,s3,dev,16.41
cost-9260,2025-10-12,clearwater-sales,s3,uat,31.89
cost-9261,2025-10-12,clearwater-sales,s3,prod,95.23
cost-9262,2025-10-12,clearwater-sales,lambda,dev,40.88
cost-9263,2025-10-12,clearwater-sales,lambda,uat,79.94
cost-9264,2025-10-12,clearwater-sales,lambda,prod,304.95
cost-9265,2025-10-12,clearwater-sales,eks,dev,14.53
cost-9266,2025-10-12,clearwater-sales,eks,uat,28.14
cost-9267,2025-10-12,clearwater-sales,eks,prod,102.16
cost-9268,2025-10-12,clearwater-sales,cloudwatch,dev,11.07
cost-9269,2025-10-12,clearwater-sales,cloudwatch,uat,18.25
cost-9270,2025-10-12,clearwater-sales,cloudwatch,prod,80.93
cost-9271,2025-10-12,clearwater-collateral,ec2,dev,12.56
cost-9272,2025-10-12,clearwater-collateral,ec2,uat,28.01
cost-9273,2025-10-12,clearwater-collateral,ec2,prod,91.48
cost-9274,2025-10-12,clearwater-collateral,rds,dev,35.26
cost-9275,2025-10-12,clearwater-collateral,rds,uat,64.68
cost-9276,2025-10-12,clearwater-collateral,rds,prod,221.82
cost-9277,2025-10-12,clearwater-collateral,s3,dev,29.15
cost-9278,2025-10-12,clearwater-collateral,s3,uat,55.89
cost-9279,2025-10-12,clearwater-collateral,s3,prod,194.09
cost-9280,2025-10-12,clearwater-collateral,lambda,dev,7.04
cost-9281,2025-10-12,clearwater-collateral,lambda,uat,14.75
cost-9282,2025-10-12,clearwater-collateral,lambda,prod,52.09
cost-9283,2025-10-12,clearwater-collateral,eks,dev,6.76
cost-9284,2025-10-12,clearwater-collateral,eks,uat,11.59
cost-9285,2025-10-12,clearwater-collateral,eks,prod,46.43
cost-9286,2025-10-12,clearwater-collateral,cloudwatch,dev,5.03
cost-9287,2025-10-12,clearwater-collateral,cloudwatch,uat,9.68
cost-9288,2025-10-12,clearwater-collateral,cloudwatch,prod,32.26
cost-9289,2025-10-13,clearwater-trade,ec2,dev,103.21
cost-9290,2025-10-13,clearwater-trade,ec2,uat,173.36
cost-9291,2025-10-13,clearwater-trade,ec2,prod,763.15
cost-9292,2025-10-13,clearwater-trade,rds,dev,72.67
cost-9293,2025-10-13,clearwater-trade,rds,uat,148.62
cost-9294,2025-10-13,clearwater-trade,rds,prod,486.81
cost-9295,2025-10-13,clearwater-trade,s3,dev,15.72
cost-9296,2025-10-13,clearwater-trade,s3,uat,27.99
cost-9297,2025-10-13,clearwater-trade,s3,prod,101.29
cost-9298,2025-10-13,clearwater-trade,lambda,dev,29.80
cost-9299,2025-10-13,clearwater-trade,lambda,uat,56.13
cost-9300,2025-10-13,clearwater-trade,lambda,prod,182.02
cost-9301,2025-10-13,clearwater-trade,eks,dev,64.36
cost-9302,2025-10-13,clearwater-trade,eks,uat,113.90
cost-9303,2025-10-13,clearwater-trade,eks,prod,411.11
cost-9304,2025-10-13,clearwater-trade,cloudwatch,dev,13.29
cost-9305,2025-10-13,clearwater-trade,cloudwatch,uat,25.93
cost-9306,2025-10-13,clearwater-trade,cloudwatch,prod,93.58
cost-9307,2025-10-13,clearwater-settlement,ec2,dev,78.89
cost-9308,2025-10-13,clearwater-settlement,ec2,uat,123.86
cost-9309,2025-10-13,clearwater-settlement,ec2,prod,469.80
cost-9310,2025-10-13,clearwater-settlement,rds,dev,70.20
cost-9311,2025-10-13,clearwater-settlement,rds,uat,148.50
cost-9312,2025-10-13,clearwater-settlement,rds,prod,538.67
cost-9313,2025-10-13,clearwater-settlement,s3,dev,19.19
cost-9314,2025-10-13,clearwater-settlement,s3,uat,43.59
cost-9315,2025-10-13,clearwater-settlement,s3,prod,135.81
cost-9316,2025-10-13,clearwater-settlement,lambda,dev,31.56
cost-9317,2025-10-13,clearwater-settlement,lambda,uat,54.45
cost-9318,2025-10-13,clearwater-settlement,lambda,prod,233.28
cost-9319,2025-10-13,clearwater-settlement,eks,dev,32.93
cost-9320,2025-10-13,clearwater-settlement,eks,uat,63.55
cost-9321,2025-10-13,clearwater-settlement,eks,prod,227.10
cost-9322,2025-10-13,clearwater-settlement,cloudwatch,dev,10.38
cost-9323,2025-10-13,clearwater-settlement,cloudwatch,uat,22.07
cost-9324,2025-10-13,clearwater-settlement,cloudwatch,prod,76.89
cost-9325,2025-10-13,clearwater-sales,ec2,dev,33.37
cost-9326,2025-10-13,clearwater-sales,ec2,uat,70.80
cost-9327,2025-10-13,clearwater-sales,ec2,prod,247.82
cost-9328,2025-10-13,clearwater-sales,rds,dev,16.89
cost-9329,2025-10-13,clearwater-sales,rds,uat,34.23
cost-9330,2025-10-13,clearwater-sales,rds,prod,152.93
cost-9331,2025-10-13,clearwater-sales,s3,dev,13.86
cost-9332,2025-10-13,clearwater-sales,s3,uat,26.19
cost-9333,2025-10-13,clearwater-sales,s3,prod,114.92
cost-9334,2025-10-13,clearwater-sales,lambda,dev,40.92
cost-9335,2025-10-13,clearwater-sales,lambda,uat,84.17
cost-9336,2025-10-13,clearwater-sales,lambda,prod,283.27
cost-9337,2025-10-13,clearwater-sales,eks,dev,12.14
cost-9338,2025-10-13,clearwater-sales,eks,uat,27.84
cost-9339,2025-10-13,clearwater-sales,eks,prod,92.51
cost-9340,2025-10-13,clearwater-sales,cloudwatch,dev,10.50
cost-9341,2025-10-13,clearwater-sales,cloudwatch,uat,19.51
cost-9342,2025-10-13,clearwater-sales,cloudwatch,prod,74.53
cost-9343,2025-10-13,clearwater-collateral,ec2,dev,15.89
cost-9344,2025-10-13,clearwater-collateral,ec2,uat,31.88
cost-9345,2025-10-13,clearwater-collateral,ec2,prod,110.45
cost-9346,2025-10-13,clearwater-collateral,rds,dev,35.08
cost-9347,2025-10-13,clearwater-collateral,rds,uat,57.31
cost-9348,2025-10-13,clearwater-collateral,rds,prod,236.51
cost-9349,2025-10-13,clearwater-collateral,s3,dev,31.83
cost-9350,2025-10-13,clearwater-collateral,s3,uat,50.45
cost-9351,2025-10-13,clearwater-collateral,s3,prod,217.47
cost-9352,2025-10-13,clearwater-collateral,lambda,dev,7.25
cost-9353,2025-10-13,clearwater-collateral,lambda,uat,15.43
cost-9354,2025-10-13,clearwater-collateral,lambda,prod,45.80
cost-9355,2025-10-13,clearwater-collateral,eks,dev,6.49
cost-9356,2025-10-13,clearwater-collateral,eks,uat,12.83
cost-9357,2025-10-13,clearwater-collateral,eks,prod,49.35
cost-9358,2025-10-13,clearwater-collateral,cloudwatch,dev,4.66
cost-9359,2025-10-13,clearwater-collateral,cloudwatch,uat,10.64
cost-9360,2025-10-13,clearwater-collateral,cloudwatch,prod,34.15
cost-9361,2025-10-14,clearwater-trade,ec2,dev,86.09
cost-9362,2025-10-14,clearwater-trade,ec2,uat,180.23
cost-9363,2025-10-14,clearwater-trade,ec2,prod,626.49
cost-9364,2025-10-14,clearwater-trade,rds,dev,62.50
cost-9365,2025-10-14,clearwater-trade,rds,uat,121.99
cost-9366,2025-10-14,clearwater-trade,rds,prod,418.79
cost-9367,2025-10-14,clearwater-trade,s3,dev,16.00
cost-9368,2025-10-14,clearwater-trade,s3,uat,24.57
cost-9369,2025-10-14,clearwater-trade,s3,prod,99.59
cost-9370,2025-10-14,clearwater-trade,lambda,dev,32.33
cost-9371,2025-10-14,clearwater-trade,lambda,uat,59.80
cost-9372,2025-10-14,clearwater-trade,lambda,prod,188.54
cost-9373,2025-10-14,clearwater-trade,eks,dev,56.50
cost-9374,2025-10-14,clearwater-trade,eks,uat,103.83
cost-9375,2025-10-14,clearwater-trade,eks,prod,343.37
cost-9376,2025-10-14,clearwater-trade,cloudwatch,dev,12.94
cost-9377,2025-10-14,clearwater-trade,cloudwatch,uat,27.10
cost-9378,2025-10-14,clearwater-trade,cloudwatch,prod,99.64
cost-9379,2025-10-14,clearwater-settlement,ec2,dev,67.64
cost-9380,2025-10-14,clearwater-settlement,ec2,uat,145.42
cost-9381,2025-10-14,clearwater-settlement,ec2,prod,451.42
cost-9382,2025-10-14,clearwater-settlement,rds,dev,69.94
cost-9383,2025-10-14,clearwater-settlement,rds,uat,156.61
cost-9384,2025-10-14,clearwater-settlement,rds,prod,559.63
cost-9385,2025-10-14,clearwater-settlement,s3,dev,19.70
cost-9386,2025-10-14,clearwater-settlement,s3,uat,38.06
cost-9387,2025-10-14,clearwater-settlement,s3,prod,135.53
cost-9388,2025-10-14,clearwater-settlement,lambda,dev,27.77
cost-9389,2025-10-14,clearwater-settlement,lambda,uat,64.53
cost-9390,2025-10-14,clearwater-settlement,lambda,prod,184.79
cost-9391,2025-10-14,clearwater-settlement,eks,dev,35.84
cost-9392,2025-10-14,clearwater-settlement,eks,uat,72.94
cost-9393,2025-10-14,clearwater-settlement,eks,prod,246.23
cost-9394,2025-10-14,clearwater-settlement,cloudwatch,dev,10.78
cost-9395,2025-10-14,clearwater-settlement,cloudwatch,uat,20.92
cost-9396,2025-10-14,clearwater-settlement,cloudwatch,prod,84.30
cost-9397,2025-10-14,clearwater-sales,ec2,dev,31.91
cost-9398,2025-10-14,clearwater-sales,ec2,uat,64.30
cost-9399,2025-10-14,clearwater-sales,ec2,prod,194.47
cost-9400,2025-10-14,clearwater-sales,rds,dev,18.67
cost-9401,2025-10-14,clearwater-sales,rds,uat,42.74
cost-9402,2025-10-14,clearwater-sales,rds,prod,138.22
cost-9403,2025-10-14,clearwater-sales,s3,dev,13.81
cost-9404,2025-10-14,clearwater-sales,s3,uat,30.14
cost-9405,2025-10-14,clearwater-sales,s3,prod,121.11
cost-9406,2025-10-14,clearwater-sales,lambda,dev,37.91
cost-9407,2025-10-14,clearwater-sales,lambda,uat,87.09
cost-9408,2025-10-14,clearwater-sales,lambda,prod,248.58
cost-9409,2025-10-14,clearwater-sales,eks,dev,11.60
cost-9410,2025-10-14,clearwater-sales,eks,uat,23.00
cost-9411,2025-10-14,clearwater-sales,eks,prod,89.90
cost-9412,2025-10-14,clearwater-sales,cloudwatch,dev,11.03
cost-9413,2025-10-14,clearwater-sales,cloudwatch,uat,22.84
cost-9414,2025-10-14,clearwater-sales,cloudwatch,prod,62.29
cost-9415,2025-10-14,clearwater-collateral,ec2,dev,14.56
cost-9416,2025-10-14,clearwater-collateral,ec2,uat,25.75
cost-9417,2025-10-14,clearwater-collateral,ec2,prod,97.10
cost-9418,2025-10-14,clearwater-collateral,rds,dev,34.89
cost-9419,2025-10-14,clearwater-collateral,rds,uat,72.04
cost-9420,2025-10-14,clearwater-collateral,rds,prod,261.26
cost-9421,2025-10-14,clearwater-collateral,s3,dev,28.46
cost-9422,2025-10-14,clearwater-collateral,s3,uat,56.99
cost-9423,2025-10-14,clearwater-collateral,s3,prod,194.45
cost-9424,2025-10-14,clearwater-collateral,lambda,dev,7.41
cost-9425,2025-10-14,clearwater-collateral,lambda,uat,16.97
cost-9426,2025-10-14,clearwater-collateral,lambda,prod,60.26
cost-9427,2025-10-14,clearwater-collateral,eks,dev,7.30
cost-9428,2025-10-14,clearwater-collateral,eks,uat,13.91
cost-9429,2025-10-14,clearwater-collateral,eks,prod,43.34
cost-9430,2025-10-14,clearwater-collateral,cloudwatch,dev,4.95
cost-9431,2025-10-14,clearwater-collateral,cloudwatch,uat,8.43
cost-9432,2025-10-14,clearwater-collateral,cloudwatch,prod,34.06
cost-9433,2025-10-15,clearwater-trade,ec2,dev,92.35
cost-9434,2025-10-15,clearwater-trade,ec2,uat,168.84
cost-9435,2025-10-15,clearwater-trade,ec2,prod,697.26
cost-9436,2025-10-15,clearwater-trade,rds,dev,64.73
cost-9437,2025-10-15,clearwater-trade,rds,uat,125.51
cost-9438,2025-10-15,clearwater-trade,rds,prod,502.86
cost-9439,2025-10-15,clearwater-trade,s3,dev,14.65
cost-9440,2025-10-15,clearwater-trade,s3,uat,29.13
cost-9441,2025-10-15,clearwater-trade,s3,prod,107.24
cost-9442,2025-10-15,clearwater-trade,lambda,dev,25.64
cost-9443,2025-10-15,clearwater-trade,lambda,uat,57.21
cost-9444,2025-10-15,clearwater-trade,lambda,prod,191.03
cost-9445,2025-10-15,clearwater-trade,eks,dev,64.19
cost-9446,2025-10-15,clearwater-trade,eks,uat,109.02
cost-9447,2025-10-15,clearwater-trade,eks,prod,425.27
cost-9448,2025-10-15,clearwater-trade,cloudwatch,dev,12.09
cost-9449,2025-10-15,clearwater-trade,cloudwatch,uat,25.48
cost-9450,2025-10-15,clearwater-trade,cloudwatch,prod,103.11
cost-9451,2025-10-15,clearwater-settlement,ec2,dev,74.70
cost-9452,2025-10-15,clearwater-settlement,ec2,uat,136.02
cost-9453,2025-10-15,clearwater-settlement,ec2,prod,471.51
cost-9454,2025-10-15,clearwater-settlement,rds,dev,78.66
cost-9455,2025-10-15,clearwater-settlement,rds,uat,163.46
cost-9456,2025-10-15,clearwater-settlement,rds,prod,480.28
cost-9457,2025-10-15,clearwater-settlement,s3,dev,18.19
cost-9458,2025-10-15,clearwater-settlement,s3,uat,43.65
cost-9459,2025-10-15,clearwater-settlement,s3,prod,129.45
cost-9460,2025-10-15,clearwater-settlement,lambda,dev,32.84
cost-9461,2025-10-15,clearwater-settlement,lambda,uat,56.05
cost-9462,2025-10-15,clearwater-settlement,lambda,prod,202.57
cost-9463,2025-10-15,clearwater-settlement,eks,dev,32.92
cost-9464,2025-10-15,clearwater-settlement,eks,uat,64.74
cost-9465,2025-10-15,clearwater-settlement,eks,prod,243.24
cost-9466,2025-10-15,clearwater-settlement,cloudwatch,dev,13.24
cost-9467,2025-10-15,clearwater-settlement,cloudwatch,uat,22.33
cost-9468,2025-10-15,clearwater-settlement,cloudwatch,prod,72.25
cost-9469,2025-10-15,clearwater-sales,ec2,dev,31.34
cost-9470,2025-10-15,clearwater-sales,ec2,uat,54.58
cost-9471,2025-10-15,clearwater-sales,ec2,prod,211.00
cost-9472,2025-10-15,clearwater-sales,rds,dev,18.92
cost-9473,2025-10-15,clearwater-sales,rds,uat,42.49
cost-9474,2025-10-15,clearwater-sales,rds,prod,151.22
cost-9475,2025-10-15,clearwater-sales,s3,dev,16.97
cost-9476,2025-10-15,clearwater-sales,s3,uat,31.99
cost-9477,2025-10-15,clearwater-sales,s3,prod,117.14
cost-9478,2025-10-15,clearwater-sales,lambda,dev,39.05
cost-9479,2025-10-15,clearwater-sales,lambda,uat,78.45
cost-9480,2025-10-15,clearwater-sales,lambda,prod,283.18
cost-9481,2025-10-15,clearwater-sales,eks,dev,13.86
cost-9482,2025-10-15,clearwater-sales,eks,uat,22.69
cost-9483,2025-10-15,clearwater-sales,eks,prod,89.28
cost-9484,2025-10-15,clearwater-sales,cloudwatch,dev,10.78
cost-9485,2025-10-15,clearwater-sales,cloudwatch,uat,20.84
cost-9486,2025-10-15,clearwater-sales,cloudwatch,prod,65.88
cost-9487,2025-10-15,clearwater-collateral,ec2,dev,14.56
cost-9488,2025-10-15,clearwater-collateral,ec2,uat,28.12
cost-9489,2025-10-15,clearwater-collateral,ec2,prod,104.76
cost-9490,2025-10-15,clearwater-collateral,rds,dev,32.54
cost-9491,2025-10-15,clearwater-collateral,rds,uat,61.60
cost-9492,2025-10-15,clearwater-collateral,rds,prod,242.36
cost-9493,2025-10-15,clearwater-collateral,s3,dev,31.64
cost-9494,2025-10-15,clearwater-collateral,s3,uat,51.21
cost-9495,2025-10-15,clearwater-collateral,s3,prod,188.25
cost-9496,2025-10-15,clearwater-collateral,lambda,dev,6.68
cost-9497,2025-10-15,clearwater-collateral,lambda,uat,14.73
cost-9498,2025-10-15,clearwater-collateral,lambda,prod,54.82
cost-9499,2025-10-15,clearwater-collateral,eks,dev,6.62
cost-9500,2025-10-15,clearwater-collateral,eks,uat,11.57
cost-9501,2025-10-15,clearwater-collateral,eks,prod,49.05
cost-9502,2025-10-15,clearwater-collateral,cloudwatch,dev,4.11
cost-9503,2025-10-15,clearwater-collateral,cloudwatch,uat,9.45
cost-9504,2025-10-15,clearwater-collateral,cloudwatch,prod,28.10
cost-9505,2025-10-16,clearwater-trade,ec2,dev,112.29
cost-9506,2025-10-16,clearwater-trade,ec2,uat,203.33
cost-9507,2025-10-16,clearwater-trade,ec2,prod,777.59
cost-9508,2025-10-16,clearwater-trade,rds,dev,70.96
cost-9509,2025-10-16,clearwater-trade,rds,uat,148.54
cost-9510,2025-10-16,clearwater-trade,rds,prod,491.67
cost-9511,2025-10-16,clearwater-trade,s3,dev,15.96
cost-9512,2025-10-16,clearwater-trade,s3,uat,27.68
cost-9513,2025-10-16,clearwater-trade,s3,prod,85.87
cost-9514,2025-10-16,clearwater-trade,lambda,dev,31.53
cost-9515,2025-10-16,clearwater-trade,lambda,uat,53.30
cost-9516,2025-10-16,clearwater-trade,lambda,prod,224.49
cost-9517,2025-10-16,clearwater-trade,eks,dev,59.73
cost-9518,2025-10-16,clearwater-trade,eks,uat,101.83
cost-9519,2025-10-16,clearwater-trade,eks,prod,445.95
cost-9520,2025-10-16,clearwater-trade,cloudwatch,dev,12.18
cost-9521,2025-10-16,clearwater-trade,cloudwatch,uat,25.77
cost-9522,2025-10-16,clearwater-trade,cloudwatch,prod,92.03
cost-9523,2025-10-16,clearwater-settlement,ec2,dev,73.28
cost-9524,2025-10-16,clearwater-settlement,ec2,uat,139.82
cost-9525,2025-10-16,clearwater-settlement,ec2,prod,564.43
cost-9526,2025-10-16,clearwater-settlement,rds,dev,69.55
cost-9527,2025-10-16,clearwater-settlement,rds,uat,153.82
cost-9528,2025-10-16,clearwater-settlement,rds,prod,442.12
cost-9529,2025-10-16,clearwater-settlement,s3,dev,20.38
cost-9530,2025-10-16,clearwater-settlement,s3,uat,33.93
cost-9531,2025-10-16,clearwater-settlement,s3,prod,128.14
cost-9532,2025-10-16,clearwater-settlement,lambda,dev,29.56
cost-9533,2025-10-16,clearwater-settlement,lambda,uat,65.06
cost-9534,2025-10-16,clearwater-settlement,lambda,prod,226.32
cost-9535,2025-10-16,clearwater-settlement,eks,dev,35.96
cost-9536,2025-10-16,clearwater-settlement,eks,uat,71.45
cost-9537,2025-10-16,clearwater-settlement,eks,prod,232.92
cost-9538,2025-10-16,clearwater-settlement,cloudwatch,dev,13.91
cost-9539,2025-10-16,clearwater-settlement,cloudwatch,uat,21.49
cost-9540,2025-10-16,clearwater-settlement,cloudwatch,prod,75.67
cost-9541,2025-10-16,clearwater-sales,ec2,dev,31.85
cost-9542,2025-10-16,clearwater-sales,ec2,uat,64.76
cost-9543,2025-10-16,clearwater-sales,ec2,prod,227.03
cost-9544,2025-10-16,clearwater-sales,rds,dev,17.18
cost-9545,2025-10-16,clearwater-sales,rds,uat,34.61
cost-9546,2025-10-16,clearwater-sales,rds,prod,148.02
cost-9547,2025-10-16,clearwater-sales,s3,dev,14.26
cost-9548,2025-10-16,clearwater-sales,s3,uat,31.27
cost-9549,2025-10-16,clearwater-sales,s3,prod,98.91
cost-9550,2025-10-16,clearwater-sales,lambda,dev,34.68
cost-9551,2025-10-16,clearwater-sales,lambda,uat,72.69
cost-9552,2025-10-16,clearwater-sales,lambda,prod,261.78
cost-9553,2025-10-16,clearwater-sales,eks,dev,11.76
cost-9554,2025-10-16,clearwater-sales,eks,uat,21.88
cost-9555,2025-10-16,clearwater-sales,eks,prod,87.21
cost-9556,2025-10-16,clearwater-sales,cloudwatch,dev,9.86
cost-9557,2025-10-16,clearwater-sales,cloudwatch,uat,20.75
cost-9558,2025-10-16,clearwater-sales,cloudwatch,prod,78.24
cost-9559,2025-10-16,clearwater-collateral,ec2,dev,13.86
cost-9560,2025-10-16,clearwater-collateral,ec2,uat,26.17
cost-9561,2025-10-16,clearwater-collateral,ec2,prod,94.29
cost-9562,2025-10-16,clearwater-collateral,rds,dev,34.12
cost-9563,2025-10-16,clearwater-collateral,rds,uat,63.00
cost-9564,2025-10-16,clearwater-collateral,rds,prod,215.05
cost-9565,2025-10-16,clearwater-collateral,s3,dev,29.76
cost-9566,2025-10-16,clearwater-collateral,s3,uat,58.07
cost-9567,2025-10-16,clearwater-collateral,s3,prod,207.62
cost-9568,2025-10-16,clearwater-collateral,lambda,dev,6.89
cost-9569,2025-10-16,clearwater-collateral,lambda,uat,14.99
cost-9570,2025-10-16,clearwater-collateral,lambda,prod,54.20
cost-9571,2025-10-16,clearwater-collateral,eks,dev,5.85
cost-9572,2025-10-16,clearwater-collateral,eks,uat,11.32
cost-9573,2025-10-16,clearwater-collateral,eks,prod,42.66
cost-9574,2025-10-16,clearwater-collateral,cloudwatch,dev,4.97
cost-9575,2025-10-16,clearwater-collateral,cloudwatch,uat,9.84
cost-9576,2025-10-16,clearwater-collateral,cloudwatch,prod,37.04
cost-9577,2025-10-17,clearwater-trade,ec2,dev,84.28
cost-9578,2025-10-17,clearwater-trade,ec2,uat,186.42
cost-9579,2025-10-17,clearwater-trade,ec2,prod,702.23
cost-9580,2025-10-17,clearwater-trade,rds,dev,70.79
cost-9581,2025-10-17,clearwater-trade,rds,uat,140.57
cost-9582,2025-10-17,clearwater-trade,rds,prod,452.68
cost-9583,2025-10-17,clearwater-trade,s3,dev,15.22
cost-9584,2025-10-17,clearwater-trade,s3,uat,24.57
cost-9585,2025-10-17,clearwater-trade,s3,prod,97.42
cost-9586,2025-10-17,clearwater-trade,lambda,dev,24.34
cost-9587,2025-10-17,clearwater-trade,lambda,uat,61.20
cost-9588,2025-10-17,clearwater-trade,lambda,prod,175.74
cost-9589,2025-10-17,clearwater-trade,eks,dev,62.45
cost-9590,2025-10-17,clearwater-trade,eks,uat,107.92
cost-9591,2025-10-17,clearwater-trade,eks,prod,345.05
cost-9592,2025-10-17,clearwater-trade,cloudwatch,dev,12.31
cost-9593,2025-10-17,clearwater-trade,cloudwatch,uat,32.32
cost-9594,2025-10-17,clearwater-trade,cloudwatch,prod,98.85
cost-9595,2025-10-17,clearwater-settlement,ec2,dev,74.76
cost-9596,2025-10-17,clearwater-settlement,ec2,uat,144.24
cost-9597,2025-10-17,clearwater-settlement,ec2,prod,514.94
cost-9598,2025-10-17,clearwater-settlement,rds,dev,65.81
cost-9599,2025-10-17,clearwater-settlement,rds,uat,164.33
cost-9600,2025-10-17,clearwater-settlement,rds,prod,563.55
cost-9601,2025-10-17,clearwater-settlement,s3,dev,21.13
cost-9602,2025-10-17,clearwater-settlement,s3,uat,34.47
cost-9603,2025-10-17,clearwater-settlement,s3,prod,137.56
cost-9604,2025-10-17,clearwater-settlement,lambda,dev,29.95
cost-9605,2025-10-17,clearwater-settlement,lambda,uat,54.98
cost-9606,2025-10-17,clearwater-settlement,lambda,prod,222.22
cost-9607,2025-10-17,clearwater-settlement,eks,dev,39.37
cost-9608,2025-10-17,clearwater-settlement,eks,uat,70.54
cost-9609,2025-10-17,clearwater-settlement,eks,prod,236.82
cost-9610,2025-10-17,clearwater-settlement,cloudwatch,dev,10.88
cost-9611,2025-10-17,clearwater-settlement,cloudwatch,uat,24.28
cost-9612,2025-10-17,clearwater-settlement,cloudwatch,prod,89.53
cost-9613,2025-10-17,clearwater-sales,ec2,dev,28.21
cost-9614,2025-10-17,clearwater-sales,ec2,uat,63.45
cost-9615,2025-10-17,clearwater-sales,ec2,prod,220.82
cost-9616,2025-10-17,clearwater-sales,rds,dev,17.66
cost-9617,2025-10-17,clearwater-sales,rds,uat,33.19
cost-9618,2025-10-17,clearwater-sales,rds,prod,143.74
cost-9619,2025-10-17,clearwater-sales,s3,dev,16.23
cost-9620,2025-10-17,clearwater-sales,s3,uat,33.17
cost-9621,2025-10-17,clearwater-sales,s3,prod,94.98
cost-9622,2025-10-17,clearwater-sales,lambda,dev,36.02
cost-9623,2025-10-17,clearwater-sales,lambda,uat,82.00
cost-9624,2025-10-17,clearwater-sales,lambda,prod,252.47
cost-9625,2025-10-17,clearwater-sales,eks,dev,13.92
cost-9626,2025-10-17,clearwater-sales,eks,uat,28.33
cost-9627,2025-10-17,clearwater-sales,eks,prod,102.03
cost-9628,2025-10-17,clearwater-sales,cloudwatch,dev,9.15
cost-9629,2025-10-17,clearwater-sales,cloudwatch,uat,22.52
cost-9630,2025-10-17,clearwater-sales,cloudwatch,prod,81.99
cost-9631,2025-10-17,clearwater-collateral,ec2,dev,16.12
cost-9632,2025-10-17,clearwater-collateral,ec2,uat,31.16
cost-9633,2025-10-17,clearwater-collateral,ec2,prod,110.92
cost-9634,2025-10-17,clearwater-collateral,rds,dev,29.27
cost-9635,2025-10-17,clearwater-collateral,rds,uat,73.66
cost-9636,2025-10-17,clearwater-collateral,rds,prod,254.93
cost-9637,2025-10-17,clearwater-collateral,s3,dev,31.71
cost-9638,2025-10-17,clearwater-collateral,s3,uat,56.62
cost-9639,2025-10-17,clearwater-collateral,s3,prod,211.10
cost-9640,2025-10-17,clearwater-collateral,lambda,dev,8.26
cost-9641,2025-10-17,clearwater-collateral,lambda,uat,15.81
cost-9642,2025-10-17,clearwater-collateral,lambda,prod,58.58
cost-9643,2025-10-17,clearwater-collateral,eks,dev,6.93
cost-9644,2025-10-17,clearwater-collateral,eks,uat,13.35
cost-9645,2025-10-17,clearwater-collateral,eks,prod,51.06
cost-9646,2025-10-17,clearwater-collateral,cloudwatch,dev,4.73
cost-9647,2025-10-17,clearwater-collateral,cloudwatch,uat,9.09
cost-9648,2025-10-17,clearwater-collateral,cloudwatch,prod,30.10
cost-9649,2025-10-18,clearwater-trade,ec2,dev,95.53
cost-9650,2025-10-18,clearwater-trade,ec2,uat,190.48
cost-9651,2025-10-18,clearwater-trade,ec2,prod,639.43
cost-9652,2025-10-18,clearwater-trade,rds,dev,76.27
cost-9653,2025-10-18,clearwater-trade,rds,uat,147.04
cost-9654,2025-10-18,clearwater-trade,rds,prod,559.70
cost-9655,2025-10-18,clearwater-trade,s3,dev,14.15
cost-9656,2025-10-18,clearwater-trade,s3,uat,25.17
cost-9657,2025-10-18,clearwater-trade,s3,prod,96.31
cost-9658,2025-10-18,clearwater-trade,lambda,dev,27.91
cost-9659,2025-10-18,clearwater-trade,lambda,uat,49.36
cost-9660,2025-10-18,clearwater-trade,lambda,prod,186.97
cost-9661,2025-10-18,clearwater-trade,eks,dev,60.55
cost-9662,2025-10-18,clearwater-trade,eks,uat,118.34
cost-9663,2025-10-18,clearwater-trade,eks,prod,376.02
cost-9664,2025-10-18,clearwater-trade,cloudwatch,dev,12.02
cost-9665,2025-10-18,clearwater-trade,cloudwatch,uat,32.01
cost-9666,2025-10-18,clearwater-trade,cloudwatch,prod,94.58
cost-9667,2025-10-18,clearwater-settlement,ec2,dev,79.44
cost-9668,2025-10-18,clearwater-settlement,ec2,uat,141.84
cost-9669,2025-10-18,clearwater-settlement,ec2,prod,565.10
cost-9670,2025-10-18,clearwater-settlement,rds,dev,81.90
cost-9671,2025-10-18,clearwater-settlement,rds,uat,149.44
cost-9672,2025-10-18,clearwater-settlement,rds,prod,458.47
cost-9673,2025-10-18,clearwater-settlement,s3,dev,18.18
cost-9674,2025-10-18,clearwater-settlement,s3,uat,44.39
cost-9675,2025-10-18,clearwater-settlement,s3,prod,144.32
cost-9676,2025-10-18,clearwater-settlement,lambda,dev,31.19
cost-9677,2025-10-18,clearwater-settlement,lambda,uat,54.38
cost-9678,2025-10-18,clearwater-settlement,lambda,prod,180.08
cost-9679,2025-10-18,clearwater-settlement,eks,dev,41.72
cost-9680,2025-10-18,clearwater-settlement,eks,uat,63.22
cost-9681,2025-10-18,clearwater-settlement,eks,prod,285.36
cost-9682,2025-10-18,clearwater-settlement,cloudwatch,dev,12.82
cost-9683,2025-10-18,clearwater-settlement,cloudwatch,uat,24.83
cost-9684,2025-10-18,clearwater-settlement,cloudwatch,prod,74.36
cost-9685,2025-10-18,clearwater-sales,ec2,dev,35.72
cost-9686,2025-10-18,clearwater-sales,ec2,uat,62.45
cost-9687,2025-10-18,clearwater-sales,ec2,prod,223.46
cost-9688,2025-10-18,clearwater-sales,rds,dev,17.77
cost-9689,2025-10-18,clearwater-sales,rds,uat,39.28
cost-9690,2025-10-18,clearwater-sales,rds,prod,124.56
cost-9691,2025-10-18,clearwater-sales,s3,dev,14.52
cost-9692,2025-10-18,clearwater-sales,s3,uat,31.34
cost-9693,2025-10-18,clearwater-sales,s3,prod,97.94
cost-9694,2025-10-18,clearwater-sales,lambda,dev,37.02
cost-9695,2025-10-18,clearwater-sales,lambda,uat,84.41
cost-9696,2025-10-18,clearwater-sales,lambda,prod,256.49
cost-9697,2025-10-18,clearwater-sales,eks,dev,11.06
cost-9698,2025-10-18,clearwater-sales,eks,uat,23.14
cost-9699,2025-10-18,clearwater-sales,eks,prod,97.55
cost-9700,2025-10-18,clearwater-sales,cloudwatch,dev,9.55
cost-9701,2025-10-18,clearwater-sales,cloudwatch,uat,17.66
cost-9702,2025-10-18,clearwater-sales,cloudwatch,prod,61.52
cost-9703,2025-10-18,clearwater-collateral,ec2,dev,15.68
cost-9704,2025-10-18,clearwater-collateral,ec2,uat,31.53
cost-9705,2025-10-18,clearwater-collateral,ec2,prod,101.08
cost-9706,2025-10-18,clearwater-collateral,rds,dev,28.37
cost-9707,2025-10-18,clearwater-collateral,rds,uat,59.56
cost-9708,2025-10-18,clearwater-collateral,rds,prod,235.33
cost-9709,2025-10-18,clearwater-collateral,s3,dev,30.23
cost-9710,2025-10-18,clearwater-collateral,s3,uat,49.60
cost-9711,2025-10-18,clearwater-collateral,s3,prod,181.56
cost-9712,2025-10-18,clearwater-collateral,lambda,dev,8.10
cost-9713,2025-10-18,clearwater-collateral,lambda,uat,13.48
cost-9714,2025-10-18,clearwater-collateral,lambda,prod,51.48
cost-9715,2025-10-18,clearwater-collateral,eks,dev,5.63
cost-9716,2025-10-18,clearwater-collateral,eks,uat,12.34
cost-9717,2025-10-18,clearwater-collateral,eks,prod,52.08
cost-9718,2025-10-18,clearwater-collateral,cloudwatch,dev,4.23
cost-9719,2025-10-18,clearwater-collateral,cloudwatch,uat,9.42
cost-9720,2025-10-18,clearwater-collateral,cloudwatch,prod,30.96
cost-9721,2025-10-19,clearwater-trade,ec2,dev,108.33
cost-9722,2025-10-19,clearwater-trade,ec2,uat,178.46
cost-9723,2025-10-19,clearwater-trade,ec2,prod,683.67
cost-9724,2025-10-19,clearwater-trade,rds,dev,67.32
cost-9725,2025-10-19,clearwater-trade,rds,uat,158.96
cost-9726,2025-10-19,clearwater-trade,rds,prod,446.04
cost-9727,2025-10-19,clearwater-trade,s3,dev,12.29
cost-9728,2025-10-19,clearwater-trade,s3,uat,28.12
cost-9729,2025-10-19,clearwater-trade,s3,prod,107.44
cost-9730,2025-10-19,clearwater-trade,lambda,dev,31.99
cost-9731,2025-10-19,clearwater-trade,lambda,uat,56.02
cost-9732,2025-10-19,clearwater-trade,lambda,prod,217.78
cost-9733,2025-10-19,clearwater-trade,eks,dev,63.86
cost-9734,2025-10-19,clearwater-trade,eks,uat,116.15
cost-9735,2025-10-19,clearwater-trade,eks,prod,342.21
cost-9736,2025-10-19,clearwater-trade,cloudwatch,dev,14.73
cost-9737,2025-10-19,clearwater-trade,cloudwatch,uat,27.20
cost-9738,2025-10-19,clearwater-trade,cloudwatch,prod,90.25
cost-9739,2025-10-19,clearwater-settlement,ec2,dev,81.47
cost-9740,2025-10-19,clearwater-settlement,ec2,uat,161.16
cost-9741,2025-10-19,clearwater-settlement,ec2,prod,554.27
cost-9742,2025-10-19,clearwater-settlement,rds,dev,66.86
cost-9743,2025-10-19,clearwater-settlement,rds,uat,130.18
cost-9744,2025-10-19,clearwater-settlement,rds,prod,549.31
cost-9745,2025-10-19,clearwater-settlement,s3,dev,20.06
cost-9746,2025-10-19,clearwater-settlement,s3,uat,35.12
cost-9747,2025-10-19,clearwater-settlement,s3,prod,156.31
cost-9748,2025-10-19,clearwater-settlement,lambda,dev,30.36
cost-9749,2025-10-19,clearwater-settlement,lambda,uat,51.87
cost-9750,2025-10-19,clearwater-settlement,lambda,prod,214.11
cost-9751,2025-10-19,clearwater-settlement,eks,dev,31.55
cost-9752,2025-10-19,clearwater-settlement,eks,uat,79.80
cost-9753,2025-10-19,clearwater-settlement,eks,prod,257.20
cost-9754,2025-10-19,clearwater-settlement,cloudwatch,dev,13.56
cost-9755,2025-10-19,clearwater-settlement,cloudwatch,uat,21.28
cost-9756,2025-10-19,clearwater-settlement,cloudwatch,prod,82.08
cost-9757,2025-10-19,clearwater-sales,ec2,dev,33.58
cost-9758,2025-10-19,clearwater-sales,ec2,uat,58.16
cost-9759,2025-10-19,clearwater-sales,ec2,prod,197.68
cost-9760,2025-10-19,clearwater-sales,rds,dev,16.70
cost-9761,2025-10-19,clearwater-sales,rds,uat,43.39
cost-9762,2025-10-19,clearwater-sales,rds,prod,144.91
cost-9763,2025-10-19,clearwater-sales,s3,dev,14.81
cost-9764,2025-10-19,clearwater-sales,s3,uat,30.64
cost-9765,2025-10-19,clearwater-sales,s3,prod,91.27
cost-9766,2025-10-19,clearwater-sales,lambda,dev,43.78
cost-9767,2025-10-19,clearwater-sales,lambda,uat,86.94
cost-9768,2025-10-19,clearwater-sales,lambda,prod,279.84
cost-9769,2025-10-19,clearwater-sales,eks,dev,12.36
cost-9770,2025-10-19,clearwater-sales,eks,uat,28.95
cost-9771,2025-10-19,clearwater-sales,eks,prod,84.15
cost-9772,2025-10-19,clearwater-sales,cloudwatch,dev,10.09
cost-9773,2025-10-19,clearwater-sales,cloudwatch,uat,22.00
cost-9774,2025-10-19,clearwater-sales,cloudwatch,prod,76.93
cost-9775,2025-10-19,clearwater-collateral,ec2,dev,12.16
cost-9776,2025-10-19,clearwater-collateral,ec2,uat,24.71
cost-9777,2025-10-19,clearwater-collateral,ec2,prod,99.12
cost-9778,2025-10-19,clearwater-collateral,rds,dev,34.46
cost-9779,2025-10-19,clearwater-collateral,rds,uat,64.18
cost-9780,2025-10-19,clearwater-collateral,rds,prod,222.44
cost-9781,2025-10-19,clearwater-collateral,s3,dev,29.43
cost-9782,2025-10-19,clearwater-collateral,s3,uat,55.99
cost-9783,2025-10-19,clearwater-collateral,s3,prod,178.54
cost-9784,2025-10-19,clearwater-collateral,lambda,dev,6.69
cost-9785,2025-10-19,clearwater-collateral,lambda,uat,16.62
cost-9786,2025-10-19,clearwater-collateral,lambda,prod,50.87
cost-9787,2025-10-19,clearwater-collateral,eks,dev,7.47
cost-9788,2025-10-19,clearwater-collateral,eks,uat,11.77
cost-9789,2025-10-19,clearwater-collateral,eks,prod,50.31
cost-9790,2025-10-19,clearwater-collateral,cloudwatch,dev,4.78
cost-9791,2025-10-19,clearwater-collateral,cloudwatch,uat,10.58
cost-9792,2025-10-19,clearwater-collateral,cloudwatch,prod,36.59
cost-9793,2025-10-20,clearwater-trade,ec2,dev,95.04
cost-9794,2025-10-20,clearwater-trade,ec2,uat,207.94
cost-9795,2025-10-20,clearwater-trade,ec2,prod,670.53
cost-9796,2025-10-20,clearwater-trade,rds,dev,67.30
cost-9797,2025-10-20,clearwater-trade,rds,uat,122.57
cost-9798,2025-10-20,clearwater-trade,rds,prod,501.59
cost-9799,2025-10-20,clearwater-trade,s3,dev,15.82
cost-9800,2025-10-20,clearwater-trade,s3,uat,26.57
cost-9801,2025-10-20,clearwater-trade,s3,prod,89.03
cost-9802,2025-10-20,clearwater-trade,lambda,dev,27.13
cost-9803,2025-10-20,clearwater-trade,lambda,uat,59.16
cost-9804,2025-10-20,clearwater-trade,lambda,prod,176.46
cost-9805,2025-10-20,clearwater-trade,eks,dev,64.62
cost-9806,2025-10-20,clearwater-trade,eks,uat,120.62
cost-9807,2025-10-20,clearwater-trade,eks,prod,339.07
cost-9808,2025-10-20,clearwater-trade,cloudwatch,dev,15.71
cost-9809,2025-10-20,clearwater-trade,cloudwatch,uat,28.21
cost-9810,2025-10-20,clearwater-trade,cloudwatch,prod,104.12
cost-9811,2025-10-20,clearwater-settlement,ec2,dev,76.65
cost-9812,2025-10-20,clearwater-settlement,ec2,uat,153.92
cost-9813,2025-10-20,clearwater-settlement,ec2,prod,556.15
cost-9814,2025-10-20,clearwater-settlement,rds,dev,70.97
cost-9815,2025-10-20,clearwater-settlement,rds,uat,138.62
cost-9816,2025-10-20,clearwater-settlement,rds,prod,537.95
cost-9817,2025-10-20,clearwater-settlement,s3,dev,21.56
cost-9818,2025-10-20,clearwater-settlement,s3,uat,44.54
cost-9819,2025-10-20,clearwater-settlement,s3,prod,135.35
cost-9820,2025-10-20,clearwater-settlement,lambda,dev,30.68
cost-9821,2025-10-20,clearwater-settlement,lambda,uat,58.63
cost-9822,2025-10-20,clearwater-settlement,lambda,prod,212.77
cost-9823,2025-10-20,clearwater-settlement,eks,dev,40.63
cost-9824,2025-10-20,clearwater-settlement,eks,uat,79.90
cost-9825,2025-10-20,clearwater-settlement,eks,prod,240.41
cost-9826,2025-10-20,clearwater-settlement,cloudwatch,dev,13.26
cost-9827,2025-10-20,clearwater-settlement,cloudwatch,uat,23.35
cost-9828,2025-10-20,clearwater-settlement,cloudwatch,prod,75.64
cost-9829,2025-10-20,clearwater-sales,ec2,dev,36.54
cost-9830,2025-10-20,clearwater-sales,ec2,uat,61.52
cost-9831,2025-10-20,clearwater-sales,ec2,prod,231.60
cost-9832,2025-10-20,clearwater-sales,rds,dev,19.46
cost-9833,2025-10-20,clearwater-sales,rds,uat,35.68
cost-9834,2025-10-20,clearwater-sales,rds,prod,123.06
cost-9835,2025-10-20,clearwater-sales,s3,dev,13.38
cost-9836,2025-10-20,clearwater-sales,s3,uat,33.26
cost-9837,2025-10-20,clearwater-sales,s3,prod,121.67
cost-9838,2025-10-20,clearwater-sales,lambda,dev,35.47
cost-9839,2025-10-20,clearwater-sales,lambda,uat,81.26
cost-9840,2025-10-20,clearwater-sales,lambda,prod,276.50
cost-9841,2025-10-20,clearwater-sales,eks,dev,11.09
cost-9842,2025-10-20,clearwater-sales,eks,uat,29.26
cost-9843,2025-10-20,clearwater-sales,eks,prod,100.19
cost-9844,2025-10-20,clearwater-sales,cloudwatch,dev,11.62
cost-9845,2025-10-20,clearwater-sales,cloudwatch,uat,19.08
cost-9846,2025-10-20,clearwater-sales,cloudwatch,prod,64.91
cost-9847,2025-10-20,clearwater-collateral,ec2,dev,15.12
cost-9848,2025-10-20,clearwater-collateral,ec2,uat,28.00
cost-9849,2025-10-20,clearwater-collateral,ec2,prod,107.86
cost-9850,2025-10-20,clearwater-collateral,rds,dev,32.95
cost-9851,2025-10-20,clearwater-collateral,rds,uat,73.79
cost-9852,2025-10-20,clearwater-collateral,rds,prod,209.32
cost-9853,2025-10-20,clearwater-collateral,s3,dev,24.40
cost-9854,2025-10-20,clearwater-collateral,s3,uat,51.77
cost-9855,2025-10-20,clearwater-collateral,s3,prod,182.34
cost-9856,2025-10-20,clearwater-collateral,lambda,dev,7.33
cost-9857,2025-10-20,clearwater-collateral,lambda,uat,16.21
cost-9858,2025-10-20,clearwater-collateral,lambda,prod,45.83
cost-9859,2025-10-20,clearwater-collateral,eks,dev,6.66
cost-9860,2025-10-20,clearwater-collateral,eks,uat,12.51
cost-9861,2025-10-20,clearwater-collateral,eks,prod,52.24
cost-9862,2025-10-20,clearwater-collateral,cloudwatch,dev,5.29
cost-9863,2025-10-20,clearwater-collateral,cloudwatch,uat,8.97
cost-9864,2025-10-20,clearwater-collateral,cloudwatch,prod,34.12
cost-9865,2025-10-21,clearwater-trade,ec2,dev,89.06
cost-9866,2025-10-21,clearwater-trade,ec2,uat,223.51
cost-9867,2025-10-21,clearwater-trade,ec2,prod,740.76
cost-9868,2025-10-21,clearwater-trade,rds,dev,67.94
cost-9869,2025-10-21,clearwater-trade,rds,uat,131.03
cost-9870,2025-10-21,clearwater-trade,rds,prod,548.56
cost-9871,2025-10-21,clearwater-trade,s3,dev,15.92
cost-9872,2025-10-21,clearwater-trade,s3,uat,31.60
cost-9873,2025-10-21,clearwater-trade,s3,prod,97.03
cost-9874,2025-10-21,clearwater-trade,lambda,dev,26.54
cost-9875,2025-10-21,clearwater-trade,lambda,uat,53.19
cost-9876,2025-10-21,clearwater-trade,lambda,prod,226.04
cost-9877,2025-10-21,clearwater-trade,eks,dev,60.27
cost-9878,2025-10-21,clearwater-trade,eks,uat,123.54
cost-9879,2025-10-21,clearwater-trade,eks,prod,399.57
cost-9880,2025-10-21,clearwater-trade,cloudwatch,dev,13.11
cost-9881,2025-10-21,clearwater-trade,cloudwatch,uat,30.66
cost-9882,2025-10-21,clearwater-trade,cloudwatch,prod,88.51
cost-9883,2025-10-21,clearwater-settlement,ec2,dev,81.96
cost-9884,2025-10-21,clearwater-settlement,ec2,uat,134.38
cost-9885,2025-10-21,clearwater-settlement,ec2,prod,448.32
cost-9886,2025-10-21,clearwater-settlement,rds,dev,75.81
cost-9887,2025-10-21,clearwater-settlement,rds,uat,134.39
cost-9888,2025-10-21,clearwater-settlement,rds,prod,437.14
cost-9889,2025-10-21,clearwater-settlement,s3,dev,18.75
cost-9890,2025-10-21,clearwater-settlement,s3,uat,33.99
cost-9891,2025-10-21,clearwater-settlement,s3,prod,121.98
cost-9892,2025-10-21,clearwater-settlement,lambda,dev,27.75
cost-9893,2025-10-21,clearwater-settlement,lambda,uat,51.94
cost-9894,2025-10-21,clearwater-settlement,lambda,prod,205.13
cost-9895,2025-10-21,clearwater-settlement,eks,dev,33.28
cost-9896,2025-10-21,clearwater-settlement,eks,uat,76.23
cost-9897,2025-10-21,clearwater-settlement,eks,prod,230.88
cost-9898,2025-10-21,clearwater-settlement,cloudwatch,dev,10.75
cost-9899,2025-10-21,clearwater-settlement,cloudwatch,uat,25.99
cost-9900,2025-10-21,clearwater-settlement,cloudwatch,prod,83.37
cost-9901,2025-10-21,clearwater-sales,ec2,dev,35.67
cost-9902,2025-10-21,clearwater-sales,ec2,uat,59.77
cost-9903,2025-10-21,clearwater-sales,ec2,prod,217.01
cost-9904,2025-10-21,clearwater-sales,rds,dev,19.86
cost-9905,2025-10-21,clearwater-sales,rds,uat,32.71
cost-9906,2025-10-21,clearwater-sales,rds,prod,135.03
cost-9907,2025-10-21,clearwater-sales,s3,dev,13.66
cost-9908,2025-10-21,clearwater-sales,s3,uat,31.22
cost-9909,2025-10-21,clearwater-sales,s3,prod,118.15
cost-9910,2025-10-21,clearwater-sales,lambda,dev,39.96
cost-9911,2025-10-21,clearwater-sales,lambda,uat,78.69
cost-9912,2025-10-21,clearwater-sales,lambda,prod,233.97
cost-9913,2025-10-21,clearwater-sales,eks,dev,13.57
cost-9914,2025-10-21,clearwater-sales,eks,uat,22.32
cost-9915,2025-10-21,clearwater-sales,eks,prod,90.67
cost-9916,2025-10-21,clearwater-sales,cloudwatch,dev,9.28
cost-9917,2025-10-21,clearwater-sales,cloudwatch,uat,19.41
cost-9918,2025-10-21,clearwater-sales,cloudwatch,prod,78.35
cost-9919,2025-10-21,clearwater-collateral,ec2,dev,15.28
cost-9920,2025-10-21,clearwater-collateral,ec2,uat,31.86
cost-9921,2025-10-21,clearwater-collateral,ec2,prod,107.02
cost-9922,2025-10-21,clearwater-collateral,rds,dev,33.28
cost-9923,2025-10-21,clearwater-collateral,rds,uat,69.64
cost-9924,2025-10-21,clearwater-collateral,rds,prod,227.08
cost-9925,2025-10-21,clearwater-collateral,s3,dev,29.45
cost-9926,2025-10-21,clearwater-collateral,s3,uat,52.57
cost-9927,2025-10-21,clearwater-collateral,s3,prod,185.87
cost-9928,2025-10-21,clearwater-collateral,lambda,dev,6.46
cost-9929,2025-10-21,clearwater-collateral,lambda,uat,16.36
cost-9930,2025-10-21,clearwater-collateral,lambda,prod,57.14
cost-9931,2025-10-21,clearwater-collateral,eks,dev,6.51
cost-9932,2025-10-21,clearwater-collateral,eks,uat,12.93
cost-9933,2025-10-21,clearwater-collateral,eks,prod,43.48
cost-9934,2025-10-21,clearwater-collateral,cloudwatch,dev,5.20
cost-9935,2025-10-21,clearwater-collateral,cloudwatch,uat,10.20
cost-9936,2025-10-21,clearwater-collateral,cloudwatch,prod,29.40
cost-9937,2025-10-22,clearwater-trade,ec2,dev,103.86
cost-9938,2025-10-22,clearwater-trade,ec2,uat,222.19
cost-9939,2025-10-22,clearwater-trade,ec2,prod,609.53
cost-9940,2025-10-22,clearwater-trade,rds,dev,60.49
cost-9941,2025-10-22,clearwater-trade,rds,uat,131.10
cost-9942,2025-10-22,clearwater-trade,rds,prod,477.01
cost-9943,2025-10-22,clearwater-trade,s3,dev,12.59
cost-9944,2025-10-22,clearwater-trade,s3,uat,25.58
cost-9945,2025-10-22,clearwater-trade,s3,prod,92.97
cost-9946,2025-10-22,clearwater-trade,lambda,dev,31.28
cost-9947,2025-10-22,clearwater-trade,lambda,uat,61.63
cost-9948,2025-10-22,clearwater-trade,lambda,prod,191.42
cost-9949,2025-10-22,clearwater-trade,eks,dev,54.89
cost-9950,2025-10-22,clearwater-trade,eks,uat,102.77
cost-9951,2025-10-22,clearwater-trade,eks,prod,400.01
cost-9952,2025-10-22,clearwater-trade,cloudwatch,dev,14.89
cost-9953,2025-10-22,clearwater-trade,cloudwatch,uat,28.19
cost-9954,2025-10-22,clearwater-trade,cloudwatch,prod,107.01
cost-9955,2025-10-22,clearwater-settlement,ec2,dev,79.90
cost-9956,2025-10-22,clearwater-settlement,ec2,uat,147.23
cost-9957,2025-10-22,clearwater-settlement,ec2,prod,553.46
cost-9958,2025-10-22,clearwater-settlement,rds,dev,70.94
cost-9959,2025-10-22,clearwater-settlement,rds,uat,125.45
cost-9960,2025-10-22,clearwater-settlement,rds,prod,458.07
cost-9961,2025-10-22,clearwater-settlement,s3,dev,19.48
cost-9962,2025-10-22,clearwater-settlement,s3,uat,43.81
cost-9963,2025-10-22,clearwater-settlement,s3,prod,151.56
cost-9964,2025-10-22,clearwater-settlement,lambda,dev,32.47
cost-9965,2025-10-22,clearwater-settlement,lambda,uat,63.42
cost-9966,2025-10-22,clearwater-settlement,lambda,prod,227.27
cost-9967,2025-10-22,clearwater-settlement,eks,dev,33.90
cost-9968,2025-10-22,clearwater-settlement,eks,uat,67.56
cost-9969,2025-10-22,clearwater-settlement,eks,prod,273.71
cost-9970,2025-10-22,clearwater-settlement,cloudwatch,dev,12.76
cost-9971,2025-10-22,clearwater-settlement,cloudwatch,uat,27.20
cost-9972,2025-10-22,clearwater-settlement,cloudwatch,prod,96.85
cost-9973,2025-10-22,clearwater-sales,ec2,dev,30.53
cost-9974,2025-10-22,clearwater-sales,ec2,uat,65.87
cost-9975,2025-10-22,clearwater-sales,ec2,prod,245.69
cost-9976,2025-10-22,clearwater-sales,rds,dev,21.92
cost-9977,2025-10-22,clearwater-sales,rds,uat,34.93
cost-9978,2025-10-22,clearwater-sales,rds,prod,122.23
cost-9979,2025-10-22,clearwater-sales,s3,dev,15.14
cost-9980,2025-10-22,clearwater-sales,s3,uat,26.41
cost-9981,2025-10-22,clearwater-sales,s3,prod,109.06
cost-9982,2025-10-22,clearwater-sales,lambda,dev,32.79
cost-9983,2025-10-22,clearwater-sales,lambda,uat,82.58
cost-9984,2025-10-22,clearwater-sales,lambda,prod,249.00
cost-9985,2025-10-22,clearwater-sales,eks,dev,13.74
cost-9986,2025-10-22,clearwater-sales,eks,uat,21.70
cost-9987,2025-10-22,clearwater-sales,eks,prod,88.62
cost-9988,2025-10-22,clearwater-sales,cloudwatch,dev,11.13
cost-9989,2025-10-22,clearwater-sales,cloudwatch,uat,20.48
cost-9990,2025-10-22,clearwater-sales,cloudwatch,prod,74.11
cost-9991,2025-10-22,clearwater-collateral,ec2,dev,15.94
cost-9992,2025-10-22,clearwater-collateral,ec2,uat,30.73
cost-9993,2025-10-22,clearwater-collateral,ec2,prod,93.95
cost-9994,2025-10-22,clearwater-collateral,rds,dev,31.37
cost-9995,2025-10-22,clearwater-collateral,rds,uat,58.69
cost-9996,2025-10-22,clearwater-collateral,rds,prod,207.73
cost-9997,2025-10-22,clearwater-collateral,s3,dev,24.98
cost-9998,2025-10-22,clearwater-collateral,s3,uat,50.17
cost-9999,2025-10-22,clearwater-collateral,s3,prod,217.45
cost-10000,2025-10-22,clearwater-collateral,lambda,dev,8.18
cost-10001,2025-10-22,clearwater-collateral,lambda,uat,13.63
cost-10002,2025-10-22,clearwater-collateral,lambda,prod,56.51
cost-10003,2025-10-22,clearwater-collateral,eks,dev,6.65
cost-10004,2025-10-22,clearwater-collateral,eks,uat,14.40
cost-10005,2025-10-22,clearwater-collateral,eks,prod,40.98
cost-10006,2025-10-22,clearwater-collateral,cloudwatch,dev,4.83
cost-10007,2025-10-22,clearwater-collateral,cloudwatch,uat,9.16
cost-10008,2025-10-22,clearwater-collateral,cloudwatch,prod,31.75
cost-10009,2025-10-23,clearwater-trade,ec2,dev,110.42
cost-10010,2025-10-23,clearwater-trade,ec2,uat,190.05
cost-10011,2025-10-23,clearwater-trade,ec2,prod,714.52
cost-10012,2025-10-23,clearwater-trade,rds,dev,69.97
cost-10013,2025-10-23,clearwater-trade,rds,uat,128.78
cost-10014,2025-10-23,clearwater-trade,rds,prod,428.45
cost-10015,2025-10-23,clearwater-trade,s3,dev,14.57
cost-10016,2025-10-23,clearwater-trade,s3,uat,24.76
cost-10017,2025-10-23,clearwater-trade,s3,prod,110.39
cost-10018,2025-10-23,clearwater-trade,lambda,dev,30.77
cost-10019,2025-10-23,clearwater-trade,lambda,uat,55.75
cost-10020,2025-10-23,clearwater-trade,lambda,prod,191.73
cost-10021,2025-10-23,clearwater-trade,eks,dev,60.06
cost-10022,2025-10-23,clearwater-trade,eks,uat,97.85
cost-10023,2025-10-23,clearwater-trade,eks,prod,377.63
cost-10024,2025-10-23,clearwater-trade,cloudwatch,dev,14.53
cost-10025,2025-10-23,clearwater-trade,cloudwatch,uat,25.32
cost-10026,2025-10-23,clearwater-trade,cloudwatch,prod,86.28
cost-10027,2025-10-23,clearwater-settlement,ec2,dev,81.81
cost-10028,2025-10-23,clearwater-settlement,ec2,uat,137.04
cost-10029,2025-10-23,clearwater-settlement,ec2,prod,502.22
cost-10030,2025-10-23,clearwater-settlement,rds,dev,79.73
cost-10031,2025-10-23,clearwater-settlement,rds,uat,155.13
cost-10032,2025-10-23,clearwater-settlement,rds,prod,499.22
cost-10033,2025-10-23,clearwater-settlement,s3,dev,18.15
cost-10034,2025-10-23,clearwater-settlement,s3,uat,39.72
cost-10035,2025-10-23,clearwater-settlement,s3,prod,140.52
cost-10036,2025-10-23,clearwater-settlement,lambda,dev,32.09
cost-10037,2025-10-23,clearwater-settlement,lambda,uat,57.55
cost-10038,2025-10-23,clearwater-settlement,lambda,prod,190.31
cost-10039,2025-10-23,clearwater-settlement,eks,dev,32.02
cost-10040,2025-10-23,clearwater-settlement,eks,uat,71.85
cost-10041,2025-10-23,clearwater-settlement,eks,prod,219.09
cost-10042,2025-10-23,clearwater-settlement,cloudwatch,dev,13.42
cost-10043,2025-10-23,clearwater-settlement,cloudwatch,uat,23.02
cost-10044,2025-10-23,clearwater-settlement,cloudwatch,prod,73.92
cost-10045,2025-10-23,clearwater-sales,ec2,dev,32.29
cost-10046,2025-10-23,clearwater-sales,ec2,uat,61.64
cost-10047,2025-10-23,clearwater-sales,ec2,prod,199.77
cost-10048,2025-10-23,clearwater-sales,rds,dev,18.18
cost-10049,2025-10-23,clearwater-sales,rds,uat,42.31
cost-10050,2025-10-23,clearwater-sales,rds,prod,131.60
cost-10051,2025-10-23,clearwater-sales,s3,dev,13.83
cost-10052,2025-10-23,clearwater-sales,s3,uat,34.57
cost-10053,2025-10-23,clearwater-sales,s3,prod,103.40
cost-10054,2025-10-23,clearwater-sales,lambda,dev,42.76
cost-10055,2025-10-23,clearwater-sales,lambda,uat,85.44
cost-10056,2025-10-23,clearwater-sales,lambda,prod,286.79
cost-10057,2025-10-23,clearwater-sales,eks,dev,13.35
cost-10058,2025-10-23,clearwater-sales,eks,uat,26.39
cost-10059,2025-10-23,clearwater-sales,eks,prod,101.33
cost-10060,2025-10-23,clearwater-sales,cloudwatch,dev,10.06
cost-10061,2025-10-23,clearwater-sales,cloudwatch,uat,23.24
cost-10062,2025-10-23,clearwater-sales,cloudwatch,prod,61.61
cost-10063,2025-10-23,clearwater-collateral,ec2,dev,12.54
cost-10064,2025-10-23,clearwater-collateral,ec2,uat,25.64
cost-10065,2025-10-23,clearwater-collateral,ec2,prod,107.41
cost-10066,2025-10-23,clearwater-collateral,rds,dev,29.58
cost-10067,2025-10-23,clearwater-collateral,rds,uat,56.70
cost-10068,2025-10-23,clearwater-collateral,rds,prod,231.59
cost-10069,2025-10-23,clearwater-collateral,s3,dev,25.86
cost-10070,2025-10-23,clearwater-collateral,s3,uat,58.99
cost-10071,2025-10-23,clearwater-collateral,s3,prod,211.48
cost-10072,2025-10-23,clearwater-collateral,lambda,dev,8.25
cost-10073,2025-10-23,clearwater-collateral,lambda,uat,13.33
cost-10074,2025-10-23,clearwater-collateral,lambda,prod,58.69
cost-10075,2025-10-23,clearwater-collateral,eks,dev,7.46
cost-10076,2025-10-23,clearwater-collateral,eks,uat,11.92
cost-10077,2025-10-23,clearwater-collateral,eks,prod,41.00
cost-10078,2025-10-23,clearwater-collateral,cloudwatch,dev,4.21
cost-10079,2025-10-23,clearwater-collateral,cloudwatch,uat,8.42
cost-10080,2025-10-23,clearwater-collateral,cloudwatch,prod,34.15
cost-10081,2025-10-24,clearwater-trade,ec2,dev,108.58
cost-10082,2025-10-24,clearwater-trade,ec2,uat,224.40
cost-10083,2025-10-24,clearwater-trade,ec2,prod,721.62
cost-10084,2025-10-24,clearwater-trade,rds,dev,76.05
cost-10085,2025-10-24,clearwater-trade,rds,uat,152.45
cost-10086,2025-10-24,clearwater-trade,rds,prod,425.43
cost-10087,2025-10-24,clearwater-trade,s3,dev,15.30
cost-10088,2025-10-24,clearwater-trade,s3,uat,31.20
cost-10089,2025-10-24,clearwater-trade,s3,prod,89.17
cost-10090,2025-10-24,clearwater-trade,lambda,dev,31.35
cost-10091,2025-10-24,clearwater-trade,lambda,uat,52.10
cost-10092,2025-10-24,clearwater-trade,lambda,prod,187.43
cost-10093,2025-10-24,clearwater-trade,eks,dev,59.73
cost-10094,2025-10-24,clearwater-trade,eks,uat,121.26
cost-10095,2025-10-24,clearwater-trade,eks,prod,335.57
cost-10096,2025-10-24,clearwater-trade,cloudwatch,dev,13.98
cost-10097,2025-10-24,clearwater-trade,cloudwatch,uat,25.38
cost-10098,2025-10-24,clearwater-trade,cloudwatch,prod,95.48
cost-10099,2025-10-24,clearwater-settlement,ec2,dev,63.39
cost-10100,2025-10-24,clearwater-settlement,ec2,uat,129.24
cost-10101,2025-10-24,clearwater-settlement,ec2,prod,460.28
cost-10102,2025-10-24,clearwater-settlement,rds,dev,64.92
cost-10103,2025-10-24,clearwater-settlement,rds,uat,166.12
cost-10104,2025-10-24,clearwater-settlement,rds,prod,464.47
cost-10105,2025-10-24,clearwater-settlement,s3,dev,17.77
cost-10106,2025-10-24,clearwater-settlement,s3,uat,36.04
cost-10107,2025-10-24,clearwater-settlement,s3,prod,152.51
cost-10108,2025-10-24,clearwater-settlement,lambda,dev,28.12
cost-10109,2025-10-24,clearwater-settlement,lambda,uat,58.29
cost-10110,2025-10-24,clearwater-settlement,lambda,prod,195.20
cost-10111,2025-10-24,clearwater-settlement,eks,dev,30.97
cost-10112,2025-10-24,clearwater-settlement,eks,uat,68.92
cost-10113,2025-10-24,clearwater-settlement,eks,prod,285.32
cost-10114,2025-10-24,clearwater-settlement,cloudwatch,dev,12.59
cost-10115,2025-10-24,clearwater-settlement,cloudwatch,uat,25.16
cost-10116,2025-10-24,clearwater-settlement,cloudwatch,prod,77.54
cost-10117,2025-10-24,clearwater-sales,ec2,dev,28.45
cost-10118,2025-10-24,clearwater-sales,ec2,uat,71.70
cost-10119,2025-10-24,clearwater-sales,ec2,prod,197.81
cost-10120,2025-10-24,clearwater-sales,rds,dev,17.29
cost-10121,2025-10-24,clearwater-sales,rds,uat,34.41
cost-10122,2025-10-24,clearwater-sales,rds,prod,119.44
cost-10123,2025-10-24,clearwater-sales,s3,dev,16.95
cost-10124,2025-10-24,clearwater-sales,s3,uat,29.04
cost-10125,2025-10-24,clearwater-sales,s3,prod,115.34
cost-10126,2025-10-24,clearwater-sales,lambda,dev,32.77
cost-10127,2025-10-24,clearwater-sales,lambda,uat,76.37
cost-10128,2025-10-24,clearwater-sales,lambda,prod,257.22
cost-10129,2025-10-24,clearwater-sales,eks,dev,12.25
cost-10130,2025-10-24,clearwater-sales,eks,uat,24.31
cost-10131,2025-10-24,clearwater-sales,eks,prod,82.44
cost-10132,2025-10-24,clearwater-sales,cloudwatch,dev,9.98
cost-10133,2025-10-24,clearwater-sales,cloudwatch,uat,21.20
cost-10134,2025-10-24,clearwater-sales,cloudwatch,prod,69.51
cost-10135,2025-10-24,clearwater-collateral,ec2,dev,12.21
cost-10136,2025-10-24,clearwater-collateral,ec2,uat,28.76
cost-10137,2025-10-24,clearwater-collateral,ec2,prod,84.44
cost-10138,2025-10-24,clearwater-collateral,rds,dev,32.55
cost-10139,2025-10-24,clearwater-collateral,rds,uat,71.13
cost-10140,2025-10-24,clearwater-collateral,rds,prod,229.92
cost-10141,2025-10-24,clearwater-collateral,s3,dev,29.77
cost-10142,2025-10-24,clearwater-collateral,s3,uat,51.37
cost-10143,2025-10-24,clearwater-collateral,s3,prod,171.25
cost-10144,2025-10-24,clearwater-collateral,lambda,dev,7.80
cost-10145,2025-10-24,clearwater-collateral,lambda,uat,15.11
cost-10146,2025-10-24,clearwater-collateral,lambda,prod,47.38
cost-10147,2025-10-24,clearwater-collateral,eks,dev,7.54
cost-10148,2025-10-24,clearwater-collateral,eks,uat,14.66
cost-10149,2025-10-24,clearwater-collateral,eks,prod,50.88
cost-10150,2025-10-24,clearwater-collateral,cloudwatch,dev,4.99
cost-10151,2025-10-24,clearwater-collateral,cloudwatch,uat,8.87
cost-10152,2025-10-24,clearwater-collateral,cloudwatch,prod,31.06
cost-10153,2025-10-25,clearwater-trade,ec2,dev,85.13
cost-10154,2025-10-25,clearwater-trade,ec2,uat,203.66
cost-10155,2025-10-25,clearwater-trade,ec2,prod,770.13
cost-10156,2025-10-25,clearwater-trade,rds,dev,70.77
cost-10157,2025-10-25,clearwater-trade,rds,uat,142.71
cost-10158,2025-10-25,clearwater-trade,rds,prod,511.75
cost-10159,2025-10-25,clearwater-trade,s3,dev,15.18
cost-10160,2025-10-25,clearwater-trade,s3,uat,28.99
cost-10161,2025-10-25,clearwater-trade,s3,prod,85.79
cost-10162,2025-10-25,clearwater-trade,lambda,dev,27.57
cost-10163,2025-10-25,clearwater-trade,lambda,uat,61.74
cost-10164,2025-10-25,clearwater-trade,lambda,prod,216.49
cost-10165,2025-10-25,clearwater-trade,eks,dev,62.73
cost-10166,2025-10-25,clearwater-trade,eks,uat,119.64
cost-10167,2025-10-25,clearwater-trade,eks,prod,394.02
cost-10168,2025-10-25,clearwater-trade,cloudwatch,dev,13.34
cost-10169,2025-10-25,clearwater-trade,cloudwatch,uat,24.84
cost-10170,2025-10-25,clearwater-trade,cloudwatch,prod,111.25
cost-10171,2025-10-25,clearwater-settlement,ec2,dev,74.25
cost-10172,2025-10-25,clearwater-settlement,ec2,uat,148.57
cost-10173,2025-10-25,clearwater-settlement,ec2,prod,452.66
cost-10174,2025-10-25,clearwater-settlement,rds,dev,80.92
cost-10175,2025-10-25,clearwater-settlement,rds,uat,163.58
cost-10176,2025-10-25,clearwater-settlement,rds,prod,538.13
cost-10177,2025-10-25,clearwater-settlement,s3,dev,18.39
cost-10178,2025-10-25,clearwater-settlement,s3,uat,42.06
cost-10179,2025-10-25,clearwater-settlement,s3,prod,151.29
cost-10180,2025-10-25,clearwater-settlement,lambda,dev,26.21
cost-10181,2025-10-25,clearwater-settlement,lambda,uat,54.11
cost-10182,2025-10-25,clearwater-settlement,lambda,prod,207.05
cost-10183,2025-10-25,clearwater-settlement,eks,dev,34.11
cost-10184,2025-10-25,clearwater-settlement,eks,uat,62.94
cost-10185,2025-10-25,clearwater-settlement,eks,prod,252.49
cost-10186,2025-10-25,clearwater-settlement,cloudwatch,dev,12.88
cost-10187,2025-10-25,clearwater-settlement,cloudwatch,uat,27.92
cost-10188,2025-10-25,clearwater-settlement,cloudwatch,prod,87.92
cost-10189,2025-10-25,clearwater-sales,ec2,dev,27.25
cost-10190,2025-10-25,clearwater-sales,ec2,uat,65.46
cost-10191,2025-10-25,clearwater-sales,ec2,prod,207.39
cost-10192,2025-10-25,clearwater-sales,rds,dev,18.56
cost-10193,2025-10-25,clearwater-sales,rds,uat,36.81
cost-10194,2025-10-25,clearwater-sales,rds,prod,149.90
cost-10195,2025-10-25,clearwater-sales,s3,dev,14.55
cost-10196,2025-10-25,clearwater-sales,s3,uat,30.37
cost-10197,2025-10-25,clearwater-sales,s3,prod,116.62
cost-10198,2025-10-25,clearwater-sales,lambda,dev,34.58
cost-10199,2025-10-25,clearwater-sales,lambda,uat,72.09
cost-10200,2025-10-25,clearwater-sales,lambda,prod,250.70
cost-10201,2025-10-25,clearwater-sales,eks,dev,14.44
cost-10202,2025-10-25,clearwater-sales,eks,uat,26.54
cost-10203,2025-10-25,clearwater-sales,eks,prod,84.77
cost-10204,2025-10-25,clearwater-sales,cloudwatch,dev,10.57
cost-10205,2025-10-25,clearwater-sales,cloudwatch,uat,20.65
cost-10206,2025-10-25,clearwater-sales,cloudwatch,prod,66.24
cost-10207,2025-10-25,clearwater-collateral,ec2,dev,11.96
cost-10208,2025-10-25,clearwater-collateral,ec2,uat,26.03
cost-10209,2025-10-25,clearwater-collateral,ec2,prod,109.86
cost-10210,2025-10-25,clearwater-collateral,rds,dev,28.97
cost-10211,2025-10-25,clearwater-collateral,rds,uat,65.05
cost-10212,2025-10-25,clearwater-collateral,rds,prod,204.30
cost-10213,2025-10-25,clearwater-collateral,s3,dev,26.23
cost-10214,2025-10-25,clearwater-collateral,s3,uat,60.75
cost-10215,2025-10-25,clearwater-collateral,s3,prod,175.86
cost-10216,2025-10-25,clearwater-collateral,lambda,dev,7.10
cost-10217,2025-10-25,clearwater-collateral,lambda,uat,14.22
cost-10218,2025-10-25,clearwater-collateral,lambda,prod,55.71
cost-10219,2025-10-25,clearwater-collateral,eks,dev,6.25
cost-10220,2025-10-25,clearwater-collateral,eks,uat,12.61
cost-10221,2025-10-25,clearwater-collateral,eks,prod,42.91
cost-10222,2025-10-25,clearwater-collateral,cloudwatch,dev,4.66
cost-10223,2025-10-25,clearwater-collateral,cloudwatch,uat,10.76
cost-10224,2025-10-25,clearwater-collateral,cloudwatch,prod,35.87
cost-10225,2025-10-26,clearwater-trade,ec2,dev,96.25
cost-10226,2025-10-26,clearwater-trade,ec2,uat,224.26
cost-10227,2025-10-26,clearwater-trade,ec2,prod,628.81
cost-10228,2025-10-26,clearwater-trade,rds,dev,77.93
cost-10229,2025-10-26,clearwater-trade,rds,uat,161.04
cost-10230,2025-10-26,clearwater-trade,rds,prod,546.74
cost-10231,2025-10-26,clearwater-trade,s3,dev,14.16
cost-10232,2025-10-26,clearwater-trade,s3,uat,30.77
cost-10233,2025-10-26,clearwater-trade,s3,prod,92.08
cost-10234,2025-10-26,clearwater-trade,lambda,dev,26.21
cost-10235,2025-10-26,clearwater-trade,lambda,uat,52.53
cost-10236,2025-10-26,clearwater-trade,lambda,prod,214.22
cost-10237,2025-10-26,clearwater-trade,eks,dev,62.58
cost-10238,2025-10-26,clearwater-trade,eks,uat,96.20
cost-10239,2025-10-26,clearwater-trade,eks,prod,374.98
cost-10240,2025-10-26,clearwater-trade,cloudwatch,dev,15.94
cost-10241,2025-10-26,clearwater-trade,cloudwatch,uat,29.95
cost-10242,2025-10-26,clearwater-trade,cloudwatch,prod,104.58
cost-10243,2025-10-26,clearwater-settlement,ec2,dev,62.39
cost-10244,2025-10-26,clearwater-settlement,ec2,uat,163.48
cost-10245,2025-10-26,clearwater-settlement,ec2,prod,436.65
cost-10246,2025-10-26,clearwater-settlement,rds,dev,71.08
cost-10247,2025-10-26,clearwater-settlement,rds,uat,156.57
cost-10248,2025-10-26,clearwater-settlement,rds,prod,446.32
cost-10249,2025-10-26,clearwater-settlement,s3,dev,16.76
cost-10250,2025-10-26,clearwater-settlement,s3,uat,41.54
cost-10251,2025-10-26,clearwater-settlement,s3,prod,151.44
cost-10252,2025-10-26,clearwater-settlement,lambda,dev,28.05
cost-10253,2025-10-26,clearwater-settlement,lambda,uat,54.90
cost-10254,2025-10-26,clearwater-settlement,lambda,prod,190.16
cost-10255,2025-10-26,clearwater-settlement,eks,dev,36.49
cost-10256,2025-10-26,clearwater-settlement,eks,uat,68.35
cost-10257,2025-10-26,clearwater-settlement,eks,prod,247.15
cost-10258,2025-10-26,clearwater-settlement,cloudwatch,dev,12.21
cost-10259,2025-10-26,clearwater-settlement,cloudwatch,uat,27.03
cost-10260,2025-10-26,clearwater-settlement,cloudwatch,prod,78.42
cost-10261,2025-10-26,clearwater-sales,ec2,dev,30.82
cost-10262,2025-10-26,clearwater-sales,ec2,uat,57.09
cost-10263,2025-10-26,clearwater-sales,ec2,prod,249.41
cost-10264,2025-10-26,clearwater-sales,rds,dev,18.76
cost-10265,2025-10-26,clearwater-sales,rds,uat,40.58
cost-10266,2025-10-26,clearwater-sales,rds,prod,130.96
cost-10267,2025-10-26,clearwater-sales,s3,dev,15.10
cost-10268,2025-10-26,clearwater-sales,s3,uat,27.77
cost-10269,2025-10-26,clearwater-sales,s3,prod,108.74
cost-10270,2025-10-26,clearwater-sales,lambda,dev,37.53
cost-10271,2025-10-26,clearwater-sales,lambda,uat,76.61
cost-10272,2025-10-26,clearwater-sales,lambda,prod,263.15
cost-10273,2025-10-26,clearwater-sales,eks,dev,12.71
cost-10274,2025-10-26,clearwater-sales,eks,uat,24.30
cost-10275,2025-10-26,clearwater-sales,eks,prod,98.99
cost-10276,2025-10-26,clearwater-sales,cloudwatch,dev,11.53
cost-10277,2025-10-26,clearwater-sales,cloudwatch,uat,20.28
cost-10278,2025-10-26,clearwater-sales,cloudwatch,prod,81.38
cost-10279,2025-10-26,clearwater-collateral,ec2,dev,15.60
cost-10280,2025-10-26,clearwater-collateral,ec2,uat,30.88
cost-10281,2025-10-26,clearwater-collateral,ec2,prod,108.18
cost-10282,2025-10-26,clearwater-collateral,rds,dev,32.84
cost-10283,2025-10-26,clearwater-collateral,rds,uat,61.16
cost-10284,2025-10-26,clearwater-collateral,rds,prod,235.03
cost-10285,2025-10-26,clearwater-collateral,s3,dev,25.09
cost-10286,2025-10-26,clearwater-collateral,s3,uat,62.91
cost-10287,2025-10-26,clearwater-collateral,s3,prod,207.58
cost-10288,2025-10-26,clearwater-collateral,lambda,dev,8.59
cost-10289,2025-10-26,clearwater-collateral,lambda,uat,16.94
cost-10290,2025-10-26,clearwater-collateral,lambda,prod,48.01
cost-10291,2025-10-26,clearwater-collateral,eks,dev,7.35
cost-10292,2025-10-26,clearwater-collateral,eks,uat,13.85
cost-10293,2025-10-26,clearwater-collateral,eks,prod,49.06
cost-10294,2025-10-26,clearwater-collateral,cloudwatch,dev,4.27
cost-10295,2025-10-26,clearwater-collateral,cloudwatch,uat,10.61
cost-10296,2025-10-26,clearwater-collateral,cloudwatch,prod,28.65
cost-10297,2025-10-27,clearwater-trade,ec2,dev,91.42
cost-10298,2025-10-27,clearwater-trade,ec2,uat,173.73
cost-10299,2025-10-27,clearwater-trade,ec2,prod,769.74
cost-10300,2025-10-27,clearwater-trade,rds,dev,73.23
cost-10301,2025-10-27,clearwater-trade,rds,uat,148.10
cost-10302,2025-10-27,clearwater-trade,rds,prod,459.38
cost-10303,2025-10-27,clearwater-trade,s3,dev,16.12
cost-10304,2025-10-27,clearwater-trade,s3,uat,25.22
cost-10305,2025-10-27,clearwater-trade,s3,prod,111.14
cost-10306,2025-10-27,clearwater-trade,lambda,dev,29.80
cost-10307,2025-10-27,clearwater-trade,lambda,uat,51.85
cost-10308,2025-10-27,clearwater-trade,lambda,prod,171.84
cost-10309,2025-10-27,clearwater-trade,eks,dev,48.79
cost-10310,2025-10-27,clearwater-trade,eks,uat,112.99
cost-10311,2025-10-27,clearwater-trade,eks,prod,440.15
cost-10312,2025-10-27,clearwater-trade,cloudwatch,dev,14.30
cost-10313,2025-10-27,clearwater-trade,cloudwatch,uat,30.07
cost-10314,2025-10-27,clearwater-trade,cloudwatch,prod,110.91
cost-10315,2025-10-27,clearwater-settlement,ec2,dev,75.73
cost-10316,2025-10-27,clearwater-settlement,ec2,uat,127.03
cost-10317,2025-10-27,clearwater-settlement,ec2,prod,445.83
cost-10318,2025-10-27,clearwater-settlement,rds,dev,77.26
cost-10319,2025-10-27,clearwater-settlement,rds,uat,138.90
cost-10320,2025-10-27,clearwater-settlement,rds,prod,530.06
cost-10321,2025-10-27,clearwater-settlement,s3,dev,18.50
cost-10322,2025-10-27,clearwater-settlement,s3,uat,36.55
cost-10323,2025-10-27,clearwater-settlement,s3,prod,143.15
cost-10324,2025-10-27,clearwater-settlement,lambda,dev,27.35
cost-10325,2025-10-27,clearwater-settlement,lambda,uat,66.91
cost-10326,2025-10-27,clearwater-settlement,lambda,prod,218.69
cost-10327,2025-10-27,clearwater-settlement,eks,dev,35.66
cost-10328,2025-10-27,clearwater-settlement,eks,uat,74.20
cost-10329,2025-10-27,clearwater-settlement,eks,prod,234.91
cost-10330,2025-10-27,clearwater-settlement,cloudwatch,dev,13.24
cost-10331,2025-10-27,clearwater-settlement,cloudwatch,uat,27.13
cost-10332,2025-10-27,clearwater-settlement,cloudwatch,prod,92.84
cost-10333,2025-10-27,clearwater-sales,ec2,dev,33.02
cost-10334,2025-10-27,clearwater-sales,ec2,uat,69.84
cost-10335,2025-10-27,clearwater-sales,ec2,prod,219.30
cost-10336,2025-10-27,clearwater-sales,rds,dev,19.89
cost-10337,2025-10-27,clearwater-sales,rds,uat,40.59
cost-10338,2025-10-27,clearwater-sales,rds,prod,153.34
cost-10339,2025-10-27,clearwater-sales,s3,dev,13.46
cost-10340,2025-10-27,clearwater-sales,s3,uat,30.43
cost-10341,2025-10-27,clearwater-sales,s3,prod,110.99
cost-10342,2025-10-27,clearwater-sales,lambda,dev,33.23
cost-10343,2025-10-27,clearwater-sales,lambda,uat,72.25
cost-10344,2025-10-27,clearwater-sales,lambda,prod,260.88
cost-10345,2025-10-27,clearwater-sales,eks,dev,13.71
cost-10346,2025-10-27,clearwater-sales,eks,uat,28.39
cost-10347,2025-10-27,clearwater-sales,eks,prod,97.08
cost-10348,2025-10-27,clearwater-sales,cloudwatch,dev,10.39
cost-10349,2025-10-27,clearwater-sales,cloudwatch,uat,19.63
cost-10350,2025-10-27,clearwater-sales,cloudwatch,prod,65.92
cost-10351,2025-10-27,clearwater-collateral,ec2,dev,12.12
cost-10352,2025-10-27,clearwater-collateral,ec2,uat,26.61
cost-10353,2025-10-27,clearwater-collateral,ec2,prod,106.66
cost-10354,2025-10-27,clearwater-collateral,rds,dev,32.56
cost-10355,2025-10-27,clearwater-collateral,rds,uat,71.48
cost-10356,2025-10-27,clearwater-collateral,rds,prod,261.09
cost-10357,2025-10-27,clearwater-collateral,s3,dev,31.89
cost-10358,2025-10-27,clearwater-collateral,s3,uat,59.40
cost-10359,2025-10-27,clearwater-collateral,s3,prod,197.05
cost-10360,2025-10-27,clearwater-collateral,lambda,dev,7.05
cost-10361,2025-10-27,clearwater-collateral,lambda,uat,14.75
cost-10362,2025-10-27,clearwater-collateral,lambda,prod,46.57
cost-10363,2025-10-27,clearwater-collateral,eks,dev,7.02
cost-10364,2025-10-27,clearwater-collateral,eks,uat,11.90
cost-10365,2025-10-27,clearwater-collateral,eks,prod,51.73
cost-10366,2025-10-27,clearwater-collateral,cloudwatch,dev,4.30
cost-10367,2025-10-27,clearwater-collateral,cloudwatch,uat,9.89
cost-10368,2025-10-27,clearwater-collateral,cloudwatch,prod,36.90
cost-10369,2025-10-28,clearwater-trade,ec2,dev,93.65
cost-10370,2025-10-28,clearwater-trade,ec2,uat,190.43
cost-10371,2025-10-28,clearwater-trade,ec2,prod,726.20
cost-10372,2025-10-28,clearwater-trade,rds,dev,73.88
cost-10373,2025-10-28,clearwater-trade,rds,uat,150.20
cost-10374,2025-10-28,clearwater-trade,rds,prod,488.84
cost-10375,2025-10-28,clearwater-trade,s3,dev,15.14
cost-10376,2025-10-28,clearwater-trade,s3,uat,24.57
cost-10377,2025-10-28,clearwater-trade,s3,prod,91.30
cost-10378,2025-10-28,clearwater-trade,lambda,dev,26.83
cost-10379,2025-10-28,clearwater-trade,lambda,uat,49.54
cost-10380,2025-10-28,clearwater-trade,lambda,prod,180.09
cost-10381,2025-10-28,clearwater-trade,eks,dev,50.75
cost-10382,2025-10-28,clearwater-trade,eks,uat,105.02
cost-10383,2025-10-28,clearwater-trade,eks,prod,427.77
cost-10384,2025-10-28,clearwater-trade,cloudwatch,dev,13.13
cost-10385,2025-10-28,clearwater-trade,cloudwatch,uat,29.46
cost-10386,2025-10-28,clearwater-trade,cloudwatch,prod,104.66
cost-10387,2025-10-28,clearwater-settlement,ec2,dev,76.58
cost-10388,2025-10-28,clearwater-settlement,ec2,uat,139.41
cost-10389,2025-10-28,clearwater-settlement,ec2,prod,454.96
cost-10390,2025-10-28,clearwater-settlement,rds,dev,71.03
cost-10391,2025-10-28,clearwater-settlement,rds,uat,133.26
cost-10392,2025-10-28,clearwater-settlement,rds,prod,534.47
cost-10393,2025-10-28,clearwater-settlement,s3,dev,19.99
cost-10394,2025-10-28,clearwater-settlement,s3,uat,36.65
cost-10395,2025-10-28,clearwater-settlement,s3,prod,122.41
cost-10396,2025-10-28,clearwater-settlement,lambda,dev,28.26
cost-10397,2025-10-28,clearwater-settlement,lambda,uat,57.96
cost-10398,2025-10-28,clearwater-settlement,lambda,prod,218.57
cost-10399,2025-10-28,clearwater-settlement,eks,dev,39.38
cost-10400,2025-10-28,clearwater-settlement,eks,uat,62.18
cost-10401,2025-10-28,clearwater-settlement,eks,prod,261.62
cost-10402,2025-10-28,clearwater-settlement,cloudwatch,dev,10.47
cost-10403,2025-10-28,clearwater-settlement,cloudwatch,uat,23.97
cost-10404,2025-10-28,clearwater-settlement,cloudwatch,prod,85.36
cost-10405,2025-10-28,clearwater-sales,ec2,dev,32.22
cost-10406,2025-10-28,clearwater-sales,ec2,uat,65.08
cost-10407,2025-10-28,clearwater-sales,ec2,prod,218.32
cost-10408,2025-10-28,clearwater-sales,rds,dev,17.98
cost-10409,2025-10-28,clearwater-sales,rds,uat,35.29
cost-10410,2025-10-28,clearwater-sales,rds,prod,145.38
cost-10411,2025-10-28,clearwater-sales,s3,dev,17.23
cost-10412,2025-10-28,clearwater-sales,s3,uat,30.92
cost-10413,2025-10-28,clearwater-sales,s3,prod,113.43
cost-10414,2025-10-28,clearwater-sales,lambda,dev,42.15
cost-10415,2025-10-28,clearwater-sales,lambda,uat,73.13
cost-10416,2025-10-28,clearwater-sales,lambda,prod,299.17
cost-10417,2025-10-28,clearwater-sales,eks,dev,11.94
cost-10418,2025-10-28,clearwater-sales,eks,uat,26.21
cost-10419,2025-10-28,clearwater-sales,eks,prod,98.31
cost-10420,2025-10-28,clearwater-sales,cloudwatch,dev,9.31
cost-10421,2025-10-28,clearwater-sales,cloudwatch,uat,17.64
cost-10422,2025-10-28,clearwater-sales,cloudwatch,prod,62.99
cost-10423,2025-10-28,clearwater-collateral,ec2,dev,16.01
cost-10424,2025-10-28,clearwater-collateral,ec2,uat,29.85
cost-10425,2025-10-28,clearwater-collateral,ec2,prod,96.78
cost-10426,2025-10-28,clearwater-collateral,rds,dev,29.91
cost-10427,2025-10-28,clearwater-collateral,rds,uat,58.53
cost-10428,2025-10-28,clearwater-collateral,rds,prod,234.95
cost-10429,2025-10-28,clearwater-collateral,s3,dev,28.20
cost-10430,2025-10-28,clearwater-collateral,s3,uat,61.38
cost-10431,2025-10-28,clearwater-collateral,s3,prod,196.38
cost-10432,2025-10-28,clearwater-collateral,lambda,dev,6.61
cost-10433,2025-10-28,clearwater-collateral,lambda,uat,16.08
cost-10434,2025-10-28,clearwater-collateral,lambda,prod,54.63
cost-10435,2025-10-28,clearwater-collateral,eks,dev,6.67
cost-10436,2025-10-28,clearwater-collateral,eks,uat,11.27
cost-10437,2025-10-28,clearwater-collateral,eks,prod,39.74
cost-10438,2025-10-28,clearwater-collateral,cloudwatch,dev,4.01
cost-10439,2025-10-28,clearwater-collateral,cloudwatch,uat,9.29
cost-10440,2025-10-28,clearwater-collateral,cloudwatch,prod,35.99
cost-10441,2025-10-29,clearwater-trade,ec2,dev,85.13
cost-10442,2025-10-29,clearwater-trade,ec2,uat,171.87
cost-10443,2025-10-29,clearwater-trade,ec2,prod,735.82
cost-10444,2025-10-29,clearwater-trade,rds,dev,61.21
cost-10445,2025-10-29,clearwater-trade,rds,uat,150.74
cost-10446,2025-10-29,clearwater-trade,rds,prod,502.47
cost-10447,2025-10-29,clearwater-trade,s3,dev,12.51
cost-10448,2025-10-29,clearwater-trade,s3,uat,28.82
cost-10449,2025-10-29,clearwater-trade,s3,prod,106.65
cost-10450,2025-10-29,clearwater-trade,lambda,dev,24.09
cost-10451,2025-10-29,clearwater-trade,lambda,uat,61.02
cost-10452,2025-10-29,clearwater-trade,lambda,prod,172.60
cost-10453,2025-10-29,clearwater-trade,eks,dev,53.54
cost-10454,2025-10-29,clearwater-trade,eks,uat,113.37
cost-10455,2025-10-29,clearwater-trade,eks,prod,339.88
cost-10456,2025-10-29,clearwater-trade,cloudwatch,dev,13.24
cost-10457,2025-10-29,clearwater-trade,cloudwatch,uat,24.67
cost-10458,2025-10-29,clearwater-trade,cloudwatch,prod,95.85
cost-10459,2025-10-29,clearwater-settlement,ec2,dev,64.24
cost-10460,2025-10-29,clearwater-settlement,ec2,uat,144.90
cost-10461,2025-10-29,clearwater-settlement,ec2,prod,558.92
cost-10462,2025-10-29,clearwater-settlement,rds,dev,72.61
cost-10463,2025-10-29,clearwater-settlement,rds,uat,152.67
cost-10464,2025-10-29,clearwater-settlement,rds,prod,576.72
cost-10465,2025-10-29,clearwater-settlement,s3,dev,17.78
cost-10466,2025-10-29,clearwater-settlement,s3,uat,33.33
cost-10467,2025-10-29,clearwater-settlement,s3,prod,129.39
cost-10468,2025-10-29,clearwater-settlement,lambda,dev,25.18
cost-10469,2025-10-29,clearwater-settlement,lambda,uat,63.11
cost-10470,2025-10-29,clearwater-settlement,lambda,prod,181.65
cost-10471,2025-10-29,clearwater-settlement,eks,dev,41.32
cost-10472,2025-10-29,clearwater-settlement,eks,uat,74.36
cost-10473,2025-10-29,clearwater-settlement,eks,prod,262.27
cost-10474,2025-10-29,clearwater-settlement,cloudwatch,dev,11.83
cost-10475,2025-10-29,clearwater-settlement,cloudwatch,uat,24.85
cost-10476,2025-10-29,clearwater-settlement,cloudwatch,prod,77.97
cost-10477,2025-10-29,clearwater-sales,ec2,dev,27.25
cost-10478,2025-10-29,clearwater-sales,ec2,uat,71.41
cost-10479,2025-10-29,clearwater-sales,ec2,prod,235.90
cost-10480,2025-10-29,clearwater-sales,rds,dev,20.94
cost-10481,2025-10-29,clearwater-sales,rds,uat,35.89
cost-10482,2025-10-29,clearwater-sales,rds,prod,120.57
cost-10483,2025-10-29,clearwater-sales,s3,dev,15.03
cost-10484,2025-10-29,clearwater-sales,s3,uat,32.75
cost-10485,2025-10-29,clearwater-sales,s3,prod,105.15
cost-10486,2025-10-29,clearwater-sales,lambda,dev,36.22
cost-10487,2025-10-29,clearwater-sales,lambda,uat,70.19
cost-10488,2025-10-29,clearwater-sales,lambda,prod,261.55
cost-10489,2025-10-29,clearwater-sales,eks,dev,13.43
cost-10490,2025-10-29,clearwater-sales,eks,uat,24.65
cost-10491,2025-10-29,clearwater-sales,eks,prod,89.65
cost-10492,2025-10-29,clearwater-sales,cloudwatch,dev,11.29
cost-10493,2025-10-29,clearwater-sales,cloudwatch,uat,18.63
cost-10494,2025-10-29,clearwater-sales,cloudwatch,prod,62.99
cost-10495,2025-10-29,clearwater-collateral,ec2,dev,15.57
cost-10496,2025-10-29,clearwater-collateral,ec2,uat,32.00
cost-10497,2025-10-29,clearwater-collateral,ec2,prod,90.20
cost-10498,2025-10-29,clearwater-collateral,rds,dev,34.68
cost-10499,2025-10-29,clearwater-collateral,rds,uat,56.55
cost-10500,2025-10-29,clearwater-collateral,rds,prod,226.47
cost-10501,2025-10-29,clearwater-collateral,s3,dev,32.17
cost-10502,2025-10-29,clearwater-collateral,s3,uat,48.64
cost-10503,2025-10-29,clearwater-collateral,s3,prod,180.39
cost-10504,2025-10-29,clearwater-collateral,lambda,dev,7.16
cost-10505,2025-10-29,clearwater-collateral,lambda,uat,16.08
cost-10506,2025-10-29,clearwater-collateral,lambda,prod,58.02
cost-10507,2025-10-29,clearwater-collateral,eks,dev,7.32
cost-10508,2025-10-29,clearwater-collateral,eks,uat,12.18
cost-10509,2025-10-29,clearwater-collateral,eks,prod,39.41
cost-10510,2025-10-29,clearwater-collateral,cloudwatch,dev,3.99
cost-10511,2025-10-29,clearwater-collateral,cloudwatch,uat,10.48
cost-10512,2025-10-29,clearwater-collateral,cloudwatch,prod,30.16
cost-10513,2025-10-30,clearwater-trade,ec2,dev,111.88
cost-10514,2025-10-30,clearwater-trade,ec2,uat,179.14
cost-10515,2025-10-30,clearwater-trade,ec2,prod,606.93
cost-10516,2025-10-30,clearwater-trade,rds,dev,74.07
cost-10517,2025-10-30,clearwater-trade,rds,uat,145.33
cost-10518,2025-10-30,clearwater-trade,rds,prod,542.83
cost-10519,2025-10-30,clearwater-trade,s3,dev,14.75
cost-10520,2025-10-30,clearwater-trade,s3,uat,27.22
cost-10521,2025-10-30,clearwater-trade,s3,prod,111.61
cost-10522,2025-10-30,clearwater-trade,lambda,dev,32.35
cost-10523,2025-10-30,clearwater-trade,lambda,uat,48.39
cost-10524,2025-10-30,clearwater-trade,lambda,prod,188.12
cost-10525,2025-10-30,clearwater-trade,eks,dev,63.34
cost-10526,2025-10-30,clearwater-trade,eks,uat,97.29
cost-10527,2025-10-30,clearwater-trade,eks,prod,344.36
cost-10528,2025-10-30,clearwater-trade,cloudwatch,dev,13.59
cost-10529,2025-10-30,clearwater-trade,cloudwatch,uat,25.09
cost-10530,2025-10-30,clearwater-trade,cloudwatch,prod,109.58
cost-10531,2025-10-30,clearwater-settlement,ec2,dev,68.02
cost-10532,2025-10-30,clearwater-settlement,ec2,uat,145.94
cost-10533,2025-10-30,clearwater-settlement,ec2,prod,561.25
cost-10534,2025-10-30,clearwater-settlement,rds,dev,72.58
cost-10535,2025-10-30,clearwater-settlement,rds,uat,156.43
cost-10536,2025-10-30,clearwater-settlement,rds,prod,458.96
cost-10537,2025-10-30,clearwater-settlement,s3,dev,21.62
cost-10538,2025-10-30,clearwater-settlement,s3,uat,41.27
cost-10539,2025-10-30,clearwater-settlement,s3,prod,136.67
cost-10540,2025-10-30,clearwater-settlement,lambda,dev,26.39
cost-10541,2025-10-30,clearwater-settlement,lambda,uat,62.44
cost-10542,2025-10-30,clearwater-settlement,lambda,prod,194.10
cost-10543,2025-10-30,clearwater-settlement,eks,dev,33.69
cost-10544,2025-10-30,clearwater-settlement,eks,uat,83.20
cost-10545,2025-10-30,clearwater-settlement,eks,prod,244.98
cost-10546,2025-10-30,clearwater-settlement,cloudwatch,dev,12.02
cost-10547,2025-10-30,clearwater-settlement,cloudwatch,uat,23.82
cost-10548,2025-10-30,clearwater-settlement,cloudwatch,prod,82.42
cost-10549,2025-10-30,clearwater-sales,ec2,dev,36.51
cost-10550,2025-10-30,clearwater-sales,ec2,uat,68.84
cost-10551,2025-10-30,clearwater-sales,ec2,prod,232.94
cost-10552,2025-10-30,clearwater-sales,rds,dev,21.09
cost-10553,2025-10-30,clearwater-sales,rds,uat,36.61
cost-10554,2025-10-30,clearwater-sales,rds,prod,127.31
cost-10555,2025-10-30,clearwater-sales,s3,dev,13.66
cost-10556,2025-10-30,clearwater-sales,s3,uat,33.75
cost-10557,2025-10-30,clearwater-sales,s3,prod,109.56
cost-10558,2025-10-30,clearwater-sales,lambda,dev,37.54
cost-10559,2025-10-30,clearwater-sales,lambda,uat,78.71
cost-10560,2025-10-30,clearwater-sales,lambda,prod,284.52
cost-10561,2025-10-30,clearwater-sales,eks,dev,12.39
cost-10562,2025-10-30,clearwater-sales,eks,uat,21.77
cost-10563,2025-10-30,clearwater-sales,eks,prod,88.92
cost-10564,2025-10-30,clearwater-sales,cloudwatch,dev,11.39
cost-10565,2025-10-30,clearwater-sales,cloudwatch,uat,23.05
cost-10566,2025-10-30,clearwater-sales,cloudwatch,prod,62.27
cost-10567,2025-10-30,clearwater-collateral,ec2,dev,12.03
cost-10568,2025-10-30,clearwater-collateral,ec2,uat,29.26
cost-10569,2025-10-30,clearwater-collateral,ec2,prod,106.46
cost-10570,2025-10-30,clearwater-collateral,rds,dev,29.22
cost-10571,2025-10-30,clearwater-collateral,rds,uat,63.31
cost-10572,2025-10-30,clearwater-collateral,rds,prod,209.26
cost-10573,2025-10-30,clearwater-collateral,s3,dev,24.22
cost-10574,2025-10-30,clearwater-collateral,s3,uat,51.91
cost-10575,2025-10-30,clearwater-collateral,s3,prod,206.89
cost-10576,2025-10-30,clearwater-collateral,lambda,dev,7.24
cost-10577,2025-10-30,clearwater-collateral,lambda,uat,14.80
cost-10578,2025-10-30,clearwater-collateral,lambda,prod,59.19
cost-10579,2025-10-30,clearwater-collateral,eks,dev,7.22
cost-10580,2025-10-30,clearwater-collateral,eks,uat,13.49
cost-10581,2025-10-30,clearwater-collateral,eks,prod,39.52
cost-10582,2025-10-30,clearwater-collateral,cloudwatch,dev,5.13
cost-10583,2025-10-30,clearwater-collateral,cloudwatch,uat,8.75
cost-10584,2025-10-30,clearwater-collateral,cloudwatch,prod,37.65
cost-10585,2025-10-31,clearwater-trade,ec2,dev,108.43
cost-10586,2025-10-31,clearwater-trade,ec2,uat,175.17
cost-10587,2025-10-31,clearwater-trade,ec2,prod,681.84
cost-10588,2025-10-31,clearwater-trade,rds,dev,74.87
cost-10589,2025-10-31,clearwater-trade,rds,uat,140.88
cost-10590,2025-10-31,clearwater-trade,rds,prod,418.62
cost-10591,2025-10-31,clearwater-trade,s3,dev,12.65
cost-10592,2025-10-31,clearwater-trade,s3,uat,23.95
cost-10593,2025-10-31,clearwater-trade,s3,prod,108.49
cost-10594,2025-10-31,clearwater-trade,lambda,dev,27.07
cost-10595,2025-10-31,clearwater-trade,lambda,uat,60.61
cost-10596,2025-10-31,clearwater-trade,lambda,prod,220.28
cost-10597,2025-10-31,clearwater-trade,eks,dev,60.85
cost-10598,2025-10-31,clearwater-trade,eks,uat,109.53
cost-10599,2025-10-31,clearwater-trade,eks,prod,437.52
cost-10600,2025-10-31,clearwater-trade,cloudwatch,dev,15.77
cost-10601,2025-10-31,clearwater-trade,cloudwatch,uat,26.24
cost-10602,2025-10-31,clearwater-trade,cloudwatch,prod,109.96
cost-10603,2025-10-31,clearwater-settlement,ec2,dev,71.27
cost-10604,2025-10-31,clearwater-settlement,ec2,uat,131.09
cost-10605,2025-10-31,clearwater-settlement,ec2,prod,470.74
cost-10606,2025-10-31,clearwater-settlement,rds,dev,75.14
cost-10607,2025-10-31,clearwater-settlement,rds,uat,166.07
cost-10608,2025-10-31,clearwater-settlement,rds,prod,458.78
cost-10609,2025-10-31,clearwater-settlement,s3,dev,17.10
cost-10610,2025-10-31,clearwater-settlement,s3,uat,33.46
cost-10611,2025-10-31,clearwater-settlement,s3,prod,125.59
cost-10612,2025-10-31,clearwater-settlement,lambda,dev,31.49
cost-10613,2025-10-31,clearwater-settlement,lambda,uat,58.85
cost-10614,2025-10-31,clearwater-settlement,lambda,prod,210.93
cost-10615,2025-10-31,clearwater-settlement,eks,dev,41.04
cost-10616,2025-10-31,clearwater-settlement,eks,uat,73.72
cost-10617,2025-10-31,clearwater-settlement,eks,prod,251.33
cost-10618,2025-10-31,clearwater-settlement,cloudwatch,dev,12.57
cost-10619,2025-10-31,clearwater-settlement,cloudwatch,uat,21.14
cost-10620,2025-10-31,clearwater-settlement,cloudwatch,prod,86.15
cost-10621,2025-10-31,clearwater-sales,ec2,dev,32.20
cost-10622,2025-10-31,clearwater-sales,ec2,uat,71.46
cost-10623,2025-10-31,clearwater-sales,ec2,prod,198.23
cost-10624,2025-10-31,clearwater-sales,rds,dev,18.76
cost-10625,2025-10-31,clearwater-sales,rds,uat,33.25
cost-10626,2025-10-31,clearwater-sales,rds,prod,127.69
cost-10627,2025-10-31,clearwater-sales,s3,dev,15.42
cost-10628,2025-10-31,clearwater-sales,s3,uat,33.19
cost-10629,2025-10-31,clearwater-sales,s3,prod,105.19
cost-10630,2025-10-31,clearwater-sales,lambda,dev,33.33
cost-10631,2025-10-31,clearwater-sales,lambda,uat,76.78
cost-10632,2025-10-31,clearwater-sales,lambda,prod,276.82
cost-10633,2025-10-31,clearwater-sales,eks,dev,11.57
cost-10634,2025-10-31,clearwater-sales,eks,uat,22.42
cost-10635,2025-10-31,clearwater-sales,eks,prod,94.78
cost-10636,2025-10-31,clearwater-sales,cloudwatch,dev,11.35
cost-10637,2025-10-31,clearwater-sales,cloudwatch,uat,20.15
cost-10638,2025-10-31,clearwater-sales,cloudwatch,prod,79.80
cost-10639,2025-10-31,clearwater-collateral,ec2,dev,13.82
cost-10640,2025-10-31,clearwater-collateral,ec2,uat,29.76
cost-10641,2025-10-31,clearwater-collateral,ec2,prod,104.01
cost-10642,2025-10-31,clearwater-collateral,rds,dev,29.47
cost-10643,2025-10-31,clearwater-collateral,rds,uat,75.01
cost-10644,2025-10-31,clearwater-collateral,rds,prod,213.81
cost-10645,2025-10-31,clearwater-collateral,s3,dev,27.25
cost-10646,2025-10-31,clearwater-collateral,s3,uat,62.46
cost-10647,2025-10-31,clearwater-collateral,s3,prod,182.34
cost-10648,2025-10-31,clearwater-collateral,lambda,dev,6.77
cost-10649,2025-10-31,clearwater-collateral,lambda,uat,14.08
cost-10650,2025-10-31,clearwater-collateral,lambda,prod,46.29
cost-10651,2025-10-31,clearwater-collateral,eks,dev,5.75
cost-10652,2025-10-31,clearwater-collateral,eks,uat,11.82
cost-10653,2025-10-31,clearwater-collateral,eks,prod,47.05
cost-10654,2025-10-31,clearwater-collateral,cloudwatch,dev,5.35
cost-10655,2025-10-31,clearwater-collateral,cloudwatch,uat,8.33
cost-10656,2025-10-31,clearwater-collateral,cloudwatch,prod,30.36
cost-10657,2025-11-01,clearwater-trade,ec2,dev,102.39
cost-10658,2025-11-01,clearwater-trade,ec2,uat,225.83
cost-10659,2025-11-01,clearwater-trade,ec2,prod,639.93
cost-10660,2025-11-01,clearwater-trade,rds,dev,82.59
cost-10661,2025-11-01,clearwater-trade,rds,uat,142.33
cost-10662,2025-11-01,clearwater-trade,rds,prod,527.66
cost-10663,2025-11-01,clearwater-trade,s3,dev,15.36
cost-10664,2025-11-01,clearwater-trade,s3,uat,32.01
cost-10665,2025-11-01,clearwater-trade,s3,prod,106.07
cost-10666,2025-11-01,clearwater-trade,lambda,dev,25.29
cost-10667,2025-11-01,clearwater-trade,lambda,uat,51.05
cost-10668,2025-11-01,clearwater-trade,lambda,prod,196.87
cost-10669,2025-11-01,clearwater-trade,eks,dev,55.69
cost-10670,2025-11-01,clearwater-trade,eks,uat,132.17
cost-10671,2025-11-01,clearwater-trade,eks,prod,352.47
cost-10672,2025-11-01,clearwater-trade,cloudwatch,dev,16.39
cost-10673,2025-11-01,clearwater-trade,cloudwatch,uat,31.40
cost-10674,2025-11-01,clearwater-trade,cloudwatch,prod,91.29
cost-10675,2025-11-01,clearwater-settlement,ec2,dev,77.54
cost-10676,2025-11-01,clearwater-settlement,ec2,uat,161.60
cost-10677,2025-11-01,clearwater-settlement,ec2,prod,502.82
cost-10678,2025-11-01,clearwater-settlement,rds,dev,68.29
cost-10679,2025-11-01,clearwater-settlement,rds,uat,132.99
cost-10680,2025-11-01,clearwater-settlement,rds,prod,589.87
cost-10681,2025-11-01,clearwater-settlement,s3,dev,18.00
cost-10682,2025-11-01,clearwater-settlement,s3,uat,38.72
cost-10683,2025-11-01,clearwater-settlement,s3,prod,142.35
cost-10684,2025-11-01,clearwater-settlement,lambda,dev,31.51
cost-10685,2025-11-01,clearwater-settlement,lambda,uat,66.01
cost-10686,2025-11-01,clearwater-settlement,lambda,prod,238.60
cost-10687,2025-11-01,clearwater-settlement,eks,dev,41.94
cost-10688,2025-11-01,clearwater-settlement,eks,uat,71.15
cost-10689,2025-11-01,clearwater-settlement,eks,prod,292.76
cost-10690,2025-11-01,clearwater-settlement,cloudwatch,dev,13.96
cost-10691,2025-11-01,clearwater-settlement,cloudwatch,uat,26.98
cost-10692,2025-11-01,clearwater-settlement,cloudwatch,prod,84.48
cost-10693,2025-11-01,clearwater-sales,ec2,dev,36.72
cost-10694,2025-11-01,clearwater-sales,ec2,uat,55.89
cost-10695,2025-11-01,clearwater-sales,ec2,prod,245.67
cost-10696,2025-11-01,clearwater-sales,rds,dev,21.46
cost-10697,2025-11-01,clearwater-sales,rds,uat,33.54
cost-10698,2025-11-01,clearwater-sales,rds,prod,141.85
cost-10699,2025-11-01,clearwater-sales,s3,dev,14.02
cost-10700,2025-11-01,clearwater-sales,s3,uat,30.39
cost-10701,2025-11-01,clearwater-sales,s3,prod,103.01
cost-10702,2025-11-01,clearwater-sales,lambda,dev,36.81
cost-10703,2025-11-01,clearwater-sales,lambda,uat,76.78
cost-10704,2025-11-01,clearwater-sales,lambda,prod,244.55
cost-10705,2025-11-01,clearwater-sales,eks,dev,14.11
cost-10706,2025-11-01,clearwater-sales,eks,uat,28.09
cost-10707,2025-11-01,clearwater-sales,eks,prod,84.85
cost-10708,2025-11-01,clearwater-sales,cloudwatch,dev,11.09
cost-10709,2025-11-01,clearwater-sales,cloudwatch,uat,18.87
cost-10710,2025-11-01,clearwater-sales,cloudwatch,prod,82.31
cost-10711,2025-11-01,clearwater-collateral,ec2,dev,15.56
cost-10712,2025-11-01,clearwater-collateral,ec2,uat,27.39
cost-10713,2025-11-01,clearwater-collateral,ec2,prod,90.87
cost-10714,2025-11-01,clearwater-collateral,rds,dev,33.92
cost-10715,2025-11-01,clearwater-collateral,rds,uat,68.60
cost-10716,2025-11-01,clearwater-collateral,rds,prod,246.20
cost-10717,2025-11-01,clearwater-collateral,s3,dev,32.14
cost-10718,2025-11-01,clearwater-collateral,s3,uat,59.81
cost-10719,2025-11-01,clearwater-collateral,s3,prod,192.05
cost-10720,2025-11-01,clearwater-collateral,lambda,dev,8.35
cost-10721,2025-11-01,clearwater-collateral,lambda,uat,15.36
cost-10722,2025-11-01,clearwater-collateral,lambda,prod,58.00
cost-10723,2025-11-01,clearwater-collateral,eks,dev,6.46
cost-10724,2025-11-01,clearwater-collateral,eks,uat,12.08
cost-10725,2025-11-01,clearwater-collateral,eks,prod,47.54
cost-10726,2025-11-01,clearwater-collateral,cloudwatch,dev,4.57
cost-10727,2025-11-01,clearwater-collateral,cloudwatch,uat,9.94
cost-10728,2025-11-01,clearwater-collateral,cloudwatch,prod,36.19
cost-10729,2025-11-02,clearwater-trade,ec2,dev,96.08
cost-10730,2025-11-02,clearwater-trade,ec2,uat,203.88
cost-10731,2025-11-02,clearwater-trade,ec2,prod,654.66
cost-10732,2025-11-02,clearwater-trade,rds,dev,62.45
cost-10733,2025-11-02,clearwater-trade,rds,uat,134.42
cost-10734,2025-11-02,clearwater-trade,rds,prod,469.35
cost-10735,2025-11-02,clearwater-trade,s3,dev,12.54
cost-10736,2025-11-02,clearwater-trade,s3,uat,30.67
cost-10737,2025-11-02,clearwater-trade,s3,prod,88.42
cost-10738,2025-11-02,clearwater-trade,lambda,dev,32.75
cost-10739,2025-11-02,clearwater-trade,lambda,uat,59.25
cost-10740,2025-11-02,clearwater-trade,lambda,prod,228.74
cost-10741,2025-11-02,clearwater-trade,eks,dev,50.48
cost-10742,2025-11-02,clearwater-trade,eks,uat,115.81
cost-10743,2025-11-02,clearwater-trade,eks,prod,430.11
cost-10744,2025-11-02,clearwater-trade,cloudwatch,dev,12.67
cost-10745,2025-11-02,clearwater-trade,cloudwatch,uat,33.23
cost-10746,2025-11-02,clearwater-trade,cloudwatch,prod,90.20
cost-10747,2025-11-02,clearwater-settlement,ec2,dev,72.47
cost-10748,2025-11-02,clearwater-settlement,ec2,uat,147.81
cost-10749,2025-11-02,clearwater-settlement,ec2,prod,550.14
cost-10750,2025-11-02,clearwater-settlement,rds,dev,83.98
cost-10751,2025-11-02,clearwater-settlement,rds,uat,136.41
cost-10752,2025-11-02,clearwater-settlement,rds,prod,454.65
cost-10753,2025-11-02,clearwater-settlement,s3,dev,17.17
cost-10754,2025-11-02,clearwater-settlement,s3,uat,35.50
cost-10755,2025-11-02,clearwater-settlement,s3,prod,138.02
cost-10756,2025-11-02,clearwater-settlement,lambda,dev,33.11
cost-10757,2025-11-02,clearwater-settlement,lambda,uat,63.13
cost-10758,2025-11-02,clearwater-settlement,lambda,prod,193.56
cost-10759,2025-11-02,clearwater-settlement,eks,dev,32.31
cost-10760,2025-11-02,clearwater-settlement,eks,uat,83.49
cost-10761,2025-11-02,clearwater-settlement,eks,prod,282.37
cost-10762,2025-11-02,clearwater-settlement,cloudwatch,dev,11.39
cost-10763,2025-11-02,clearwater-settlement,cloudwatch,uat,21.78
cost-10764,2025-11-02,clearwater-settlement,cloudwatch,prod,84.39
cost-10765,2025-11-02,clearwater-sales,ec2,dev,34.30
cost-10766,2025-11-02,clearwater-sales,ec2,uat,59.54
cost-10767,2025-11-02,clearwater-sales,ec2,prod,237.57
cost-10768,2025-11-02,clearwater-sales,rds,dev,17.99
cost-10769,2025-11-02,clearwater-sales,rds,uat,35.49
cost-10770,2025-11-02,clearwater-sales,rds,prod,151.12
cost-10771,2025-11-02,clearwater-sales,s3,dev,15.13
cost-10772,2025-11-02,clearwater-sales,s3,uat,29.93
cost-10773,2025-11-02,clearwater-sales,s3,prod,102.78
cost-10774,2025-11-02,clearwater-sales,lambda,dev,33.86
cost-10775,2025-11-02,clearwater-sales,lambda,uat,82.17
cost-10776,2025-11-02,clearwater-sales,lambda,prod,277.52
cost-10777,2025-11-02,clearwater-sales,eks,dev,14.41
cost-10778,2025-11-02,clearwater-sales,eks,uat,26.20
cost-10779,2025-11-02,clearwater-sales,eks,prod,83.59
cost-10780,2025-11-02,clearwater-sales,cloudwatch,dev,10.85
cost-10781,2025-11-02,clearwater-sales,cloudwatch,uat,22.13
cost-10782,2025-11-02,clearwater-sales,cloudwatch,prod,69.52
cost-10783,2025-11-02,clearwater-collateral,ec2,dev,13.76
cost-10784,2025-11-02,clearwater-collateral,ec2,uat,24.32
cost-10785,2025-11-02,clearwater-collateral,ec2,prod,103.30
cost-10786,2025-11-02,clearwater-collateral,rds,dev,37.10
cost-10787,2025-11-02,clearwater-collateral,rds,uat,66.99
cost-10788,2025-11-02,clearwater-collateral,rds,prod,217.50
cost-10789,2025-11-02,clearwater-collateral,s3,dev,27.55
cost-10790,2025-11-02,clearwater-collateral,s3,uat,64.52
cost-10791,2025-11-02,clearwater-collateral,s3,prod,202.28
cost-10792,2025-11-02,clearwater-collateral,lambda,dev,8.30
cost-10793,2025-11-02,clearwater-collateral,lambda,uat,12.89
cost-10794,2025-11-02,clearwater-collateral,lambda,prod,47.52
cost-10795,2025-11-02,clearwater-collateral,eks,dev,6.31
cost-10796,2025-11-02,clearwater-collateral,eks,uat,14.48
cost-10797,2025-11-02,clearwater-collateral,eks,prod,42.08
cost-10798,2025-11-02,clearwater-collateral,cloudwatch,dev,4.60
cost-10799,2025-11-02,clearwater-collateral,cloudwatch,uat,10.44
cost-10800,2025-11-02,clearwater-collateral,cloudwatch,prod,30.65
cost-10801,2025-11-03,clearwater-trade,ec2,dev,97.63
cost-10802,2025-11-03,clearwater-trade,ec2,uat,186.59
cost-10803,2025-11-03,clearwater-trade,ec2,prod,796.44
cost-10804,2025-11-03,clearwater-trade,rds,dev,73.70
cost-10805,2025-11-03,clearwater-trade,rds,uat,155.64
cost-10806,2025-11-03,clearwater-trade,rds,prod,563.27
cost-10807,2025-11-03,clearwater-trade,s3,dev,14.19
cost-10808,2025-11-03,clearwater-trade,s3,uat,30.91
cost-10809,2025-11-03,clearwater-trade,s3,prod,110.64
cost-10810,2025-11-03,clearwater-trade,lambda,dev,27.25
cost-10811,2025-11-03,clearwater-trade,lambda,uat,61.13
cost-10812,2025-11-03,clearwater-trade,lambda,prod,209.62
cost-10813,2025-11-03,clearwater-trade,eks,dev,61.93
cost-10814,2025-11-03,clearwater-trade,eks,uat,132.29
cost-10815,2025-11-03,clearwater-trade,eks,prod,388.95
cost-10816,2025-11-03,clearwater-trade,cloudwatch,dev,12.73
cost-10817,2025-11-03,clearwater-trade,cloudwatch,uat,30.67
cost-10818,2025-11-03,clearwater-trade,cloudwatch,prod,103.79
cost-10819,2025-11-03,clearwater-settlement,ec2,dev,72.42
cost-10820,2025-11-03,clearwater-settlement,ec2,uat,150.71
cost-10821,2025-11-03,clearwater-settlement,ec2,prod,523.03
cost-10822,2025-11-03,clearwater-settlement,rds,dev,78.08
cost-10823,2025-11-03,clearwater-settlement,rds,uat,139.08
cost-10824,2025-11-03,clearwater-settlement,rds,prod,558.80
cost-10825,2025-11-03,clearwater-settlement,s3,dev,18.35
cost-10826,2025-11-03,clearwater-settlement,s3,uat,36.51
cost-10827,2025-11-03,clearwater-settlement,s3,prod,142.06
cost-10828,2025-11-03,clearwater-settlement,lambda,dev,29.18
cost-10829,2025-11-03,clearwater-settlement,lambda,uat,56.08
cost-10830,2025-11-03,clearwater-settlement,lambda,prod,219.33
cost-10831,2025-11-03,clearwater-settlement,eks,dev,41.40
cost-10832,2025-11-03,clearwater-settlement,eks,uat,78.02
cost-10833,2025-11-03,clearwater-settlement,eks,prod,289.41
cost-10834,2025-11-03,clearwater-settlement,cloudwatch,dev,12.56
cost-10835,2025-11-03,clearwater-settlement,cloudwatch,uat,22.65
cost-10836,2025-11-03,clearwater-settlement,cloudwatch,prod,89.29
cost-10837,2025-11-03,clearwater-sales,ec2,dev,29.40
cost-10838,2025-11-03,clearwater-sales,ec2,uat,61.78
cost-10839,2025-11-03,clearwater-sales,ec2,prod,254.35
cost-10840,2025-11-03,clearwater-sales,rds,dev,22.16
cost-10841,2025-11-03,clearwater-sales,rds,uat,36.57
cost-10842,2025-11-03,clearwater-sales,rds,prod,133.55
cost-10843,2025-11-03,clearwater-sales,s3,dev,17.77
cost-10844,2025-11-03,clearwater-sales,s3,uat,31.55
cost-10845,2025-11-03,clearwater-sales,s3,prod,118.56
cost-10846,2025-11-03,clearwater-sales,lambda,dev,34.23
cost-10847,2025-11-03,clearwater-sales,lambda,uat,82.54
cost-10848,2025-11-03,clearwater-sales,lambda,prod,252.29
cost-10849,2025-11-03,clearwater-sales,eks,dev,12.64
cost-10850,2025-11-03,clearwater-sales,eks,uat,24.05
cost-10851,2025-11-03,clearwater-sales,eks,prod,98.43
cost-10852,2025-11-03,clearwater-sales,cloudwatch,dev,11.55
cost-10853,2025-11-03,clearwater-sales,cloudwatch,uat,21.38
cost-10854,2025-11-03,clearwater-sales,cloudwatch,prod,82.64
cost-10855,2025-11-03,clearwater-collateral,ec2,dev,13.27
cost-10856,2025-11-03,clearwater-collateral,ec2,uat,31.96
cost-10857,2025-11-03,clearwater-collateral,ec2,prod,113.00
cost-10858,2025-11-03,clearwater-collateral,rds,dev,29.27
cost-10859,2025-11-03,clearwater-collateral,rds,uat,68.10
cost-10860,2025-11-03,clearwater-collateral,rds,prod,204.69
cost-10861,2025-11-03,clearwater-collateral,s3,dev,27.91
cost-10862,2025-11-03,clearwater-collateral,s3,uat,60.19
cost-10863,2025-11-03,clearwater-collateral,s3,prod,201.07
cost-10864,2025-11-03,clearwater-collateral,lambda,dev,7.35
cost-10865,2025-11-03,clearwater-collateral,lambda,uat,16.81
cost-10866,2025-11-03,clearwater-collateral,lambda,prod,55.49
cost-10867,2025-11-03,clearwater-collateral,eks,dev,6.81
cost-10868,2025-11-03,clearwater-collateral,eks,uat,14.50
cost-10869,2025-11-03,clearwater-collateral,eks,prod,48.96
cost-10870,2025-11-03,clearwater-collateral,cloudwatch,dev,4.26
cost-10871,2025-11-03,clearwater-collateral,cloudwatch,uat,8.18
cost-10872,2025-11-03,clearwater-collateral,cloudwatch,prod,34.28
cost-10873,2025-11-04,clearwater-trade,ec2,dev,98.89
cost-10874,2025-11-04,clearwater-trade,ec2,uat,230.01
cost-10875,2025-11-04,clearwater-trade,ec2,prod,725.91
cost-10876,2025-11-04,clearwater-trade,rds,dev,72.43
cost-10877,2025-11-04,clearwater-trade,rds,uat,129.37
cost-10878,2025-11-04,clearwater-trade,rds,prod,517.16
cost-10879,2025-11-04,clearwater-trade,s3,dev,15.29
cost-10880,2025-11-04,clearwater-trade,s3,uat,31.07
cost-10881,2025-11-04,clearwater-trade,s3,prod,110.25
cost-10882,2025-11-04,clearwater-trade,lambda,dev,32.73
cost-10883,2025-11-04,clearwater-trade,lambda,uat,56.12
cost-10884,2025-11-04,clearwater-trade,lambda,prod,178.86
cost-10885,2025-11-04,clearwater-trade,eks,dev,57.41
cost-10886,2025-11-04,clearwater-trade,eks,uat,118.48
cost-10887,2025-11-04,clearwater-trade,eks,prod,365.82
cost-10888,2025-11-04,clearwater-trade,cloudwatch,dev,15.15
cost-10889,2025-11-04,clearwater-trade,cloudwatch,uat,30.03
cost-10890,2025-11-04,clearwater-trade,cloudwatch,prod,116.34
cost-10891,2025-11-04,clearwater-settlement,ec2,dev,67.04
cost-10892,2025-11-04,clearwater-settlement,ec2,uat,159.33
cost-10893,2025-11-04,clearwater-settlement,ec2,prod,521.93
cost-10894,2025-11-04,clearwater-settlement,rds,dev,69.72
cost-10895,2025-11-04,clearwater-settlement,rds,uat,156.81
cost-10896,2025-11-04,clearwater-settlement,rds,prod,459.26
cost-10897,2025-11-04,clearwater-settlement,s3,dev,18.73
cost-10898,2025-11-04,clearwater-settlement,s3,uat,44.07
cost-10899,2025-11-04,clearwater-settlement,s3,prod,159.20
cost-10900,2025-11-04,clearwater-settlement,lambda,dev,33.38
cost-10901,2025-11-04,clearwater-settlement,lambda,uat,67.93
cost-10902,2025-11-04,clearwater-settlement,lambda,prod,198.78
cost-10903,2025-11-04,clearwater-settlement,eks,dev,39.83
cost-10904,2025-11-04,clearwater-settlement,eks,uat,74.38
cost-10905,2025-11-04,clearwater-settlement,eks,prod,248.29
cost-10906,2025-11-04,clearwater-settlement,cloudwatch,dev,11.20
cost-10907,2025-11-04,clearwater-settlement,cloudwatch,uat,25.45
cost-10908,2025-11-04,clearwater-settlement,cloudwatch,prod,80.70
cost-10909,2025-11-04,clearwater-sales,ec2,dev,36.47
cost-10910,2025-11-04,clearwater-sales,ec2,uat,73.72
cost-10911,2025-11-04,clearwater-sales,ec2,prod,210.22
cost-10912,2025-11-04,clearwater-sales,rds,dev,18.45
cost-10913,2025-11-04,clearwater-sales,rds,uat,36.07
cost-10914,2025-11-04,clearwater-sales,rds,prod,151.98
cost-10915,2025-11-04,clearwater-sales,s3,dev,15.20
cost-10916,2025-11-04,clearwater-sales,s3,uat,30.99
cost-10917,2025-11-04,clearwater-sales,s3,prod,99.02
cost-10918,2025-11-04,clearwater-sales,lambda,dev,44.11
cost-10919,2025-11-04,clearwater-sales,lambda,uat,75.86
cost-10920,2025-11-04,clearwater-sales,lambda,prod,239.97
cost-10921,2025-11-04,clearwater-sales,eks,dev,14.28
cost-10922,2025-11-04,clearwater-sales,eks,uat,23.72
cost-10923,2025-11-04,clearwater-sales,eks,prod,80.84
cost-10924,2025-11-04,clearwater-sales,cloudwatch,dev,11.04
cost-10925,2025-11-04,clearwater-sales,cloudwatch,uat,20.74
cost-10926,2025-11-04,clearwater-sales,cloudwatch,prod,80.31
cost-10927,2025-11-04,clearwater-collateral,ec2,dev,13.93
cost-10928,2025-11-04,clearwater-collateral,ec2,uat,31.49
cost-10929,2025-11-04,clearwater-collateral,ec2,prod,104.28
cost-10930,2025-11-04,clearwater-collateral,rds,dev,38.03
cost-10931,2025-11-04,clearwater-collateral,rds,uat,64.63
cost-10932,2025-11-04,clearwater-collateral,rds,prod,229.02
cost-10933,2025-11-04,clearwater-collateral,s3,dev,31.14
cost-10934,2025-11-04,clearwater-collateral,s3,uat,61.29
cost-10935,2025-11-04,clearwater-collateral,s3,prod,192.63
cost-10936,2025-11-04,clearwater-collateral,lambda,dev,8.34
cost-10937,2025-11-04,clearwater-collateral,lambda,uat,14.26
cost-10938,2025-11-04,clearwater-collateral,lambda,prod,48.96
cost-10939,2025-11-04,clearwater-collateral,eks,dev,6.84
cost-10940,2025-11-04,clearwater-collateral,eks,uat,11.88
cost-10941,2025-11-04,clearwater-collateral,eks,prod,43.69
cost-10942,2025-11-04,clearwater-collateral,cloudwatch,dev,4.92
cost-10943,2025-11-04,clearwater-collateral,cloudwatch,uat,8.45
cost-10944,2025-11-04,clearwater-collateral,cloudwatch,prod,35.36
cost-10945,2025-11-05,clearwater-trade,ec2,dev,115.78
cost-10946,2025-11-05,clearwater-trade,ec2,uat,224.74
cost-10947,2025-11-05,clearwater-trade,ec2,prod,717.03
cost-10948,2025-11-05,clearwater-trade,rds,dev,65.09
cost-10949,2025-11-05,clearwater-trade,rds,uat,124.12
cost-10950,2025-11-05,clearwater-trade,rds,prod,503.96
cost-10951,2025-11-05,clearwater-trade,s3,dev,13.66
cost-10952,2025-11-05,clearwater-trade,s3,uat,27.96
cost-10953,2025-11-05,clearwater-trade,s3,prod,109.23
cost-10954,2025-11-05,clearwater-trade,lambda,dev,25.08
cost-10955,2025-11-05,clearwater-trade,lambda,uat,59.21
cost-10956,2025-11-05,clearwater-trade,lambda,prod,196.00
cost-10957,2025-11-05,clearwater-trade,eks,dev,64.01
cost-10958,2025-11-05,clearwater-trade,eks,uat,130.94
cost-10959,2025-11-05,clearwater-trade,eks,prod,393.15
cost-10960,2025-11-05,clearwater-trade,cloudwatch,dev,14.25
cost-10961,2025-11-05,clearwater-trade,cloudwatch,uat,28.21
cost-10962,2025-11-05,clearwater-trade,cloudwatch,prod,109.13
cost-10963,2025-11-05,clearwater-settlement,ec2,dev,83.08
cost-10964,2025-11-05,clearwater-settlement,ec2,uat,144.40
cost-10965,2025-11-05,clearwater-settlement,ec2,prod,583.52
cost-10966,2025-11-05,clearwater-settlement,rds,dev,80.60
cost-10967,2025-11-05,clearwater-settlement,rds,uat,132.85
cost-10968,2025-11-05,clearwater-settlement,rds,prod,544.34
cost-10969,2025-11-05,clearwater-settlement,s3,dev,17.13
cost-10970,2025-11-05,clearwater-settlement,s3,uat,42.41
cost-10971,2025-11-05,clearwater-settlement,s3,prod,147.71
cost-10972,2025-11-05,clearwater-settlement,lambda,dev,27.11
cost-10973,2025-11-05,clearwater-settlement,lambda,uat,53.62
cost-10974,2025-11-05,clearwater-settlement,lambda,prod,186.21
cost-10975,2025-11-05,clearwater-settlement,eks,dev,35.99
cost-10976,2025-11-05,clearwater-settlement,eks,uat,65.03
cost-10977,2025-11-05,clearwater-settlement,eks,prod,260.90
cost-10978,2025-11-05,clearwater-settlement,cloudwatch,dev,12.81
cost-10979,2025-11-05,clearwater-settlement,cloudwatch,uat,22.48
cost-10980,2025-11-05,clearwater-settlement,cloudwatch,prod,74.78
cost-10981,2025-11-05,clearwater-sales,ec2,dev,30.25
cost-10982,2025-11-05,clearwater-sales,ec2,uat,62.12
cost-10983,2025-11-05,clearwater-sales,ec2,prod,231.88
cost-10984,2025-11-05,clearwater-sales,rds,dev,22.20
cost-10985,2025-11-05,clearwater-sales,rds,uat,33.92
cost-10986,2025-11-05,clearwater-sales,rds,prod,148.41
cost-10987,2025-11-05,clearwater-sales,s3,dev,16.99
cost-10988,2025-11-05,clearwater-sales,s3,uat,34.68
cost-10989,2025-11-05,clearwater-sales,s3,prod,115.63
cost-10990,2025-11-05,clearwater-sales,lambda,dev,43.11
cost-10991,2025-11-05,clearwater-sales,lambda,uat,68.76
cost-10992,2025-11-05,clearwater-sales,lambda,prod,260.23
cost-10993,2025-11-05,clearwater-sales,eks,dev,13.82
cost-10994,2025-11-05,clearwater-sales,eks,uat,28.33
cost-10995,2025-11-05,clearwater-sales,eks,prod,89.60
cost-10996,2025-11-05,clearwater-sales,cloudwatch,dev,10.36
cost-10997,2025-11-05,clearwater-sales,cloudwatch,uat,20.06
cost-10998,2025-11-05,clearwater-sales,cloudwatch,prod,81.70
cost-10999,2025-11-05,clearwater-collateral,ec2,dev,15.73
cost-11000,2025-11-05,clearwater-collateral,ec2,uat,27.22
cost-11001,2025-11-05,clearwater-collateral,ec2,prod,104.64
cost-11002,2025-11-05,clearwater-collateral,rds,dev,37.85
cost-11003,2025-11-05,clearwater-collateral,rds,uat,67.77
cost-11004,2025-11-05,clearwater-collateral,rds,prod,231.62
cost-11005,2025-11-05,clearwater-collateral,s3,dev,25.18
cost-11006,2025-11-05,clearwater-collateral,s3,uat,58.81
cost-11007,2025-11-05,clearwater-collateral,s3,prod,210.32
cost-11008,2025-11-05,clearwater-collateral,lambda,dev,8.34
cost-11009,2025-11-05,clearwater-collateral,lambda,uat,14.37
cost-11010,2025-11-05,clearwater-collateral,lambda,prod,45.20
cost-11011,2025-11-05,clearwater-collateral,eks,dev,6.98
cost-11012,2025-11-05,clearwater-collateral,eks,uat,12.40
cost-11013,2025-11-05,clearwater-collateral,eks,prod,50.57
cost-11014,2025-11-05,clearwater-collateral,cloudwatch,dev,5.24
cost-11015,2025-11-05,clearwater-collateral,cloudwatch,uat,8.10
cost-11016,2025-11-05,clearwater-collateral,cloudwatch,prod,29.13
cost-11017,2025-11-06,clearwater-trade,ec2,dev,103.74
cost-11018,2025-11-06,clearwater-trade,ec2,uat,178.71
cost-11019,2025-11-06,clearwater-trade,ec2,prod,670.16
cost-11020,2025-11-06,clearwater-trade,rds,dev,65.99
cost-11021,2025-11-06,clearwater-trade,rds,uat,159.83
cost-11022,2025-11-06,clearwater-trade,rds,prod,554.22
cost-11023,2025-11-06,clearwater-trade,s3,dev,13.08
cost-11024,2025-11-06,clearwater-trade,s3,uat,28.17
cost-11025,2025-11-06,clearwater-trade,s3,prod,103.70
cost-11026,2025-11-06,clearwater-trade,lambda,dev,28.20
cost-11027,2025-11-06,clearwater-trade,lambda,uat,61.30
cost-11028,2025-11-06,clearwater-trade,lambda,prod,202.10
cost-11029,2025-11-06,clearwater-trade,eks,dev,52.82
cost-11030,2025-11-06,clearwater-trade,eks,uat,114.80
cost-11031,2025-11-06,clearwater-trade,eks,prod,426.43
cost-11032,2025-11-06,clearwater-trade,cloudwatch,dev,15.23
cost-11033,2025-11-06,clearwater-trade,cloudwatch,uat,28.09
cost-11034,2025-11-06,clearwater-trade,cloudwatch,prod,105.63
cost-11035,2025-11-06,clearwater-settlement,ec2,dev,79.70
cost-11036,2025-11-06,clearwater-settlement,ec2,uat,146.58
cost-11037,2025-11-06,clearwater-settlement,ec2,prod,517.22
cost-11038,2025-11-06,clearwater-settlement,rds,dev,65.61
cost-11039,2025-11-06,clearwater-settlement,rds,uat,137.35
cost-11040,2025-11-06,clearwater-settlement,rds,prod,479.58
cost-11041,2025-11-06,clearwater-settlement,s3,dev,22.08
cost-11042,2025-11-06,clearwater-settlement,s3,uat,44.36
cost-11043,2025-11-06,clearwater-settlement,s3,prod,139.67
cost-11044,2025-11-06,clearwater-settlement,lambda,dev,25.74
cost-11045,2025-11-06,clearwater-settlement,lambda,uat,59.70
cost-11046,2025-11-06,clearwater-settlement,lambda,prod,218.43
cost-11047,2025-11-06,clearwater-settlement,eks,dev,41.45
cost-11048,2025-11-06,clearwater-settlement,eks,uat,75.97
cost-11049,2025-11-06,clearwater-settlement,eks,prod,226.23
cost-11050,2025-11-06,clearwater-settlement,cloudwatch,dev,14.31
cost-11051,2025-11-06,clearwater-settlement,cloudwatch,uat,27.44
cost-11052,2025-11-06,clearwater-settlement,cloudwatch,prod,88.11
cost-11053,2025-11-06,clearwater-sales,ec2,dev,35.48
cost-11054,2025-11-06,clearwater-sales,ec2,uat,62.88
cost-11055,2025-11-06,clearwater-sales,ec2,prod,219.82
cost-11056,2025-11-06,clearwater-sales,rds,dev,16.91
cost-11057,2025-11-06,clearwater-sales,rds,uat,41.87
cost-11058,2025-11-06,clearwater-sales,rds,prod,123.95
cost-11059,2025-11-06,clearwater-sales,s3,dev,15.12
cost-11060,2025-11-06,clearwater-sales,s3,uat,28.88
cost-11061,2025-11-06,clearwater-sales,s3,prod,106.68
cost-11062,2025-11-06,clearwater-sales,lambda,dev,41.98
cost-11063,2025-11-06,clearwater-sales,lambda,uat,87.77
cost-11064,2025-11-06,clearwater-sales,lambda,prod,246.41
cost-11065,2025-11-06,clearwater-sales,eks,dev,12.77
cost-11066,2025-11-06,clearwater-sales,eks,uat,22.70
cost-11067,2025-11-06,clearwater-sales,eks,prod,83.13
cost-11068,2025-11-06,clearwater-sales,cloudwatch,dev,10.42
cost-11069,2025-11-06,clearwater-sales,cloudwatch,uat,21.24
cost-11070,2025-11-06,clearwater-sales,cloudwatch,prod,76.71
cost-11071,2025-11-06,clearwater-collateral,ec2,dev,14.77
cost-11072,2025-11-06,clearwater-collateral,ec2,uat,29.78
cost-11073,2025-11-06,clearwater-collateral,ec2,prod,111.22
cost-11074,2025-11-06,clearwater-collateral,rds,dev,29.33
cost-11075,2025-11-06,clearwater-collateral,rds,uat,69.01
cost-11076,2025-11-06,clearwater-collateral,rds,prod,234.01
cost-11077,2025-11-06,clearwater-collateral,s3,dev,31.03
cost-11078,2025-11-06,clearwater-collateral,s3,uat,64.76
cost-11079,2025-11-06,clearwater-collateral,s3,prod,196.01
cost-11080,2025-11-06,clearwater-collateral,lambda,dev,7.76
cost-11081,2025-11-06,clearwater-collateral,lambda,uat,16.85
cost-11082,2025-11-06,clearwater-collateral,lambda,prod,55.71
cost-11083,2025-11-06,clearwater-collateral,eks,dev,6.75
cost-11084,2025-11-06,clearwater-collateral,eks,uat,14.75
cost-11085,2025-11-06,clearwater-collateral,eks,prod,51.38
cost-11086,2025-11-06,clearwater-collateral,cloudwatch,dev,4.80
cost-11087,2025-11-06,clearwater-collateral,cloudwatch,uat,9.95
cost-11088,2025-11-06,clearwater-collateral,cloudwatch,prod,33.49
cost-11089,2025-11-07,clearwater-trade,ec2,dev,105.64
cost-11090,2025-11-07,clearwater-trade,ec2,uat,192.37
cost-11091,2025-11-07,clearwater-trade,ec2,prod,714.29
cost-11092,2025-11-07,clearwater-trade,rds,dev,78.69
cost-11093,2025-11-07,clearwater-trade,rds,uat,163.34
cost-11094,2025-11-07,clearwater-trade,rds,prod,563.10
cost-11095,2025-11-07,clearwater-trade,s3,dev,16.44
cost-11096,2025-11-07,clearwater-trade,s3,uat,27.87
cost-11097,2025-11-07,clearwater-trade,s3,prod,98.57
cost-11098,2025-11-07,clearwater-trade,lambda,dev,29.94
cost-11099,2025-11-07,clearwater-trade,lambda,uat,52.54
cost-11100,2025-11-07,clearwater-trade,lambda,prod,173.85
cost-11101,2025-11-07,clearwater-trade,eks,dev,57.03
cost-11102,2025-11-07,clearwater-trade,eks,uat,104.55
cost-11103,2025-11-07,clearwater-trade,eks,prod,409.85
cost-11104,2025-11-07,clearwater-trade,cloudwatch,dev,16.52
cost-11105,2025-11-07,clearwater-trade,cloudwatch,uat,28.31
cost-11106,2025-11-07,clearwater-trade,cloudwatch,prod,90.55
cost-11107,2025-11-07,clearwater-settlement,ec2,dev,69.30
cost-11108,2025-11-07,clearwater-settlement,ec2,uat,137.55
cost-11109,2025-11-07,clearwater-settlement,ec2,prod,510.76
cost-11110,2025-11-07,clearwater-settlement,rds,dev,73.94
cost-11111,2025-11-07,clearwater-settlement,rds,uat,127.64
cost-11112,2025-11-07,clearwater-settlement,rds,prod,553.86
cost-11113,2025-11-07,clearwater-settlement,s3,dev,19.47
cost-11114,2025-11-07,clearwater-settlement,s3,uat,39.98
cost-11115,2025-11-07,clearwater-settlement,s3,prod,158.96
cost-11116,2025-11-07,clearwater-settlement,lambda,dev,27.60
cost-11117,2025-11-07,clearwater-settlement,lambda,uat,66.79
cost-11118,2025-11-07,clearwater-settlement,lambda,prod,225.55
cost-11119,2025-11-07,clearwater-settlement,eks,dev,34.14
cost-11120,2025-11-07,clearwater-settlement,eks,uat,70.09
cost-11121,2025-11-07,clearwater-settlement,eks,prod,296.08
cost-11122,2025-11-07,clearwater-settlement,cloudwatch,dev,10.64
cost-11123,2025-11-07,clearwater-settlement,cloudwatch,uat,23.56
cost-11124,2025-11-07,clearwater-settlement,cloudwatch,prod,79.00
cost-11125,2025-11-07,clearwater-sales,ec2,dev,30.30
cost-11126,2025-11-07,clearwater-sales,ec2,uat,69.92
cost-11127,2025-11-07,clearwater-sales,ec2,prod,246.76
cost-11128,2025-11-07,clearwater-sales,rds,dev,17.86
cost-11129,2025-11-07,clearwater-sales,rds,uat,43.58
cost-11130,2025-11-07,clearwater-sales,rds,prod,152.57
cost-11131,2025-11-07,clearwater-sales,s3,dev,15.94
cost-11132,2025-11-07,clearwater-sales,s3,uat,29.21
cost-11133,2025-11-07,clearwater-sales,s3,prod,104.99
cost-11134,2025-11-07,clearwater-sales,lambda,dev,40.86
cost-11135,2025-11-07,clearwater-sales,lambda,uat,85.84
cost-11136,2025-11-07,clearwater-sales,lambda,prod,238.25
cost-11137,2025-11-07,clearwater-sales,eks,dev,12.35
cost-11138,2025-11-07,clearwater-sales,eks,uat,26.32
cost-11139,2025-11-07,clearwater-sales,eks,prod,91.68
cost-11140,2025-11-07,clearwater-sales,cloudwatch,dev,10.71
cost-11141,2025-11-07,clearwater-sales,cloudwatch,uat,21.55
cost-11142,2025-11-07,clearwater-sales,cloudwatch,prod,73.86
cost-11143,2025-11-07,clearwater-collateral,ec2,dev,13.97
cost-11144,2025-11-07,clearwater-collateral,ec2,uat,24.87
cost-11145,2025-11-07,clearwater-collateral,ec2,prod,113.10
cost-11146,2025-11-07,clearwater-collateral,rds,dev,36.68
cost-11147,2025-11-07,clearwater-collateral,rds,uat,65.02
cost-11148,2025-11-07,clearwater-collateral,rds,prod,260.15
cost-11149,2025-11-07,clearwater-collateral,s3,dev,29.15
cost-11150,2025-11-07,clearwater-collateral,s3,uat,54.21
cost-11151,2025-11-07,clearwater-collateral,s3,prod,198.07
cost-11152,2025-11-07,clearwater-collateral,lambda,dev,7.21
cost-11153,2025-11-07,clearwater-collateral,lambda,uat,14.09
cost-11154,2025-11-07,clearwater-collateral,lambda,prod,56.59
cost-11155,2025-11-07,clearwater-collateral,eks,dev,7.27
cost-11156,2025-11-07,clearwater-collateral,eks,uat,11.79
cost-11157,2025-11-07,clearwater-collateral,eks,prod,51.51
cost-11158,2025-11-07,clearwater-collateral,cloudwatch,dev,5.22
cost-11159,2025-11-07,clearwater-collateral,cloudwatch,uat,8.38
cost-11160,2025-11-07,clearwater-collateral,cloudwatch,prod,33.02
cost-11161,2025-11-08,clearwater-trade,ec2,dev,90.99
cost-11162,2025-11-08,clearwater-trade,ec2,uat,224.52
cost-11163,2025-11-08,clearwater-trade,ec2,prod,774.13
cost-11164,2025-11-08,clearwater-trade,rds,dev,75.21
cost-11165,2025-11-08,clearwater-trade,rds,uat,142.42
cost-11166,2025-11-08,clearwater-trade,rds,prod,456.67
cost-11167,2025-11-08,clearwater-trade,s3,dev,13.75
cost-11168,2025-11-08,clearwater-trade,s3,uat,31.75
cost-11169,2025-11-08,clearwater-trade,s3,prod,97.52
cost-11170,2025-11-08,clearwater-trade,lambda,dev,29.14
cost-11171,2025-11-08,clearwater-trade,lambda,uat,60.70
cost-11172,2025-11-08,clearwater-trade,lambda,prod,188.28
cost-11173,2025-11-08,clearwater-trade,eks,dev,51.11
cost-11174,2025-11-08,clearwater-trade,eks,uat,101.51
cost-11175,2025-11-08,clearwater-trade,eks,prod,352.99
cost-11176,2025-11-08,clearwater-trade,cloudwatch,dev,12.74
cost-11177,2025-11-08,clearwater-trade,cloudwatch,uat,32.02
cost-11178,2025-11-08,clearwater-trade,cloudwatch,prod,114.99
cost-11179,2025-11-08,clearwater-settlement,ec2,dev,66.34
cost-11180,2025-11-08,clearwater-settlement,ec2,uat,170.88
cost-11181,2025-11-08,clearwater-settlement,ec2,prod,553.25
cost-11182,2025-11-08,clearwater-settlement,rds,dev,74.21
cost-11183,2025-11-08,clearwater-settlement,rds,uat,165.00
cost-11184,2025-11-08,clearwater-settlement,rds,prod,556.27
cost-11185,2025-11-08,clearwater-settlement,s3,dev,21.25
cost-11186,2025-11-08,clearwater-settlement,s3,uat,40.78
cost-11187,2025-11-08,clearwater-settlement,s3,prod,154.06
cost-11188,2025-11-08,clearwater-settlement,lambda,dev,28.63
cost-11189,2025-11-08,clearwater-settlement,lambda,uat,65.38
cost-11190,2025-11-08,clearwater-settlement,lambda,prod,188.24
cost-11191,2025-11-08,clearwater-settlement,eks,dev,37.02
cost-11192,2025-11-08,clearwater-settlement,eks,uat,70.21
cost-11193,2025-11-08,clearwater-settlement,eks,prod,278.26
cost-11194,2025-11-08,clearwater-settlement,cloudwatch,dev,10.81
cost-11195,2025-11-08,clearwater-settlement,cloudwatch,uat,25.10
cost-11196,2025-11-08,clearwater-settlement,cloudwatch,prod,77.37
cost-11197,2025-11-08,clearwater-sales,ec2,dev,30.77
cost-11198,2025-11-08,clearwater-sales,ec2,uat,68.44
cost-11199,2025-11-08,clearwater-sales,ec2,prod,251.31
cost-11200,2025-11-08,clearwater-sales,rds,dev,16.67
cost-11201,2025-11-08,clearwater-sales,rds,uat,35.79
cost-11202,2025-11-08,clearwater-sales,rds,prod,141.71
cost-11203,2025-11-08,clearwater-sales,s3,dev,16.20
cost-11204,2025-11-08,clearwater-sales,s3,uat,30.01
cost-11205,2025-11-08,clearwater-sales,s3,prod,118.90
cost-11206,2025-11-08,clearwater-sales,lambda,dev,34.91
cost-11207,2025-11-08,clearwater-sales,lambda,uat,87.14
cost-11208,2025-11-08,clearwater-sales,lambda,prod,261.55
cost-11209,2025-11-08,clearwater-sales,eks,dev,12.95
cost-11210,2025-11-08,clearwater-sales,eks,uat,24.03
cost-11211,2025-11-08,clearwater-sales,eks,prod,95.06
cost-11212,2025-11-08,clearwater-sales,cloudwatch,dev,10.15
cost-11213,2025-11-08,clearwater-sales,cloudwatch,uat,19.82
cost-11214,2025-11-08,clearwater-sales,cloudwatch,prod,73.28
cost-11215,2025-11-08,clearwater-collateral,ec2,dev,13.87
cost-11216,2025-11-08,clearwater-collateral,ec2,uat,29.30
cost-11217,2025-11-08,clearwater-collateral,ec2,prod,103.39
cost-11218,2025-11-08,clearwater-collateral,rds,dev,35.44
cost-11219,2025-11-08,clearwater-collateral,rds,uat,74.59
cost-11220,2025-11-08,clearwater-collateral,rds,prod,242.31
cost-11221,2025-11-08,clearwater-collateral,s3,dev,24.13
cost-11222,2025-11-08,clearwater-collateral,s3,uat,57.35
cost-11223,2025-11-08,clearwater-collateral,s3,prod,211.98
cost-11224,2025-11-08,clearwater-collateral,lambda,dev,7.69
cost-11225,2025-11-08,clearwater-collateral,lambda,uat,13.88
cost-11226,2025-11-08,clearwater-collateral,lambda,prod,46.41
cost-11227,2025-11-08,clearwater-collateral,eks,dev,7.59
cost-11228,2025-11-08,clearwater-collateral,eks,uat,12.55
cost-11229,2025-11-08,clearwater-collateral,eks,prod,51.97
cost-11230,2025-11-08,clearwater-collateral,cloudwatch,dev,4.56
cost-11231,2025-11-08,clearwater-collateral,cloudwatch,uat,9.10
cost-11232,2025-11-08,clearwater-collateral,cloudwatch,prod,29.80
cost-11233,2025-11-09,clearwater-trade,ec2,dev,109.88
cost-11234,2025-11-09,clearwater-trade,ec2,uat,207.74
cost-11235,2025-11-09,clearwater-trade,ec2,prod,769.99
cost-11236,2025-11-09,clearwater-trade,rds,dev,81.25
cost-11237,2025-11-09,clearwater-trade,rds,uat,154.54
cost-11238,2025-11-09,clearwater-trade,rds,prod,541.59
cost-11239,2025-11-09,clearwater-trade,s3,dev,15.83
cost-11240,2025-11-09,clearwater-trade,s3,uat,32.05
cost-11241,2025-11-09,clearwater-trade,s3,prod,113.83
cost-11242,2025-11-09,clearwater-trade,lambda,dev,27.82
cost-11243,2025-11-09,clearwater-trade,lambda,uat,59.30
cost-11244,2025-11-09,clearwater-trade,lambda,prod,192.72
cost-11245,2025-11-09,clearwater-trade,eks,dev,60.55
cost-11246,2025-11-09,clearwater-trade,eks,uat,131.43
cost-11247,2025-11-09,clearwater-trade,eks,prod,458.77
cost-11248,2025-11-09,clearwater-trade,cloudwatch,dev,12.87
cost-11249,2025-11-09,clearwater-trade,cloudwatch,uat,25.91
cost-11250,2025-11-09,clearwater-trade,cloudwatch,prod,107.20
cost-11251,2025-11-09,clearwater-settlement,ec2,dev,67.71
cost-11252,2025-11-09,clearwater-settlement,ec2,uat,141.87
cost-11253,2025-11-09,clearwater-settlement,ec2,prod,527.81
cost-11254,2025-11-09,clearwater-settlement,rds,dev,77.02
cost-11255,2025-11-09,clearwater-settlement,rds,uat,131.15
cost-11256,2025-11-09,clearwater-settlement,rds,prod,466.82
cost-11257,2025-11-09,clearwater-settlement,s3,dev,19.95
cost-11258,2025-11-09,clearwater-settlement,s3,uat,35.91
cost-11259,2025-11-09,clearwater-settlement,s3,prod,131.08
cost-11260,2025-11-09,clearwater-settlement,lambda,dev,28.88
cost-11261,2025-11-09,clearwater-settlement,lambda,uat,53.09
cost-11262,2025-11-09,clearwater-settlement,lambda,prod,195.41
cost-11263,2025-11-09,clearwater-settlement,eks,dev,37.85
cost-11264,2025-11-09,clearwater-settlement,eks,uat,68.47
cost-11265,2025-11-09,clearwater-settlement,eks,prod,289.39
cost-11266,2025-11-09,clearwater-settlement,cloudwatch,dev,11.17
cost-11267,2025-11-09,clearwater-settlement,cloudwatch,uat,25.26
cost-11268,2025-11-09,clearwater-settlement,cloudwatch,prod,86.34
cost-11269,2025-11-09,clearwater-sales,ec2,dev,28.04
cost-11270,2025-11-09,clearwater-sales,ec2,uat,62.54
cost-11271,2025-11-09,clearwater-sales,ec2,prod,229.73
cost-11272,2025-11-09,clearwater-sales,rds,dev,20.32
cost-11273,2025-11-09,clearwater-sales,rds,uat,38.23
cost-11274,2025-11-09,clearwater-sales,rds,prod,130.90
cost-11275,2025-11-09,clearwater-sales,s3,dev,14.18
cost-11276,2025-11-09,clearwater-sales,s3,uat,30.63
cost-11277,2025-11-09,clearwater-sales,s3,prod,120.16
cost-11278,2025-11-09,clearwater-sales,lambda,dev,37.73
cost-11279,2025-11-09,clearwater-sales,lambda,uat,84.82
cost-11280,2025-11-09,clearwater-sales,lambda,prod,297.70
cost-11281,2025-11-09,clearwater-sales,eks,dev,11.43
cost-11282,2025-11-09,clearwater-sales,eks,uat,27.53
cost-11283,2025-11-09,clearwater-sales,eks,prod,100.35
cost-11284,2025-11-09,clearwater-sales,cloudwatch,dev,9.13
cost-11285,2025-11-09,clearwater-sales,cloudwatch,uat,22.59
cost-11286,2025-11-09,clearwater-sales,cloudwatch,prod,81.74
cost-11287,2025-11-09,clearwater-collateral,ec2,dev,12.43
cost-11288,2025-11-09,clearwater-collateral,ec2,uat,30.91
cost-11289,2025-11-09,clearwater-collateral,ec2,prod,111.55
cost-11290,2025-11-09,clearwater-collateral,rds,dev,30.63
cost-11291,2025-11-09,clearwater-collateral,rds,uat,65.69
cost-11292,2025-11-09,clearwater-collateral,rds,prod,215.18
cost-11293,2025-11-09,clearwater-collateral,s3,dev,24.75
cost-11294,2025-11-09,clearwater-collateral,s3,uat,56.81
cost-11295,2025-11-09,clearwater-collateral,s3,prod,169.78
cost-11296,2025-11-09,clearwater-collateral,lambda,dev,7.36
cost-11297,2025-11-09,clearwater-collateral,lambda,uat,13.53
cost-11298,2025-11-09,clearwater-collateral,lambda,prod,46.25
cost-11299,2025-11-09,clearwater-collateral,eks,dev,7.50
cost-11300,2025-11-09,clearwater-collateral,eks,uat,12.84
cost-11301,2025-11-09,clearwater-collateral,eks,prod,40.05
cost-11302,2025-11-09,clearwater-collateral,cloudwatch,dev,5.09
cost-11303,2025-11-09,clearwater-collateral,cloudwatch,uat,9.70
cost-11304,2025-11-09,clearwater-collateral,cloudwatch,prod,29.58
cost-11305,2025-11-10,clearwater-trade,ec2,dev,115.69
cost-11306,2025-11-10,clearwater-trade,ec2,uat,185.03
cost-11307,2025-11-10,clearwater-trade,ec2,prod,689.84
cost-11308,2025-11-10,clearwater-trade,rds,dev,64.40
cost-11309,2025-11-10,clearwater-trade,rds,uat,151.40
cost-11310,2025-11-10,clearwater-trade,rds,prod,435.82
cost-11311,2025-11-10,clearwater-trade,s3,dev,14.69
cost-11312,2025-11-10,clearwater-trade,s3,uat,25.51
cost-11313,2025-11-10,clearwater-trade,s3,prod,86.88
cost-11314,2025-11-10,clearwater-trade,lambda,dev,26.09
cost-11315,2025-11-10,clearwater-trade,lambda,uat,62.05
cost-11316,2025-11-10,clearwater-trade,lambda,prod,182.75
cost-11317,2025-11-10,clearwater-trade,eks,dev,55.05
cost-11318,2025-11-10,clearwater-trade,eks,uat,132.65
cost-11319,2025-11-10,clearwater-trade,eks,prod,362.35
cost-11320,2025-11-10,clearwater-trade,cloudwatch,dev,12.45
cost-11321,2025-11-10,clearwater-trade,cloudwatch,uat,26.62
cost-11322,2025-11-10,clearwater-trade,cloudwatch,prod,90.61
cost-11323,2025-11-10,clearwater-settlement,ec2,dev,75.21
cost-11324,2025-11-10,clearwater-settlement,ec2,uat,157.85
cost-11325,2025-11-10,clearwater-settlement,ec2,prod,458.87
cost-11326,2025-11-10,clearwater-settlement,rds,dev,76.74
cost-11327,2025-11-10,clearwater-settlement,rds,uat,140.00
cost-11328,2025-11-10,clearwater-settlement,rds,prod,461.62
cost-11329,2025-11-10,clearwater-settlement,s3,dev,22.89
cost-11330,2025-11-10,clearwater-settlement,s3,uat,37.45
cost-11331,2025-11-10,clearwater-settlement,s3,prod,133.09
cost-11332,2025-11-10,clearwater-settlement,lambda,dev,30.13
cost-11333,2025-11-10,clearwater-settlement,lambda,uat,66.08
cost-11334,2025-11-10,clearwater-settlement,lambda,prod,204.74
cost-11335,2025-11-10,clearwater-settlement,eks,dev,36.77
cost-11336,2025-11-10,clearwater-settlement,eks,uat,68.62
cost-11337,2025-11-10,clearwater-settlement,eks,prod,251.01
cost-11338,2025-11-10,clearwater-settlement,cloudwatch,dev,11.85
cost-11339,2025-11-10,clearwater-settlement,cloudwatch,uat,26.52
cost-11340,2025-11-10,clearwater-settlement,cloudwatch,prod,96.45
cost-11341,2025-11-10,clearwater-sales,ec2,dev,34.70
cost-11342,2025-11-10,clearwater-sales,ec2,uat,69.95
cost-11343,2025-11-10,clearwater-sales,ec2,prod,201.53
cost-11344,2025-11-10,clearwater-sales,rds,dev,20.91
cost-11345,2025-11-10,clearwater-sales,rds,uat,42.35
cost-11346,2025-11-10,clearwater-sales,rds,prod,117.80
cost-11347,2025-11-10,clearwater-sales,s3,dev,14.94
cost-11348,2025-11-10,clearwater-sales,s3,uat,27.55
cost-11349,2025-11-10,clearwater-sales,s3,prod,107.22
cost-11350,2025-11-10,clearwater-sales,lambda,dev,40.16
cost-11351,2025-11-10,clearwater-sales,lambda,uat,72.68
cost-11352,2025-11-10,clearwater-sales,lambda,prod,284.04
cost-11353,2025-11-10,clearwater-sales,eks,dev,13.09
cost-11354,2025-11-10,clearwater-sales,eks,uat,22.46
cost-11355,2025-11-10,clearwater-sales,eks,prod,101.72
cost-11356,2025-11-10,clearwater-sales,cloudwatch,dev,11.06
cost-11357,2025-11-10,clearwater-sales,cloudwatch,uat,19.59
cost-11358,2025-11-10,clearwater-sales,cloudwatch,prod,61.55
cost-11359,2025-11-10,clearwater-collateral,ec2,dev,12.48
cost-11360,2025-11-10,clearwater-collateral,ec2,uat,26.32
cost-11361,2025-11-10,clearwater-collateral,ec2,prod,113.21
cost-11362,2025-11-10,clearwater-collateral,rds,dev,31.71
cost-11363,2025-11-10,clearwater-collateral,rds,uat,58.19
cost-11364,2025-11-10,clearwater-collateral,rds,prod,217.49
cost-11365,2025-11-10,clearwater-collateral,s3,dev,29.00
cost-11366,2025-11-10,clearwater-collateral,s3,uat,58.70
cost-11367,2025-11-10,clearwater-collateral,s3,prod,177.06
cost-11368,2025-11-10,clearwater-collateral,lambda,dev,8.30
cost-11369,2025-11-10,clearwater-collateral,lambda,uat,14.74
cost-11370,2025-11-10,clearwater-collateral,lambda,prod,60.42
cost-11371,2025-11-10,clearwater-collateral,eks,dev,6.97
cost-11372,2025-11-10,clearwater-collateral,eks,uat,13.50
cost-11373,2025-11-10,clearwater-collateral,eks,prod,53.11
cost-11374,2025-11-10,clearwater-collateral,cloudwatch,dev,4.11
cost-11375,2025-11-10,clearwater-collateral,cloudwatch,uat,10.49
cost-11376,2025-11-10,clearwater-collateral,cloudwatch,prod,36.54
cost-11377,2025-11-11,clearwater-trade,ec2,dev,99.80
cost-11378,2025-11-11,clearwater-trade,ec2,uat,216.17
cost-11379,2025-11-11,clearwater-trade,ec2,prod,705.44
cost-11380,2025-11-11,clearwater-trade,rds,dev,77.32
cost-11381,2025-11-11,clearwater-trade,rds,uat,162.49
cost-11382,2025-11-11,clearwater-trade,rds,prod,532.15
cost-11383,2025-11-11,clearwater-trade,s3,dev,14.32
cost-11384,2025-11-11,clearwater-trade,s3,uat,32.17
cost-11385,2025-11-11,clearwater-trade,s3,prod,96.39
cost-11386,2025-11-11,clearwater-trade,lambda,dev,32.08
cost-11387,2025-11-11,clearwater-trade,lambda,uat,59.05
cost-11388,2025-11-11,clearwater-trade,lambda,prod,197.02
cost-11389,2025-11-11,clearwater-trade,eks,dev,51.66
cost-11390,2025-11-11,clearwater-trade,eks,uat,120.76
cost-11391,2025-11-11,clearwater-trade,eks,prod,439.04
cost-11392,2025-11-11,clearwater-trade,cloudwatch,dev,15.27
cost-11393,2025-11-11,clearwater-trade,cloudwatch,uat,26.24
cost-11394,2025-11-11,clearwater-trade,cloudwatch,prod,103.43
cost-11395,2025-11-11,clearwater-settlement,ec2,dev,79.12
cost-11396,2025-11-11,clearwater-settlement,ec2,uat,165.46
cost-11397,2025-11-11,clearwater-settlement,ec2,prod,490.35
cost-11398,2025-11-11,clearwater-settlement,rds,dev,73.11
cost-11399,2025-11-11,clearwater-settlement,rds,uat,168.18
cost-11400,2025-11-11,clearwater-settlement,rds,prod,508.80
cost-11401,2025-11-11,clearwater-settlement,s3,dev,17.39
cost-11402,2025-11-11,clearwater-settlement,s3,uat,34.41
cost-11403,2025-11-11,clearwater-settlement,s3,prod,132.29
cost-11404,2025-11-11,clearwater-settlement,lambda,dev,27.31
cost-11405,2025-11-11,clearwater-settlement,lambda,uat,60.39
cost-11406,2025-11-11,clearwater-settlement,lambda,prod,210.60
cost-11407,2025-11-11,clearwater-settlement,eks,dev,41.91
cost-11408,2025-11-11,clearwater-settlement,eks,uat,72.06
cost-11409,2025-11-11,clearwater-settlement,eks,prod,275.25
cost-11410,2025-11-11,clearwater-settlement,cloudwatch,dev,13.38
cost-11411,2025-11-11,clearwater-settlement,cloudwatch,uat,25.59
cost-11412,2025-11-11,clearwater-settlement,cloudwatch,prod,93.94
cost-11413,2025-11-11,clearwater-sales,ec2,dev,36.19
cost-11414,2025-11-11,clearwater-sales,ec2,uat,57.19
cost-11415,2025-11-11,clearwater-sales,ec2,prod,228.02
cost-11416,2025-11-11,clearwater-sales,rds,dev,22.28
cost-11417,2025-11-11,clearwater-sales,rds,uat,41.30
cost-11418,2025-11-11,clearwater-sales,rds,prod,127.13
cost-11419,2025-11-11,clearwater-sales,s3,dev,16.80
cost-11420,2025-11-11,clearwater-sales,s3,uat,33.73
cost-11421,2025-11-11,clearwater-sales,s3,prod,119.98
cost-11422,2025-11-11,clearwater-sales,lambda,dev,34.67
cost-11423,2025-11-11,clearwater-sales,lambda,uat,69.72
cost-11424,2025-11-11,clearwater-sales,lambda,prod,277.61
cost-11425,2025-11-11,clearwater-sales,eks,dev,13.17
cost-11426,2025-11-11,clearwater-sales,eks,uat,25.85
cost-11427,2025-11-11,clearwater-sales,eks,prod,98.08
cost-11428,2025-11-11,clearwater-sales,cloudwatch,dev,11.27
cost-11429,2025-11-11,clearwater-sales,cloudwatch,uat,19.32
cost-11430,2025-11-11,clearwater-sales,cloudwatch,prod,66.46
cost-11431,2025-11-11,clearwater-collateral,ec2,dev,13.36
cost-11432,2025-11-11,clearwater-collateral,ec2,uat,28.10
cost-11433,2025-11-11,clearwater-collateral,ec2,prod,97.77
cost-11434,2025-11-11,clearwater-collateral,rds,dev,37.88
cost-11435,2025-11-11,clearwater-collateral,rds,uat,61.40
cost-11436,2025-11-11,clearwater-collateral,rds,prod,243.04
cost-11437,2025-11-11,clearwater-collateral,s3,dev,32.21
cost-11438,2025-11-11,clearwater-collateral,s3,uat,51.82
cost-11439,2025-11-11,clearwater-collateral,s3,prod,169.89
cost-11440,2025-11-11,clearwater-collateral,lambda,dev,7.34
cost-11441,2025-11-11,clearwater-collateral,lambda,uat,13.83
cost-11442,2025-11-11,clearwater-collateral,lambda,prod,48.40
cost-11443,2025-11-11,clearwater-collateral,eks,dev,6.47
cost-11444,2025-11-11,clearwater-collateral,eks,uat,13.62
cost-11445,2025-11-11,clearwater-collateral,eks,prod,53.03
cost-11446,2025-11-11,clearwater-collateral,cloudwatch,dev,5.12
cost-11447,2025-11-11,clearwater-collateral,cloudwatch,uat,8.69
cost-11448,2025-11-11,clearwater-collateral,cloudwatch,prod,28.32
cost-11449,2025-11-12,clearwater-trade,ec2,dev,87.31
cost-11450,2025-11-12,clearwater-trade,ec2,uat,175.86
cost-11451,2025-11-12,clearwater-trade,ec2,prod,707.39
cost-11452,2025-11-12,clearwater-trade,rds,dev,74.80
cost-11453,2025-11-12,clearwater-trade,rds,uat,124.49
cost-11454,2025-11-12,clearwater-trade,rds,prod,442.21
cost-11455,2025-11-12,clearwater-trade,s3,dev,14.65
cost-11456,2025-11-12,clearwater-trade,s3,uat,24.89
cost-11457,2025-11-12,clearwater-trade,s3,prod,87.96
cost-11458,2025-11-12,clearwater-trade,lambda,dev,24.95
cost-11459,2025-11-12,clearwater-trade,lambda,uat,61.57
cost-11460,2025-11-12,clearwater-trade,lambda,prod,175.77
cost-11461,2025-11-12,clearwater-trade,eks,dev,49.82
cost-11462,2025-11-12,clearwater-trade,eks,uat,122.65
cost-11463,2025-11-12,clearwater-trade,eks,prod,428.45
cost-11464,2025-11-12,clearwater-trade,cloudwatch,dev,16.16
cost-11465,2025-11-12,clearwater-trade,cloudwatch,uat,26.81
cost-11466,2025-11-12,clearwater-trade,cloudwatch,prod,107.76
cost-11467,2025-11-12,clearwater-settlement,ec2,dev,65.59
cost-11468,2025-11-12,clearwater-settlement,ec2,uat,161.85
cost-11469,2025-11-12,clearwater-settlement,ec2,prod,510.00
cost-11470,2025-11-12,clearwater-settlement,rds,dev,79.14
cost-11471,2025-11-12,clearwater-settlement,rds,uat,151.57
cost-11472,2025-11-12,clearwater-settlement,rds,prod,446.72
cost-11473,2025-11-12,clearwater-settlement,s3,dev,19.44
cost-11474,2025-11-12,clearwater-settlement,s3,uat,45.38
cost-11475,2025-11-12,clearwater-settlement,s3,prod,154.72
cost-11476,2025-11-12,clearwater-settlement,lambda,dev,28.96
cost-11477,2025-11-12,clearwater-settlement,lambda,uat,53.13
cost-11478,2025-11-12,clearwater-settlement,lambda,prod,213.28
cost-11479,2025-11-12,clearwater-settlement,eks,dev,31.77
cost-11480,2025-11-12,clearwater-settlement,eks,uat,72.34
cost-11481,2025-11-12,clearwater-settlement,eks,prod,274.02
cost-11482,2025-11-12,clearwater-settlement,cloudwatch,dev,13.46
cost-11483,2025-11-12,clearwater-settlement,cloudwatch,uat,21.95
cost-11484,2025-11-12,clearwater-settlement,cloudwatch,prod,94.29
cost-11485,2025-11-12,clearwater-sales,ec2,dev,31.14
cost-11486,2025-11-12,clearwater-sales,ec2,uat,55.70
cost-11487,2025-11-12,clearwater-sales,ec2,prod,236.79
cost-11488,2025-11-12,clearwater-sales,rds,dev,19.00
cost-11489,2025-11-12,clearwater-sales,rds,uat,37.28
cost-11490,2025-11-12,clearwater-sales,rds,prod,151.53
cost-11491,2025-11-12,clearwater-sales,s3,dev,16.66
cost-11492,2025-11-12,clearwater-sales,s3,uat,31.10
cost-11493,2025-11-12,clearwater-sales,s3,prod,111.43
cost-11494,2025-11-12,clearwater-sales,lambda,dev,41.10
cost-11495,2025-11-12,clearwater-sales,lambda,uat,74.01
cost-11496,2025-11-12,clearwater-sales,lambda,prod,230.96
cost-11497,2025-11-12,clearwater-sales,eks,dev,11.39
cost-11498,2025-11-12,clearwater-sales,eks,uat,27.34
cost-11499,2025-11-12,clearwater-sales,eks,prod,95.25
cost-11500,2025-11-12,clearwater-sales,cloudwatch,dev,9.85
cost-11501,2025-11-12,clearwater-sales,cloudwatch,uat,19.38
cost-11502,2025-11-12,clearwater-sales,cloudwatch,prod,75.94
cost-11503,2025-11-12,clearwater-collateral,ec2,dev,12.65
cost-11504,2025-11-12,clearwater-collateral,ec2,uat,26.44
cost-11505,2025-11-12,clearwater-collateral,ec2,prod,102.13
cost-11506,2025-11-12,clearwater-collateral,rds,dev,36.47
cost-11507,2025-11-12,clearwater-collateral,rds,uat,69.49
cost-11508,2025-11-12,clearwater-collateral,rds,prod,197.74
cost-11509,2025-11-12,clearwater-collateral,s3,dev,31.81
cost-11510,2025-11-12,clearwater-collateral,s3,uat,49.61
cost-11511,2025-11-12,clearwater-collateral,s3,prod,208.76
cost-11512,2025-11-12,clearwater-collateral,lambda,dev,6.89
cost-11513,2025-11-12,clearwater-collateral,lambda,uat,13.78
cost-11514,2025-11-12,clearwater-collateral,lambda,prod,50.21
cost-11515,2025-11-12,clearwater-collateral,eks,dev,5.71
cost-11516,2025-11-12,clearwater-collateral,eks,uat,12.84
cost-11517,2025-11-12,clearwater-collateral,eks,prod,49.18
cost-11518,2025-11-12,clearwater-collateral,cloudwatch,dev,4.70
cost-11519,2025-11-12,clearwater-collateral,cloudwatch,uat,8.97
cost-11520,2025-11-12,clearwater-collateral,cloudwatch,prod,32.95
cost-11521,2025-11-13,clearwater-trade,ec2,dev,93.95
cost-11522,2025-11-13,clearwater-trade,ec2,uat,202.66
cost-11523,2025-11-13,clearwater-trade,ec2,prod,716.80
cost-11524,2025-11-13,clearwater-trade,rds,dev,65.42
cost-11525,2025-11-13,clearwater-trade,rds,uat,135.36
cost-11526,2025-11-13,clearwater-trade,rds,prod,502.21
cost-11527,2025-11-13,clearwater-trade,s3,dev,13.33
cost-11528,2025-11-13,clearwater-trade,s3,uat,32.88
cost-11529,2025-11-13,clearwater-trade,s3,prod,106.69
cost-11530,2025-11-13,clearwater-trade,lambda,dev,25.69
cost-11531,2025-11-13,clearwater-trade,lambda,uat,58.31
cost-11532,2025-11-13,clearwater-trade,lambda,prod,191.08
cost-11533,2025-11-13,clearwater-trade,eks,dev,53.04
cost-11534,2025-11-13,clearwater-trade,eks,uat,133.29
cost-11535,2025-11-13,clearwater-trade,eks,prod,351.14
cost-11536,2025-11-13,clearwater-trade,cloudwatch,dev,15.50
cost-11537,2025-11-13,clearwater-trade,cloudwatch,uat,26.33
cost-11538,2025-11-13,clearwater-trade,cloudwatch,prod,94.39
cost-11539,2025-11-13,clearwater-settlement,ec2,dev,82.50
cost-11540,2025-11-13,clearwater-settlement,ec2,uat,130.09
cost-11541,2025-11-13,clearwater-settlement,ec2,prod,444.85
cost-11542,2025-11-13,clearwater-settlement,rds,dev,72.69
cost-11543,2025-11-13,clearwater-settlement,rds,uat,168.72
cost-11544,2025-11-13,clearwater-settlement,rds,prod,525.11
cost-11545,2025-11-13,clearwater-settlement,s3,dev,17.91
cost-11546,2025-11-13,clearwater-settlement,s3,uat,38.22
cost-11547,2025-11-13,clearwater-settlement,s3,prod,152.68
cost-11548,2025-11-13,clearwater-settlement,lambda,dev,27.40
cost-11549,2025-11-13,clearwater-settlement,lambda,uat,57.12
cost-11550,2025-11-13,clearwater-settlement,lambda,prod,206.98
cost-11551,2025-11-13,clearwater-settlement,eks,dev,42.40
cost-11552,2025-11-13,clearwater-settlement,eks,uat,74.00
cost-11553,2025-11-13,clearwater-settlement,eks,prod,250.42
cost-11554,2025-11-13,clearwater-settlement,cloudwatch,dev,10.68
cost-11555,2025-11-13,clearwater-settlement,cloudwatch,uat,22.90
cost-11556,2025-11-13,clearwater-settlement,cloudwatch,prod,78.10
cost-11557,2025-11-13,clearwater-sales,ec2,dev,36.12
cost-11558,2025-11-13,clearwater-sales,ec2,uat,57.18
cost-11559,2025-11-13,clearwater-sales,ec2,prod,208.75
cost-11560,2025-11-13,clearwater-sales,rds,dev,18.64
cost-11561,2025-11-13,clearwater-sales,rds,uat,40.46
cost-11562,2025-11-13,clearwater-sales,rds,prod,152.49
cost-11563,2025-11-13,clearwater-sales,s3,dev,16.64
cost-11564,2025-11-13,clearwater-sales,s3,uat,26.41
cost-11565,2025-11-13,clearwater-sales,s3,prod,103.71
cost-11566,2025-11-13,clearwater-sales,lambda,dev,42.58
cost-11567,2025-11-13,clearwater-sales,lambda,uat,87.17
cost-11568,2025-11-13,clearwater-sales,lambda,prod,272.96
cost-11569,2025-11-13,clearwater-sales,eks,dev,11.14
cost-11570,2025-11-13,clearwater-sales,eks,uat,23.66
cost-11571,2025-11-13,clearwater-sales,eks,prod,81.32
cost-11572,2025-11-13,clearwater-sales,cloudwatch,dev,11.26
cost-11573,2025-11-13,clearwater-sales,cloudwatch,uat,21.93
cost-11574,2025-11-13,clearwater-sales,cloudwatch,prod,81.16
cost-11575,2025-11-13,clearwater-collateral,ec2,dev,16.05
cost-11576,2025-11-13,clearwater-collateral,ec2,uat,30.21
cost-11577,2025-11-13,clearwater-collateral,ec2,prod,88.73
cost-11578,2025-11-13,clearwater-collateral,rds,dev,29.97
cost-11579,2025-11-13,clearwater-collateral,rds,uat,71.97
cost-11580,2025-11-13,clearwater-collateral,rds,prod,263.41
cost-11581,2025-11-13,clearwater-collateral,s3,dev,27.92
cost-11582,2025-11-13,clearwater-collateral,s3,uat,48.33
cost-11583,2025-11-13,clearwater-collateral,s3,prod,208.51
cost-11584,2025-11-13,clearwater-collateral,lambda,dev,7.78
cost-11585,2025-11-13,clearwater-collateral,lambda,uat,17.08
cost-11586,2025-11-13,clearwater-collateral,lambda,prod,52.98
cost-11587,2025-11-13,clearwater-collateral,eks,dev,6.39
cost-11588,2025-11-13,clearwater-collateral,eks,uat,12.37
cost-11589,2025-11-13,clearwater-collateral,eks,prod,48.08
cost-11590,2025-11-13,clearwater-collateral,cloudwatch,dev,5.36
cost-11591,2025-11-13,clearwater-collateral,cloudwatch,uat,8.17
cost-11592,2025-11-13,clearwater-collateral,cloudwatch,prod,36.44
cost-11593,2025-11-14,clearwater-trade,ec2,dev,103.84
cost-11594,2025-11-14,clearwater-trade,ec2,uat,230.38
cost-11595,2025-11-14,clearwater-trade,ec2,prod,686.97
cost-11596,2025-11-14,clearwater-trade,rds,dev,64.58
cost-11597,2025-11-14,clearwater-trade,rds,uat,128.50
cost-11598,2025-11-14,clearwater-trade,rds,prod,499.31
cost-11599,2025-11-14,clearwater-trade,s3,dev,13.12
cost-11600,2025-11-14,clearwater-trade,s3,uat,27.60
cost-11601,2025-11-14,clearwater-trade,s3,prod,102.83
cost-11602,2025-11-14,clearwater-trade,lambda,dev,32.67
cost-11603,2025-11-14,clearwater-trade,lambda,uat,49.62
cost-11604,2025-11-14,clearwater-trade,lambda,prod,202.80
cost-11605,2025-11-14,clearwater-trade,eks,dev,63.46
cost-11606,2025-11-14,clearwater-trade,eks,uat,125.43
cost-11607,2025-11-14,clearwater-trade,eks,prod,356.81
cost-11608,2025-11-14,clearwater-trade,cloudwatch,dev,14.53
cost-11609,2025-11-14,clearwater-trade,cloudwatch,uat,29.40
cost-11610,2025-11-14,clearwater-trade,cloudwatch,prod,97.41
cost-11611,2025-11-14,clearwater-settlement,ec2,dev,79.09
cost-11612,2025-11-14,clearwater-settlement,ec2,uat,160.26
cost-11613,2025-11-14,clearwater-settlement,ec2,prod,464.79
cost-11614,2025-11-14,clearwater-settlement,rds,dev,68.63
cost-11615,2025-11-14,clearwater-settlement,rds,uat,159.83
cost-11616,2025-11-14,clearwater-settlement,rds,prod,517.29
cost-11617,2025-11-14,clearwater-settlement,s3,dev,20.54
cost-11618,2025-11-14,clearwater-settlement,s3,uat,37.75
cost-11619,2025-11-14,clearwater-settlement,s3,prod,128.74
cost-11620,2025-11-14,clearwater-settlement,lambda,dev,27.26
cost-11621,2025-11-14,clearwater-settlement,lambda,uat,66.07
cost-11622,2025-11-14,clearwater-settlement,lambda,prod,211.83
cost-11623,2025-11-14,clearwater-settlement,eks,dev,42.92
cost-11624,2025-11-14,clearwater-settlement,eks,uat,79.15
cost-11625,2025-11-14,clearwater-settlement,eks,prod,252.71
cost-11626,2025-11-14,clearwater-settlement,cloudwatch,dev,11.89
cost-11627,2025-11-14,clearwater-settlement,cloudwatch,uat,22.47
cost-11628,2025-11-14,clearwater-settlement,cloudwatch,prod,99.41
cost-11629,2025-11-14,clearwater-sales,ec2,dev,29.75
cost-11630,2025-11-14,clearwater-sales,ec2,uat,57.82
cost-11631,2025-11-14,clearwater-sales,ec2,prod,235.20
cost-11632,2025-11-14,clearwater-sales,rds,dev,16.81
cost-11633,2025-11-14,clearwater-sales,rds,uat,42.42
cost-11634,2025-11-14,clearwater-sales,rds,prod,143.27
cost-11635,2025-11-14,clearwater-sales,s3,dev,17.51
cost-11636,2025-11-14,clearwater-sales,s3,uat,30.80
cost-11637,2025-11-14,clearwater-sales,s3,prod,122.36
cost-11638,2025-11-14,clearwater-sales,lambda,dev,42.13
cost-11639,2025-11-14,clearwater-sales,lambda,uat,77.37
cost-11640,2025-11-14,clearwater-sales,lambda,prod,310.46
cost-11641,2025-11-14,clearwater-sales,eks,dev,12.18
cost-11642,2025-11-14,clearwater-sales,eks,uat,28.13
cost-11643,2025-11-14,clearwater-sales,eks,prod,87.82
cost-11644,2025-11-14,clearwater-sales,cloudwatch,dev,10.64
cost-11645,2025-11-14,clearwater-sales,cloudwatch,uat,20.41
cost-11646,2025-11-14,clearwater-sales,cloudwatch,prod,65.26
cost-11647,2025-11-14,clearwater-collateral,ec2,dev,16.01
cost-11648,2025-11-14,clearwater-collateral,ec2,uat,27.40
cost-11649,2025-11-14,clearwater-collateral,ec2,prod,94.99
cost-11650,2025-11-14,clearwater-collateral,rds,dev,28.82
cost-11651,2025-11-14,clearwater-collateral,rds,uat,73.68
cost-11652,2025-11-14,clearwater-collateral,rds,prod,225.54
cost-11653,2025-11-14,clearwater-collateral,s3,dev,27.75
cost-11654,2025-11-14,clearwater-collateral,s3,uat,63.35
cost-11655,2025-11-14,clearwater-collateral,s3,prod,226.25
cost-11656,2025-11-14,clearwater-collateral,lambda,dev,8.17
cost-11657,2025-11-14,clearwater-collateral,lambda,uat,13.59
cost-11658,2025-11-14,clearwater-collateral,lambda,prod,55.47
cost-11659,2025-11-14,clearwater-collateral,eks,dev,6.70
cost-11660,2025-11-14,clearwater-collateral,eks,uat,15.00
cost-11661,2025-11-14,clearwater-collateral,eks,prod,46.82
cost-11662,2025-11-14,clearwater-collateral,cloudwatch,dev,5.03
cost-11663,2025-11-14,clearwater-collateral,cloudwatch,uat,8.56
cost-11664,2025-11-14,clearwater-collateral,cloudwatch,prod,30.33
cost-11665,2025-11-15,clearwater-trade,ec2,dev,87.89
cost-11666,2025-11-15,clearwater-trade,ec2,uat,182.75
cost-11667,2025-11-15,clearwater-trade,ec2,prod,667.44
cost-11668,2025-11-15,clearwater-trade,rds,dev,72.14
cost-11669,2025-11-15,clearwater-trade,rds,uat,138.10
cost-11670,2025-11-15,clearwater-trade,rds,prod,547.48
cost-11671,2025-11-15,clearwater-trade,s3,dev,15.57
cost-11672,2025-11-15,clearwater-trade,s3,uat,24.73
cost-11673,2025-11-15,clearwater-trade,s3,prod,100.61
cost-11674,2025-11-15,clearwater-trade,lambda,dev,28.17
cost-11675,2025-11-15,clearwater-trade,lambda,uat,54.02
cost-11676,2025-11-15,clearwater-trade,lambda,prod,198.59
cost-11677,2025-11-15,clearwater-trade,eks,dev,49.30
cost-11678,2025-11-15,clearwater-trade,eks,uat,109.66
cost-11679,2025-11-15,clearwater-trade,eks,prod,458.22
cost-11680,2025-11-15,clearwater-trade,cloudwatch,dev,13.24
cost-11681,2025-11-15,clearwater-trade,cloudwatch,uat,28.37
cost-11682,2025-11-15,clearwater-trade,cloudwatch,prod,97.23
cost-11683,2025-11-15,clearwater-settlement,ec2,dev,71.32
cost-11684,2025-11-15,clearwater-settlement,ec2,uat,132.23
cost-11685,2025-11-15,clearwater-settlement,ec2,prod,481.19
cost-11686,2025-11-15,clearwater-settlement,rds,dev,80.84
cost-11687,2025-11-15,clearwater-settlement,rds,uat,157.91
cost-11688,2025-11-15,clearwater-settlement,rds,prod,580.19
cost-11689,2025-11-15,clearwater-settlement,s3,dev,22.38
cost-11690,2025-11-15,clearwater-settlement,s3,uat,45.19
cost-11691,2025-11-15,clearwater-settlement,s3,prod,142.37
cost-11692,2025-11-15,clearwater-settlement,lambda,dev,29.68
cost-11693,2025-11-15,clearwater-settlement,lambda,uat,63.95
cost-11694,2025-11-15,clearwater-settlement,lambda,prod,193.51
cost-11695,2025-11-15,clearwater-settlement,eks,dev,41.44
cost-11696,2025-11-15,clearwater-settlement,eks,uat,73.41
cost-11697,2025-11-15,clearwater-settlement,eks,prod,244.03
cost-11698,2025-11-15,clearwater-settlement,cloudwatch,dev,13.74
cost-11699,2025-11-15,clearwater-settlement,cloudwatch,uat,23.28
cost-11700,2025-11-15,clearwater-settlement,cloudwatch,prod,88.17
cost-11701,2025-11-15,clearwater-sales,ec2,dev,29.16
cost-11702,2025-11-15,clearwater-sales,ec2,uat,58.10
cost-11703,2025-11-15,clearwater-sales,ec2,prod,194.91
cost-11704,2025-11-15,clearwater-sales,rds,dev,17.61
cost-11705,2025-11-15,clearwater-sales,rds,uat,44.41
cost-11706,2025-11-15,clearwater-sales,rds,prod,147.33
cost-11707,2025-11-15,clearwater-sales,s3,dev,16.89
cost-11708,2025-11-15,clearwater-sales,s3,uat,29.88
cost-11709,2025-11-15,clearwater-sales,s3,prod,100.21
cost-11710,2025-11-15,clearwater-sales,lambda,dev,35.85
cost-11711,2025-11-15,clearwater-sales,lambda,uat,88.36
cost-11712,2025-11-15,clearwater-sales,lambda,prod,274.95
cost-11713,2025-11-15,clearwater-sales,eks,dev,14.39
cost-11714,2025-11-15,clearwater-sales,eks,uat,22.12
cost-11715,2025-11-15,clearwater-sales,eks,prod,95.40
cost-11716,2025-11-15,clearwater-sales,cloudwatch,dev,10.10
cost-11717,2025-11-15,clearwater-sales,cloudwatch,uat,21.88
cost-11718,2025-11-15,clearwater-sales,cloudwatch,prod,77.37
cost-11719,2025-11-15,clearwater-collateral,ec2,dev,14.20
cost-11720,2025-11-15,clearwater-collateral,ec2,uat,28.51
cost-11721,2025-11-15,clearwater-collateral,ec2,prod,87.38
cost-11722,2025-11-15,clearwater-collateral,rds,dev,29.86
cost-11723,2025-11-15,clearwater-collateral,rds,uat,73.85
cost-11724,2025-11-15,clearwater-collateral,rds,prod,205.33
cost-11725,2025-11-15,clearwater-collateral,s3,dev,32.43
cost-11726,2025-11-15,clearwater-collateral,s3,uat,52.45
cost-11727,2025-11-15,clearwater-collateral,s3,prod,199.58
cost-11728,2025-11-15,clearwater-collateral,lambda,dev,7.83
cost-11729,2025-11-15,clearwater-collateral,lambda,uat,17.11
cost-11730,2025-11-15,clearwater-collateral,lambda,prod,49.10
cost-11731,2025-11-15,clearwater-collateral,eks,dev,5.84
cost-11732,2025-11-15,clearwater-collateral,eks,uat,11.78
cost-11733,2025-11-15,clearwater-collateral,eks,prod,40.34
cost-11734,2025-11-15,clearwater-collateral,cloudwatch,dev,5.09
cost-11735,2025-11-15,clearwater-collateral,cloudwatch,uat,9.76
cost-11736,2025-11-15,clearwater-collateral,cloudwatch,prod,37.96
cost-11737,2025-11-16,clearwater-trade,ec2,dev,113.35
cost-11738,2025-11-16,clearwater-trade,ec2,uat,189.54
cost-11739,2025-11-16,clearwater-trade,ec2,prod,643.41
cost-11740,2025-11-16,clearwater-trade,rds,dev,62.65
cost-11741,2025-11-16,clearwater-trade,rds,uat,133.81
cost-11742,2025-11-16,clearwater-trade,rds,prod,529.59
cost-11743,2025-11-16,clearwater-trade,s3,dev,16.11
cost-11744,2025-11-16,clearwater-trade,s3,uat,29.07
cost-11745,2025-11-16,clearwater-trade,s3,prod,88.23
cost-11746,2025-11-16,clearwater-trade,lambda,dev,26.29
cost-11747,2025-11-16,clearwater-trade,lambda,uat,64.28
cost-11748,2025-11-16,clearwater-trade,lambda,prod,204.06
cost-11749,2025-11-16,clearwater-trade,eks,dev,60.30
cost-11750,2025-11-16,clearwater-trade,eks,uat,109.08
cost-11751,2025-11-16,clearwater-trade,eks,prod,441.93
cost-11752,2025-11-16,clearwater-trade,cloudwatch,dev,13.26
cost-11753,2025-11-16,clearwater-trade,cloudwatch,uat,25.62
cost-11754,2025-11-16,clearwater-trade,cloudwatch,prod,95.83
cost-11755,2025-11-16,clearwater-settlement,ec2,dev,65.53
cost-11756,2025-11-16,clearwater-settlement,ec2,uat,142.88
cost-11757,2025-11-16,clearwater-settlement,ec2,prod,561.58
cost-11758,2025-11-16,clearwater-settlement,rds,dev,84.42
cost-11759,2025-11-16,clearwater-settlement,rds,uat,142.63
cost-11760,2025-11-16,clearwater-settlement,rds,prod,482.17
cost-11761,2025-11-16,clearwater-settlement,s3,dev,22.72
cost-11762,2025-11-16,clearwater-settlement,s3,uat,36.10
cost-11763,2025-11-16,clearwater-settlement,s3,prod,138.97
cost-11764,2025-11-16,clearwater-settlement,lambda,dev,28.78
cost-11765,2025-11-16,clearwater-settlement,lambda,uat,65.51
cost-11766,2025-11-16,clearwater-settlement,lambda,prod,200.83
cost-11767,2025-11-16,clearwater-settlement,eks,dev,35.25
cost-11768,2025-11-16,clearwater-settlement,eks,uat,63.71
cost-11769,2025-11-16,clearwater-settlement,eks,prod,271.81
cost-11770,2025-11-16,clearwater-settlement,cloudwatch,dev,10.86
cost-11771,2025-11-16,clearwater-settlement,cloudwatch,uat,25.03
cost-11772,2025-11-16,clearwater-settlement,cloudwatch,prod,94.08
cost-11773,2025-11-16,clearwater-sales,ec2,dev,30.01
cost-11774,2025-11-16,clearwater-sales,ec2,uat,72.47
cost-11775,2025-11-16,clearwater-sales,ec2,prod,210.30
cost-11776,2025-11-16,clearwater-sales,rds,dev,18.03
cost-11777,2025-11-16,clearwater-sales,rds,uat,36.34
cost-11778,2025-11-16,clearwater-sales,rds,prod,118.38
cost-11779,2025-11-16,clearwater-sales,s3,dev,14.93
cost-11780,2025-11-16,clearwater-sales,s3,uat,27.28
cost-11781,2025-11-16,clearwater-sales,s3,prod,119.71
cost-11782,2025-11-16,clearwater-sales,lambda,dev,37.52
cost-11783,2025-11-16,clearwater-sales,lambda,uat,73.97
cost-11784,2025-11-16,clearwater-sales,lambda,prod,277.67
cost-11785,2025-11-16,clearwater-sales,eks,dev,12.24
cost-11786,2025-11-16,clearwater-sales,eks,uat,22.95
cost-11787,2025-11-16,clearwater-sales,eks,prod,91.97
cost-11788,2025-11-16,clearwater-sales,cloudwatch,dev,10.48
cost-11789,2025-11-16,clearwater-sales,cloudwatch,uat,18.44
cost-11790,2025-11-16,clearwater-sales,cloudwatch,prod,81.08
cost-11791,2025-11-16,clearwater-collateral,ec2,dev,13.94
cost-11792,2025-11-16,clearwater-collateral,ec2,uat,28.51
cost-11793,2025-11-16,clearwater-collateral,ec2,prod,96.93
cost-11794,2025-11-16,clearwater-collateral,rds,dev,37.99
cost-11795,2025-11-16,clearwater-collateral,rds,uat,75.07
cost-11796,2025-11-16,clearwater-collateral,rds,prod,203.04
cost-11797,2025-11-16,clearwater-collateral,s3,dev,25.89
cost-11798,2025-11-16,clearwater-collateral,s3,uat,63.86
cost-11799,2025-11-16,clearwater-collateral,s3,prod,220.70
cost-11800,2025-11-16,clearwater-collateral,lambda,dev,7.26
cost-11801,2025-11-16,clearwater-collateral,lambda,uat,14.91
cost-11802,2025-11-16,clearwater-collateral,lambda,prod,47.98
cost-11803,2025-11-16,clearwater-collateral,eks,dev,6.57
cost-11804,2025-11-16,clearwater-collateral,eks,uat,14.59
cost-11805,2025-11-16,clearwater-collateral,eks,prod,42.26
cost-11806,2025-11-16,clearwater-collateral,cloudwatch,dev,4.61
cost-11807,2025-11-16,clearwater-collateral,cloudwatch,uat,10.69
cost-11808,2025-11-16,clearwater-collateral,cloudwatch,prod,30.25
cost-11809,2025-11-17,clearwater-trade,ec2,dev,111.70
cost-11810,2025-11-17,clearwater-trade,ec2,uat,204.14
cost-11811,2025-11-17,clearwater-trade,ec2,prod,713.27
cost-11812,2025-11-17,clearwater-trade,rds,dev,74.29
cost-11813,2025-11-17,clearwater-trade,rds,uat,146.16
cost-11814,2025-11-17,clearwater-trade,rds,prod,463.69
cost-11815,2025-11-17,clearwater-trade,s3,dev,12.45
cost-11816,2025-11-17,clearwater-trade,s3,uat,27.42
cost-11817,2025-11-17,clearwater-trade,s3,prod,88.47
cost-11818,2025-11-17,clearwater-trade,lambda,dev,31.03
cost-11819,2025-11-17,clearwater-trade,lambda,uat,64.16
cost-11820,2025-11-17,clearwater-trade,lambda,prod,196.66
cost-11821,2025-11-17,clearwater-trade,eks,dev,61.77
cost-11822,2025-11-17,clearwater-trade,eks,uat,111.60
cost-11823,2025-11-17,clearwater-trade,eks,prod,456.87
cost-11824,2025-11-17,clearwater-trade,cloudwatch,dev,13.37
cost-11825,2025-11-17,clearwater-trade,cloudwatch,uat,28.72
cost-11826,2025-11-17,clearwater-trade,cloudwatch,prod,98.29
cost-11827,2025-11-17,clearwater-settlement,ec2,dev,63.75
cost-11828,2025-11-17,clearwater-settlement,ec2,uat,168.33
cost-11829,2025-11-17,clearwater-settlement,ec2,prod,599.22
cost-11830,2025-11-17,clearwater-settlement,rds,dev,69.96
cost-11831,2025-11-17,clearwater-settlement,rds,uat,153.90
cost-11832,2025-11-17,clearwater-settlement,rds,prod,445.04
cost-11833,2025-11-17,clearwater-settlement,s3,dev,21.70
cost-11834,2025-11-17,clearwater-settlement,s3,uat,45.14
cost-11835,2025-11-17,clearwater-settlement,s3,prod,137.78
cost-11836,2025-11-17,clearwater-settlement,lambda,dev,27.66
cost-11837,2025-11-17,clearwater-settlement,lambda,uat,54.17
cost-11838,2025-11-17,clearwater-settlement,lambda,prod,220.81
cost-11839,2025-11-17,clearwater-settlement,eks,dev,36.56
cost-11840,2025-11-17,clearwater-settlement,eks,uat,85.58
cost-11841,2025-11-17,clearwater-settlement,eks,prod,239.26
cost-11842,2025-11-17,clearwater-settlement,cloudwatch,dev,13.02
cost-11843,2025-11-17,clearwater-settlement,cloudwatch,uat,23.88
cost-11844,2025-11-17,clearwater-settlement,cloudwatch,prod,83.68
cost-11845,2025-11-17,clearwater-sales,ec2,dev,35.21
cost-11846,2025-11-17,clearwater-sales,ec2,uat,68.47
cost-11847,2025-11-17,clearwater-sales,ec2,prod,218.00
cost-11848,2025-11-17,clearwater-sales,rds,dev,21.22
cost-11849,2025-11-17,clearwater-sales,rds,uat,34.03
cost-11850,2025-11-17,clearwater-sales,rds,prod,128.75
cost-11851,2025-11-17,clearwater-sales,s3,dev,13.27
cost-11852,2025-11-17,clearwater-sales,s3,uat,30.74
cost-11853,2025-11-17,clearwater-sales,s3,prod,106.52
cost-11854,2025-11-17,clearwater-sales,lambda,dev,42.56
cost-11855,2025-11-17,clearwater-sales,lambda,uat,77.78
cost-11856,2025-11-17,clearwater-sales,lambda,prod,279.21
cost-11857,2025-11-17,clearwater-sales,eks,dev,14.11
cost-11858,2025-11-17,clearwater-sales,eks,uat,23.15
cost-11859,2025-11-17,clearwater-sales,eks,prod,84.22
cost-11860,2025-11-17,clearwater-sales,cloudwatch,dev,10.47
cost-11861,2025-11-17,clearwater-sales,cloudwatch,uat,21.90
cost-11862,2025-11-17,clearwater-sales,cloudwatch,prod,66.28
cost-11863,2025-11-17,clearwater-collateral,ec2,dev,13.84
cost-11864,2025-11-17,clearwater-collateral,ec2,uat,32.04
cost-11865,2025-11-17,clearwater-collateral,ec2,prod,88.16
cost-11866,2025-11-17,clearwater-collateral,rds,dev,37.32
cost-11867,2025-11-17,clearwater-collateral,rds,uat,66.69
cost-11868,2025-11-17,clearwater-collateral,rds,prod,243.25
cost-11869,2025-11-17,clearwater-collateral,s3,dev,29.46
cost-11870,2025-11-17,clearwater-collateral,s3,uat,59.25
cost-11871,2025-11-17,clearwater-collateral,s3,prod,205.71
cost-11872,2025-11-17,clearwater-collateral,lambda,dev,8.36
cost-11873,2025-11-17,clearwater-collateral,lambda,uat,16.71
cost-11874,2025-11-17,clearwater-collateral,lambda,prod,49.67
cost-11875,2025-11-17,clearwater-collateral,eks,dev,6.15
cost-11876,2025-11-17,clearwater-collateral,eks,uat,12.99
cost-11877,2025-11-17,clearwater-collateral,eks,prod,48.50
cost-11878,2025-11-17,clearwater-collateral,cloudwatch,dev,4.04
cost-11879,2025-11-17,clearwater-collateral,cloudwatch,uat,10.57
cost-11880,2025-11-17,clearwater-collateral,cloudwatch,prod,31.56
cost-11881,2025-11-18,clearwater-trade,ec2,dev,101.30
cost-11882,2025-11-18,clearwater-trade,ec2,uat,219.39
cost-11883,2025-11-18,clearwater-trade,ec2,prod,807.08
cost-11884,2025-11-18,clearwater-trade,rds,dev,72.54
cost-11885,2025-11-18,clearwater-trade,rds,uat,156.56
cost-11886,2025-11-18,clearwater-trade,rds,prod,495.21
cost-11887,2025-11-18,clearwater-trade,s3,dev,16.15
cost-11888,2025-11-18,clearwater-trade,s3,uat,29.71
cost-11889,2025-11-18,clearwater-trade,s3,prod,95.72
cost-11890,2025-11-18,clearwater-trade,lambda,dev,25.28
cost-11891,2025-11-18,clearwater-trade,lambda,uat,62.76
cost-11892,2025-11-18,clearwater-trade,lambda,prod,229.75
cost-11893,2025-11-18,clearwater-trade,eks,dev,65.44
cost-11894,2025-11-18,clearwater-trade,eks,uat,117.19
cost-11895,2025-11-18,clearwater-trade,eks,prod,352.85
cost-11896,2025-11-18,clearwater-trade,cloudwatch,dev,13.20
cost-11897,2025-11-18,clearwater-trade,cloudwatch,uat,27.92
cost-11898,2025-11-18,clearwater-trade,cloudwatch,prod,106.98
cost-11899,2025-11-18,clearwater-settlement,ec2,dev,70.93
cost-11900,2025-11-18,clearwater-settlement,ec2,uat,169.66
cost-11901,2025-11-18,clearwater-settlement,ec2,prod,453.64
cost-11902,2025-11-18,clearwater-settlement,rds,dev,75.78
cost-11903,2025-11-18,clearwater-settlement,rds,uat,135.94
cost-11904,2025-11-18,clearwater-settlement,rds,prod,445.82
cost-11905,2025-11-18,clearwater-settlement,s3,dev,21.10
cost-11906,2025-11-18,clearwater-settlement,s3,uat,44.37
cost-11907,2025-11-18,clearwater-settlement,s3,prod,157.41
cost-11908,2025-11-18,clearwater-settlement,lambda,dev,27.19
cost-11909,2025-11-18,clearwater-settlement,lambda,uat,64.47
cost-11910,2025-11-18,clearwater-settlement,lambda,prod,231.13
cost-11911,2025-11-18,clearwater-settlement,eks,dev,38.23
cost-11912,2025-11-18,clearwater-settlement,eks,uat,69.97
cost-11913,2025-11-18,clearwater-settlement,eks,prod,230.17
cost-11914,2025-11-18,clearwater-settlement,cloudwatch,dev,14.08
cost-11915,2025-11-18,clearwater-settlement,cloudwatch,uat,28.18
cost-11916,2025-11-18,clearwater-settlement,cloudwatch,prod,86.52
cost-11917,2025-11-18,clearwater-sales,ec2,dev,33.21
cost-11918,2025-11-18,clearwater-sales,ec2,uat,66.73
cost-11919,2025-11-18,clearwater-sales,ec2,prod,192.85
cost-11920,2025-11-18,clearwater-sales,rds,dev,16.92
cost-11921,2025-11-18,clearwater-sales,rds,uat,42.60
cost-11922,2025-11-18,clearwater-sales,rds,prod,148.31
cost-11923,2025-11-18,clearwater-sales,s3,dev,16.03
cost-11924,2025-11-18,clearwater-sales,s3,uat,29.69
cost-11925,2025-11-18,clearwater-sales,s3,prod,95.18
cost-11926,2025-11-18,clearwater-sales,lambda,dev,42.90
cost-11927,2025-11-18,clearwater-sales,lambda,uat,88.31
cost-11928,2025-11-18,clearwater-sales,lambda,prod,261.38
cost-11929,2025-11-18,clearwater-sales,eks,dev,13.77
cost-11930,2025-11-18,clearwater-sales,eks,uat,26.34
cost-11931,2025-11-18,clearwater-sales,eks,prod,99.82
cost-11932,2025-11-18,clearwater-sales,cloudwatch,dev,11.73
cost-11933,2025-11-18,clearwater-sales,cloudwatch,uat,19.91
cost-11934,2025-11-18,clearwater-sales,cloudwatch,prod,75.86
cost-11935,2025-11-18,clearwater-collateral,ec2,dev,16.26
cost-11936,2025-11-18,clearwater-collateral,ec2,uat,25.46
cost-11937,2025-11-18,clearwater-collateral,ec2,prod,112.16
cost-11938,2025-11-18,clearwater-collateral,rds,dev,37.62
cost-11939,2025-11-18,clearwater-collateral,rds,uat,72.34
cost-11940,2025-11-18,clearwater-collateral,rds,prod,231.03
cost-11941,2025-11-18,clearwater-collateral,s3,dev,32.10
cost-11942,2025-11-18,clearwater-collateral,s3,uat,64.63
cost-11943,2025-11-18,clearwater-collateral,s3,prod,228.33
cost-11944,2025-11-18,clearwater-collateral,lambda,dev,7.59
cost-11945,2025-11-18,clearwater-collateral,lambda,uat,16.86
cost-11946,2025-11-18,clearwater-collateral,lambda,prod,60.44
cost-11947,2025-11-18,clearwater-collateral,eks,dev,6.66
cost-11948,2025-11-18,clearwater-collateral,eks,uat,13.32
cost-11949,2025-11-18,clearwater-collateral,eks,prod,51.67
cost-11950,2025-11-18,clearwater-collateral,cloudwatch,dev,4.53
cost-11951,2025-11-18,clearwater-collateral,cloudwatch,uat,9.38
cost-11952,2025-11-18,clearwater-collateral,cloudwatch,prod,35.53
cost-11953,2025-11-19,clearwater-trade,ec2,dev,96.71
cost-11954,2025-11-19,clearwater-trade,ec2,uat,198.96
cost-11955,2025-11-19,clearwater-trade,ec2,prod,780.42
cost-11956,2025-11-19,clearwater-trade,rds,dev,66.45
cost-11957,2025-11-19,clearwater-trade,rds,uat,137.35
cost-11958,2025-11-19,clearwater-trade,rds,prod,576.16
cost-11959,2025-11-19,clearwater-trade,s3,dev,14.97
cost-11960,2025-11-19,clearwater-trade,s3,uat,29.94
cost-11961,2025-11-19,clearwater-trade,s3,prod,86.28
cost-11962,2025-11-19,clearwater-trade,lambda,dev,27.83
cost-11963,2025-11-19,clearwater-trade,lambda,uat,60.74
cost-11964,2025-11-19,clearwater-trade,lambda,prod,173.39
cost-11965,2025-11-19,clearwater-trade,eks,dev,50.61
cost-11966,2025-11-19,clearwater-trade,eks,uat,98.90
cost-11967,2025-11-19,clearwater-trade,eks,prod,457.52
cost-11968,2025-11-19,clearwater-trade,cloudwatch,dev,14.93
cost-11969,2025-11-19,clearwater-trade,cloudwatch,uat,29.76
cost-11970,2025-11-19,clearwater-trade,cloudwatch,prod,111.27
cost-11971,2025-11-19,clearwater-settlement,ec2,dev,76.13
cost-11972,2025-11-19,clearwater-settlement,ec2,uat,163.17
cost-11973,2025-11-19,clearwater-settlement,ec2,prod,465.30
cost-11974,2025-11-19,clearwater-settlement,rds,dev,79.94
cost-11975,2025-11-19,clearwater-settlement,rds,uat,160.80
cost-11976,2025-11-19,clearwater-settlement,rds,prod,538.57
cost-11977,2025-11-19,clearwater-settlement,s3,dev,18.02
cost-11978,2025-11-19,clearwater-settlement,s3,uat,38.90
cost-11979,2025-11-19,clearwater-settlement,s3,prod,148.14
cost-11980,2025-11-19,clearwater-settlement,lambda,dev,29.58
cost-11981,2025-11-19,clearwater-settlement,lambda,uat,62.16
cost-11982,2025-11-19,clearwater-settlement,lambda,prod,238.15
cost-11983,2025-11-19,clearwater-settlement,eks,dev,38.98
cost-11984,2025-11-19,clearwater-settlement,eks,uat,75.27
cost-11985,2025-11-19,clearwater-settlement,eks,prod,271.93
cost-11986,2025-11-19,clearwater-settlement,cloudwatch,dev,10.95
cost-11987,2025-11-19,clearwater-settlement,cloudwatch,uat,23.40
cost-11988,2025-11-19,clearwater-settlement,cloudwatch,prod,85.88
cost-11989,2025-11-19,clearwater-sales,ec2,dev,35.18
cost-11990,2025-11-19,clearwater-sales,ec2,uat,57.74
cost-11991,2025-11-19,clearwater-sales,ec2,prod,246.19
cost-11992,2025-11-19,clearwater-sales,rds,dev,22.02
cost-11993,2025-11-19,clearwater-sales,rds,uat,35.85
cost-11994,2025-11-19,clearwater-sales,rds,prod,131.70
cost-11995,2025-11-19,clearwater-sales,s3,dev,15.23
cost-11996,2025-11-19,clearwater-sales,s3,uat,33.70
cost-11997,2025-11-19,clearwater-sales,s3,prod,100.08
cost-11998,2025-11-19,clearwater-sales,lambda,dev,39.31
cost-11999,2025-11-19,clearwater-sales,lambda,uat,79.94
cost-12000,2025-11-19,clearwater-sales,lambda,prod,277.34
cost-12001,2025-11-19,clearwater-sales,eks,dev,12.45
cost-12002,2025-11-19,clearwater-sales,eks,uat,25.94
cost-12003,2025-11-19,clearwater-sales,eks,prod,93.24
cost-12004,2025-11-19,clearwater-sales,cloudwatch,dev,9.27
cost-12005,2025-11-19,clearwater-sales,cloudwatch,uat,19.35
cost-12006,2025-11-19,clearwater-sales,cloudwatch,prod,80.92
cost-12007,2025-11-19,clearwater-collateral,ec2,dev,12.53
cost-12008,2025-11-19,clearwater-collateral,ec2,uat,26.48
cost-12009,2025-11-19,clearwater-collateral,ec2,prod,95.32
cost-12010,2025-11-19,clearwater-collateral,rds,dev,31.75
cost-12011,2025-11-19,clearwater-collateral,rds,uat,67.76
cost-12012,2025-11-19,clearwater-collateral,rds,prod,224.89
cost-12013,2025-11-19,clearwater-collateral,s3,dev,29.47
cost-12014,2025-11-19,clearwater-collateral,s3,uat,48.85
cost-12015,2025-11-19,clearwater-collateral,s3,prod,191.34
cost-12016,2025-11-19,clearwater-collateral,lambda,dev,7.14
cost-12017,2025-11-19,clearwater-collateral,lambda,uat,13.74
cost-12018,2025-11-19,clearwater-collateral,lambda,prod,55.15
cost-12019,2025-11-19,clearwater-collateral,eks,dev,7.11
cost-12020,2025-11-19,clearwater-collateral,eks,uat,12.07
cost-12021,2025-11-19,clearwater-collateral,eks,prod,50.95
cost-12022,2025-11-19,clearwater-collateral,cloudwatch,dev,4.59
cost-12023,2025-11-19,clearwater-collateral,cloudwatch,uat,9.04
cost-12024,2025-11-19,clearwater-collateral,cloudwatch,prod,34.26
cost-12025,2025-11-20,clearwater-trade,ec2,dev,98.31
cost-12026,2025-11-20,clearwater-trade,ec2,uat,205.72
cost-12027,2025-11-20,clearwater-trade,ec2,prod,679.62
cost-12028,2025-11-20,clearwater-trade,rds,dev,83.22
cost-12029,2025-11-20,clearwater-trade,rds,uat,134.12
cost-12030,2025-11-20,clearwater-trade,rds,prod,512.31
cost-12031,2025-11-20,clearwater-trade,s3,dev,15.69
cost-12032,2025-11-20,clearwater-trade,s3,uat,27.49
cost-12033,2025-11-20,clearwater-trade,s3,prod,96.13
cost-12034,2025-11-20,clearwater-trade,lambda,dev,30.35
cost-12035,2025-11-20,clearwater-trade,lambda,uat,52.18
cost-12036,2025-11-20,clearwater-trade,lambda,prod,205.54
cost-12037,2025-11-20,clearwater-trade,eks,dev,62.01
cost-12038,2025-11-20,clearwater-trade,eks,uat,110.23
cost-12039,2025-11-20,clearwater-trade,eks,prod,446.16
cost-12040,2025-11-20,clearwater-trade,cloudwatch,dev,13.76
cost-12041,2025-11-20,clearwater-trade,cloudwatch,uat,31.30
cost-12042,2025-11-20,clearwater-trade,cloudwatch,prod,108.55
cost-12043,2025-11-20,clearwater-settlement,ec2,dev,74.55
cost-12044,2025-11-20,clearwater-settlement,ec2,uat,130.40
cost-12045,2025-11-20,clearwater-settlement,ec2,prod,566.49
cost-12046,2025-11-20,clearwater-settlement,rds,dev,73.86
cost-12047,2025-11-20,clearwater-settlement,rds,uat,141.12
cost-12048,2025-11-20,clearwater-settlement,rds,prod,599.09
cost-12049,2025-11-20,clearwater-settlement,s3,dev,21.45
cost-12050,2025-11-20,clearwater-settlement,s3,uat,43.16
cost-12051,2025-11-20,clearwater-settlement,s3,prod,144.48
cost-12052,2025-11-20,clearwater-settlement,lambda,dev,31.66
cost-12053,2025-11-20,clearwater-settlement,lambda,uat,68.29
cost-12054,2025-11-20,clearwater-settlement,lambda,prod,223.01
cost-12055,2025-11-20,clearwater-settlement,eks,dev,42.45
cost-12056,2025-11-20,clearwater-settlement,eks,uat,74.81
cost-12057,2025-11-20,clearwater-settlement,eks,prod,260.26
cost-12058,2025-11-20,clearwater-settlement,cloudwatch,dev,10.85
cost-12059,2025-11-20,clearwater-settlement,cloudwatch,uat,27.85
cost-12060,2025-11-20,clearwater-settlement,cloudwatch,prod,93.42
cost-12061,2025-11-20,clearwater-sales,ec2,dev,31.12
cost-12062,2025-11-20,clearwater-sales,ec2,uat,66.76
cost-12063,2025-11-20,clearwater-sales,ec2,prod,226.89
cost-12064,2025-11-20,clearwater-sales,rds,dev,19.49
cost-12065,2025-11-20,clearwater-sales,rds,uat,43.44
cost-12066,2025-11-20,clearwater-sales,rds,prod,131.58
cost-12067,2025-11-20,clearwater-sales,s3,dev,17.82
cost-12068,2025-11-20,clearwater-sales,s3,uat,33.14
cost-12069,2025-11-20,clearwater-sales,s3,prod,108.71
cost-12070,2025-11-20,clearwater-sales,lambda,dev,37.82
cost-12071,2025-11-20,clearwater-sales,lambda,uat,84.72
cost-12072,2025-11-20,clearwater-sales,lambda,prod,256.18
cost-12073,2025-11-20,clearwater-sales,eks,dev,12.46
cost-12074,2025-11-20,clearwater-sales,eks,uat,27.70
cost-12075,2025-11-20,clearwater-sales,eks,prod,96.29
cost-12076,2025-11-20,clearwater-sales,cloudwatch,dev,10.18
cost-12077,2025-11-20,clearwater-sales,cloudwatch,uat,18.39
cost-12078,2025-11-20,clearwater-sales,cloudwatch,prod,81.69
cost-12079,2025-11-20,clearwater-collateral,ec2,dev,14.31
cost-12080,2025-11-20,clearwater-collateral,ec2,uat,27.41
cost-12081,2025-11-20,clearwater-collateral,ec2,prod,90.60
cost-12082,2025-11-20,clearwater-collateral,rds,dev,36.66
cost-12083,2025-11-20,clearwater-collateral,rds,uat,67.44
cost-12084,2025-11-20,clearwater-collateral,rds,prod,231.66
cost-12085,2025-11-20,clearwater-collateral,s3,dev,24.83
cost-12086,2025-11-20,clearwater-collateral,s3,uat,56.67
cost-12087,2025-11-20,clearwater-collateral,s3,prod,213.66
cost-12088,2025-11-20,clearwater-collateral,lambda,dev,6.80
cost-12089,2025-11-20,clearwater-collateral,lambda,uat,15.20
cost-12090,2025-11-20,clearwater-collateral,lambda,prod,53.88
cost-12091,2025-11-20,clearwater-collateral,eks,dev,7.07
cost-12092,2025-11-20,clearwater-collateral,eks,uat,13.12
cost-12093,2025-11-20,clearwater-collateral,eks,prod,51.95
cost-12094,2025-11-20,clearwater-collateral,cloudwatch,dev,5.15
cost-12095,2025-11-20,clearwater-collateral,cloudwatch,uat,10.40
cost-12096,2025-11-20,clearwater-collateral,cloudwatch,prod,28.73
cost-12097,2025-11-21,clearwater-trade,ec2,dev,94.83
cost-12098,2025-11-21,clearwater-trade,ec2,uat,221.19
cost-12099,2025-11-21,clearwater-trade,ec2,prod,605.99
cost-12100,2025-11-21,clearwater-trade,rds,dev,82.66
cost-12101,2025-11-21,clearwater-trade,rds,uat,165.59
cost-12102,2025-11-21,clearwater-trade,rds,prod,472.98
cost-12103,2025-11-21,clearwater-trade,s3,dev,12.65
cost-12104,2025-11-21,clearwater-trade,s3,uat,27.90
cost-12105,2025-11-21,clearwater-trade,s3,prod,98.30
cost-12106,2025-11-21,clearwater-trade,lambda,dev,31.23
cost-12107,2025-11-21,clearwater-trade,lambda,uat,53.48
cost-12108,2025-11-21,clearwater-trade,lambda,prod,223.32
cost-12109,2025-11-21,clearwater-trade,eks,dev,51.14
cost-12110,2025-11-21,clearwater-trade,eks,uat,124.15
cost-12111,2025-11-21,clearwater-trade,eks,prod,420.08
cost-12112,2025-11-21,clearwater-trade,cloudwatch,dev,12.99
cost-12113,2025-11-21,clearwater-trade,cloudwatch,uat,26.22
cost-12114,2025-11-21,clearwater-trade,cloudwatch,prod,109.80
cost-12115,2025-11-21,clearwater-settlement,ec2,dev,73.22
cost-12116,2025-11-21,clearwater-settlement,ec2,uat,152.87
cost-12117,2025-11-21,clearwater-settlement,ec2,prod,572.54
cost-12118,2025-11-21,clearwater-settlement,rds,dev,76.01
cost-12119,2025-11-21,clearwater-settlement,rds,uat,139.63
cost-12120,2025-11-21,clearwater-settlement,rds,prod,456.55
cost-12121,2025-11-21,clearwater-settlement,s3,dev,17.86
cost-12122,2025-11-21,clearwater-settlement,s3,uat,43.80
cost-12123,2025-11-21,clearwater-settlement,s3,prod,141.06
cost-12124,2025-11-21,clearwater-settlement,lambda,dev,32.45
cost-12125,2025-11-21,clearwater-settlement,lambda,uat,58.14
cost-12126,2025-11-21,clearwater-settlement,lambda,prod,220.48
cost-12127,2025-11-21,clearwater-settlement,eks,dev,32.80
cost-12128,2025-11-21,clearwater-settlement,eks,uat,81.06
cost-12129,2025-11-21,clearwater-settlement,eks,prod,286.46
cost-12130,2025-11-21,clearwater-settlement,cloudwatch,dev,11.21
cost-12131,2025-11-21,clearwater-settlement,cloudwatch,uat,27.07
cost-12132,2025-11-21,clearwater-settlement,cloudwatch,prod,78.77
cost-12133,2025-11-21,clearwater-sales,ec2,dev,27.64
cost-12134,2025-11-21,clearwater-sales,ec2,uat,60.23
cost-12135,2025-11-21,clearwater-sales,ec2,prod,229.79
cost-12136,2025-11-21,clearwater-sales,rds,dev,17.65
cost-12137,2025-11-21,clearwater-sales,rds,uat,37.72
cost-12138,2025-11-21,clearwater-sales,rds,prod,147.76
cost-12139,2025-11-21,clearwater-sales,s3,dev,13.29
cost-12140,2025-11-21,clearwater-sales,s3,uat,29.69
cost-12141,2025-11-21,clearwater-sales,s3,prod,104.21
cost-12142,2025-11-21,clearwater-sales,lambda,dev,35.70
cost-12143,2025-11-21,clearwater-sales,lambda,uat,71.31
cost-12144,2025-11-21,clearwater-sales,lambda,prod,242.89
cost-12145,2025-11-21,clearwater-sales,eks,dev,11.44
cost-12146,2025-11-21,clearwater-sales,eks,uat,25.75
cost-12147,2025-11-21,clearwater-sales,eks,prod,81.59
cost-12148,2025-11-21,clearwater-sales,cloudwatch,dev,10.97
cost-12149,2025-11-21,clearwater-sales,cloudwatch,uat,18.48
cost-12150,2025-11-21,clearwater-sales,cloudwatch,prod,62.33
cost-12151,2025-11-21,clearwater-collateral,ec2,dev,14.00
cost-12152,2025-11-21,clearwater-collateral,ec2,uat,25.48
cost-12153,2025-11-21,clearwater-collateral,ec2,prod,95.24
cost-12154,2025-11-21,clearwater-collateral,rds,dev,37.31
cost-12155,2025-11-21,clearwater-collateral,rds,uat,74.01
cost-12156,2025-11-21,clearwater-collateral,rds,prod,262.76
cost-12157,2025-11-21,clearwater-collateral,s3,dev,29.62
cost-12158,2025-11-21,clearwater-collateral,s3,uat,61.48
cost-12159,2025-11-21,clearwater-collateral,s3,prod,200.82
cost-12160,2025-11-21,clearwater-collateral,lambda,dev,8.02
cost-12161,2025-11-21,clearwater-collateral,lambda,uat,13.56
cost-12162,2025-11-21,clearwater-collateral,lambda,prod,51.42
cost-12163,2025-11-21,clearwater-collateral,eks,dev,6.96
cost-12164,2025-11-21,clearwater-collateral,eks,uat,12.47
cost-12165,2025-11-21,clearwater-collateral,eks,prod,44.97
cost-12166,2025-11-21,clearwater-collateral,cloudwatch,dev,5.38
cost-12167,2025-11-21,clearwater-collateral,cloudwatch,uat,8.24
cost-12168,2025-11-21,clearwater-collateral,cloudwatch,prod,33.64
cost-12169,2025-11-22,clearwater-trade,ec2,dev,116.09
cost-12170,2025-11-22,clearwater-trade,ec2,uat,191.13
cost-12171,2025-11-22,clearwater-trade,ec2,prod,801.82
cost-12172,2025-11-22,clearwater-trade,rds,dev,83.00
cost-12173,2025-11-22,clearwater-trade,rds,uat,148.76
cost-12174,2025-11-22,clearwater-trade,rds,prod,561.25
cost-12175,2025-11-22,clearwater-trade,s3,dev,12.59
cost-12176,2025-11-22,clearwater-trade,s3,uat,31.47
cost-12177,2025-11-22,clearwater-trade,s3,prod,100.64
cost-12178,2025-11-22,clearwater-trade,lambda,dev,31.59
cost-12179,2025-11-22,clearwater-trade,lambda,uat,55.48
cost-12180,2025-11-22,clearwater-trade,lambda,prod,173.10
cost-12181,2025-11-22,clearwater-trade,eks,dev,63.19
cost-12182,2025-11-22,clearwater-trade,eks,uat,101.41
cost-12183,2025-11-22,clearwater-trade,eks,prod,444.86
cost-12184,2025-11-22,clearwater-trade,cloudwatch,dev,16.40
cost-12185,2025-11-22,clearwater-trade,cloudwatch,uat,27.93
cost-12186,2025-11-22,clearwater-trade,cloudwatch,prod,90.93
cost-12187,2025-11-22,clearwater-settlement,ec2,dev,74.67
cost-12188,2025-11-22,clearwater-settlement,ec2,uat,141.08
cost-12189,2025-11-22,clearwater-settlement,ec2,prod,450.90
cost-12190,2025-11-22,clearwater-settlement,rds,dev,78.10
cost-12191,2025-11-22,clearwater-settlement,rds,uat,150.42
cost-12192,2025-11-22,clearwater-settlement,rds,prod,508.29
cost-12193,2025-11-22,clearwater-settlement,s3,dev,17.95
cost-12194,2025-11-22,clearwater-settlement,s3,uat,36.74
cost-12195,2025-11-22,clearwater-settlement,s3,prod,146.94
cost-12196,2025-11-22,clearwater-settlement,lambda,dev,31.88
cost-12197,2025-11-22,clearwater-settlement,lambda,uat,53.98
cost-12198,2025-11-22,clearwater-settlement,lambda,prod,214.74
cost-12199,2025-11-22,clearwater-settlement,eks,dev,38.57
cost-12200,2025-11-22,clearwater-settlement,eks,uat,83.51
cost-12201,2025-11-22,clearwater-settlement,eks,prod,275.60
cost-12202,2025-11-22,clearwater-settlement,cloudwatch,dev,12.47
cost-12203,2025-11-22,clearwater-settlement,cloudwatch,uat,27.91
cost-12204,2025-11-22,clearwater-settlement,cloudwatch,prod,87.50
cost-12205,2025-11-22,clearwater-sales,ec2,dev,28.99
cost-12206,2025-11-22,clearwater-sales,ec2,uat,74.25
cost-12207,2025-11-22,clearwater-sales,ec2,prod,199.80
cost-12208,2025-11-22,clearwater-sales,rds,dev,20.89
cost-12209,2025-11-22,clearwater-sales,rds,uat,40.25
cost-12210,2025-11-22,clearwater-sales,rds,prod,150.38
cost-12211,2025-11-22,clearwater-sales,s3,dev,14.93
cost-12212,2025-11-22,clearwater-sales,s3,uat,31.31
cost-12213,2025-11-22,clearwater-sales,s3,prod,108.62
cost-12214,2025-11-22,clearwater-sales,lambda,dev,41.49
cost-12215,2025-11-22,clearwater-sales,lambda,uat,69.92
cost-12216,2025-11-22,clearwater-sales,lambda,prod,268.62
cost-12217,2025-11-22,clearwater-sales,eks,dev,13.21
cost-12218,2025-11-22,clearwater-sales,eks,uat,25.12
cost-12219,2025-11-22,clearwater-sales,eks,prod,99.50
cost-12220,2025-11-22,clearwater-sales,cloudwatch,dev,9.38
cost-12221,2025-11-22,clearwater-sales,cloudwatch,uat,18.47
cost-12222,2025-11-22,clearwater-sales,cloudwatch,prod,66.14
cost-12223,2025-11-22,clearwater-collateral,ec2,dev,13.89
cost-12224,2025-11-22,clearwater-collateral,ec2,uat,28.68
cost-12225,2025-11-22,clearwater-collateral,ec2,prod,105.31
cost-12226,2025-11-22,clearwater-collateral,rds,dev,36.67
cost-12227,2025-11-22,clearwater-collateral,rds,uat,62.90
cost-12228,2025-11-22,clearwater-collateral,rds,prod,261.29
cost-12229,2025-11-22,clearwater-collateral,s3,dev,27.91
cost-12230,2025-11-22,clearwater-collateral,s3,uat,51.17
cost-12231,2025-11-22,clearwater-collateral,s3,prod,204.45
cost-12232,2025-11-22,clearwater-collateral,lambda,dev,7.09
cost-12233,2025-11-22,clearwater-collateral,lambda,uat,15.25
cost-12234,2025-11-22,clearwater-collateral,lambda,prod,54.14
cost-12235,2025-11-22,clearwater-collateral,eks,dev,6.23
cost-12236,2025-11-22,clearwater-collateral,eks,uat,12.57
cost-12237,2025-11-22,clearwater-collateral,eks,prod,46.08
cost-12238,2025-11-22,clearwater-collateral,cloudwatch,dev,4.15
cost-12239,2025-11-22,clearwater-collateral,cloudwatch,uat,9.16
cost-12240,2025-11-22,clearwater-collateral,cloudwatch,prod,32.24
cost-12241,2025-11-23,clearwater-trade,ec2,dev,99.56
cost-12242,2025-11-23,clearwater-trade,ec2,uat,213.99
cost-12243,2025-11-23,clearwater-trade,ec2,prod,691.49
cost-12244,2025-11-23,clearwater-trade,rds,dev,71.03
cost-12245,2025-11-23,clearwater-trade,rds,uat,136.60
cost-12246,2025-11-23,clearwater-trade,rds,prod,454.41
cost-12247,2025-11-23,clearwater-trade,s3,dev,14.14
cost-12248,2025-11-23,clearwater-trade,s3,uat,31.63
cost-12249,2025-11-23,clearwater-trade,s3,prod,104.34
cost-12250,2025-11-23,clearwater-trade,lambda,dev,33.22
cost-12251,2025-11-23,clearwater-trade,lambda,uat,50.50
cost-12252,2025-11-23,clearwater-trade,lambda,prod,186.28
cost-12253,2025-11-23,clearwater-trade,eks,dev,55.43
cost-12254,2025-11-23,clearwater-trade,eks,uat,99.34
cost-12255,2025-11-23,clearwater-trade,eks,prod,438.75
cost-12256,2025-11-23,clearwater-trade,cloudwatch,dev,13.87
cost-12257,2025-11-23,clearwater-trade,cloudwatch,uat,27.18
cost-12258,2025-11-23,clearwater-trade,cloudwatch,prod,98.86
cost-12259,2025-11-23,clearwater-settlement,ec2,dev,68.57
cost-12260,2025-11-23,clearwater-settlement,ec2,uat,148.43
cost-12261,2025-11-23,clearwater-settlement,ec2,prod,472.97
cost-12262,2025-11-23,clearwater-settlement,rds,dev,82.57
cost-12263,2025-11-23,clearwater-settlement,rds,uat,165.85
cost-12264,2025-11-23,clearwater-settlement,rds,prod,573.95
cost-12265,2025-11-23,clearwater-settlement,s3,dev,22.48
cost-12266,2025-11-23,clearwater-settlement,s3,uat,38.84
cost-12267,2025-11-23,clearwater-settlement,s3,prod,146.72
cost-12268,2025-11-23,clearwater-settlement,lambda,dev,31.05
cost-12269,2025-11-23,clearwater-settlement,lambda,uat,64.17
cost-12270,2025-11-23,clearwater-settlement,lambda,prod,201.63
cost-12271,2025-11-23,clearwater-settlement,eks,dev,35.98
cost-12272,2025-11-23,clearwater-settlement,eks,uat,77.23
cost-12273,2025-11-23,clearwater-settlement,eks,prod,228.23
cost-12274,2025-11-23,clearwater-settlement,cloudwatch,dev,12.29
cost-12275,2025-11-23,clearwater-settlement,cloudwatch,uat,23.88
cost-12276,2025-11-23,clearwater-settlement,cloudwatch,prod,84.60
cost-12277,2025-11-23,clearwater-sales,ec2,dev,30.54
cost-12278,2025-11-23,clearwater-sales,ec2,uat,71.47
cost-12279,2025-11-23,clearwater-sales,ec2,prod,250.41
cost-12280,2025-11-23,clearwater-sales,rds,dev,16.88
cost-12281,2025-11-23,clearwater-sales,rds,uat,36.99
cost-12282,2025-11-23,clearwater-sales,rds,prod,151.67
cost-12283,2025-11-23,clearwater-sales,s3,dev,14.82
cost-12284,2025-11-23,clearwater-sales,s3,uat,26.83
cost-12285,2025-11-23,clearwater-sales,s3,prod,108.75
cost-12286,2025-11-23,clearwater-sales,lambda,dev,38.26
cost-12287,2025-11-23,clearwater-sales,lambda,uat,84.85
cost-12288,2025-11-23,clearwater-sales,lambda,prod,277.15
cost-12289,2025-11-23,clearwater-sales,eks,dev,14.07
cost-12290,2025-11-23,clearwater-sales,eks,uat,24.30
cost-12291,2025-11-23,clearwater-sales,eks,prod,90.01
cost-12292,2025-11-23,clearwater-sales,cloudwatch,dev,10.73
cost-12293,2025-11-23,clearwater-sales,cloudwatch,uat,23.23
cost-12294,2025-11-23,clearwater-sales,cloudwatch,prod,72.63
cost-12295,2025-11-23,clearwater-collateral,ec2,dev,13.30
cost-12296,2025-11-23,clearwater-collateral,ec2,uat,31.94
cost-12297,2025-11-23,clearwater-collateral,ec2,prod,97.77
cost-12298,2025-11-23,clearwater-collateral,rds,dev,37.75
cost-12299,2025-11-23,clearwater-collateral,rds,uat,71.51
cost-12300,2025-11-23,clearwater-collateral,rds,prod,222.49
cost-12301,2025-11-23,clearwater-collateral,s3,dev,26.13
cost-12302,2025-11-23,clearwater-collateral,s3,uat,53.49
cost-12303,2025-11-23,clearwater-collateral,s3,prod,192.37
cost-12304,2025-11-23,clearwater-collateral,lambda,dev,6.58
cost-12305,2025-11-23,clearwater-collateral,lambda,uat,13.87
cost-12306,2025-11-23,clearwater-collateral,lambda,prod,51.48
cost-12307,2025-11-23,clearwater-collateral,eks,dev,6.03
cost-12308,2025-11-23,clearwater-collateral,eks,uat,12.63
cost-12309,2025-11-23,clearwater-collateral,eks,prod,39.51
cost-12310,2025-11-23,clearwater-collateral,cloudwatch,dev,5.30
cost-12311,2025-11-23,clearwater-collateral,cloudwatch,uat,8.84
cost-12312,2025-11-23,clearwater-collateral,cloudwatch,prod,33.77
cost-12313,2025-11-24,clearwater-trade,ec2,dev,93.05
cost-12314,2025-11-24,clearwater-trade,ec2,uat,211.67
cost-12315,2025-11-24,clearwater-trade,ec2,prod,671.31
cost-12316,2025-11-24,clearwater-trade,rds,dev,77.64
cost-12317,2025-11-24,clearwater-trade,rds,uat,156.24
cost-12318,2025-11-24,clearwater-trade,rds,prod,536.81
cost-12319,2025-11-24,clearwater-trade,s3,dev,13.03
cost-12320,2025-11-24,clearwater-trade,s3,uat,24.78
cost-12321,2025-11-24,clearwater-trade,s3,prod,90.59
cost-12322,2025-11-24,clearwater-trade,lambda,dev,29.03
cost-12323,2025-11-24,clearwater-trade,lambda,uat,49.81
cost-12324,2025-11-24,clearwater-trade,lambda,prod,223.47
cost-12325,2025-11-24,clearwater-trade,eks,dev,54.66
cost-12326,2025-11-24,clearwater-trade,eks,uat,123.74
cost-12327,2025-11-24,clearwater-trade,eks,prod,406.49
cost-12328,2025-11-24,clearwater-trade,cloudwatch,dev,16.01
cost-12329,2025-11-24,clearwater-trade,cloudwatch,uat,32.93
cost-12330,2025-11-24,clearwater-trade,cloudwatch,prod,94.86
cost-12331,2025-11-24,clearwater-settlement,ec2,dev,68.68
cost-12332,2025-11-24,clearwater-settlement,ec2,uat,158.48
cost-12333,2025-11-24,clearwater-settlement,ec2,prod,554.94
cost-12334,2025-11-24,clearwater-settlement,rds,dev,75.48
cost-12335,2025-11-24,clearwater-settlement,rds,uat,154.05
cost-12336,2025-11-24,clearwater-settlement,rds,prod,583.34
cost-12337,2025-11-24,clearwater-settlement,s3,dev,19.43
cost-12338,2025-11-24,clearwater-settlement,s3,uat,41.49
cost-12339,2025-11-24,clearwater-settlement,s3,prod,135.13
cost-12340,2025-11-24,clearwater-settlement,lambda,dev,32.31
cost-12341,2025-11-24,clearwater-settlement,lambda,uat,64.49
cost-12342,2025-11-24,clearwater-settlement,lambda,prod,201.51
cost-12343,2025-11-24,clearwater-settlement,eks,dev,42.73
cost-12344,2025-11-24,clearwater-settlement,eks,uat,65.89
cost-12345,2025-11-24,clearwater-settlement,eks,prod,274.54
cost-12346,2025-11-24,clearwater-settlement,cloudwatch,dev,13.09
cost-12347,2025-11-24,clearwater-settlement,cloudwatch,uat,28.17
cost-12348,2025-11-24,clearwater-settlement,cloudwatch,prod,87.58
cost-12349,2025-11-24,clearwater-sales,ec2,dev,33.93
cost-12350,2025-11-24,clearwater-sales,ec2,uat,66.63
cost-12351,2025-11-24,clearwater-sales,ec2,prod,196.31
cost-12352,2025-11-24,clearwater-sales,rds,dev,18.28
cost-12353,2025-11-24,clearwater-sales,rds,uat,36.08
cost-12354,2025-11-24,clearwater-sales,rds,prod,149.18
cost-12355,2025-11-24,clearwater-sales,s3,dev,15.42
cost-12356,2025-11-24,clearwater-sales,s3,uat,29.60
cost-12357,2025-11-24,clearwater-sales,s3,prod,113.38
cost-12358,2025-11-24,clearwater-sales,lambda,dev,43.56
cost-12359,2025-11-24,clearwater-sales,lambda,uat,69.39
cost-12360,2025-11-24,clearwater-sales,lambda,prod,300.80
cost-12361,2025-11-24,clearwater-sales,eks,dev,12.71
cost-12362,2025-11-24,clearwater-sales,eks,uat,22.90
cost-12363,2025-11-24,clearwater-sales,eks,prod,92.86
cost-12364,2025-11-24,clearwater-sales,cloudwatch,dev,9.16
cost-12365,2025-11-24,clearwater-sales,cloudwatch,uat,20.99
cost-12366,2025-11-24,clearwater-sales,cloudwatch,prod,62.86
cost-12367,2025-11-24,clearwater-collateral,ec2,dev,12.77
cost-12368,2025-11-24,clearwater-collateral,ec2,uat,32.47
cost-12369,2025-11-24,clearwater-collateral,ec2,prod,86.97
cost-12370,2025-11-24,clearwater-collateral,rds,dev,29.27
cost-12371,2025-11-24,clearwater-collateral,rds,uat,64.51
cost-12372,2025-11-24,clearwater-collateral,rds,prod,229.88
cost-12373,2025-11-24,clearwater-collateral,s3,dev,25.37
cost-12374,2025-11-24,clearwater-collateral,s3,uat,61.06
cost-12375,2025-11-24,clearwater-collateral,s3,prod,225.52
cost-12376,2025-11-24,clearwater-collateral,lambda,dev,7.03
cost-12377,2025-11-24,clearwater-collateral,lambda,uat,15.64
cost-12378,2025-11-24,clearwater-collateral,lambda,prod,45.61
cost-12379,2025-11-24,clearwater-collateral,eks,dev,7.61
cost-12380,2025-11-24,clearwater-collateral,eks,uat,11.36
cost-12381,2025-11-24,clearwater-collateral,eks,prod,40.02
cost-12382,2025-11-24,clearwater-collateral,cloudwatch,dev,4.03
cost-12383,2025-11-24,clearwater-collateral,cloudwatch,uat,8.40
cost-12384,2025-11-24,clearwater-collateral,cloudwatch,prod,34.44
cost-12385,2025-11-25,clearwater-trade,ec2,dev,94.72
cost-12386,2025-11-25,clearwater-trade,ec2,uat,225.90
cost-12387,2025-11-25,clearwater-trade,ec2,prod,765.61
cost-12388,2025-11-25,clearwater-trade,rds,dev,75.59
cost-12389,2025-11-25,clearwater-trade,rds,uat,154.67
cost-12390,2025-11-25,clearwater-trade,rds,prod,452.33
cost-12391,2025-11-25,clearwater-trade,s3,dev,14.11
cost-12392,2025-11-25,clearwater-trade,s3,uat,28.82
cost-12393,2025-11-25,clearwater-trade,s3,prod,100.29
cost-12394,2025-11-25,clearwater-trade,lambda,dev,31.83
cost-12395,2025-11-25,clearwater-trade,lambda,uat,55.33
cost-12396,2025-11-25,clearwater-trade,lambda,prod,231.04
cost-12397,2025-11-25,clearwater-trade,eks,dev,60.63
cost-12398,2025-11-25,clearwater-trade,eks,uat,106.34
cost-12399,2025-11-25,clearwater-trade,eks,prod,459.47
cost-12400,2025-11-25,clearwater-trade,cloudwatch,dev,13.01
cost-12401,2025-11-25,clearwater-trade,cloudwatch,uat,25.53
cost-12402,2025-11-25,clearwater-trade,cloudwatch,prod,98.14
cost-12403,2025-11-25,clearwater-settlement,ec2,dev,79.59
cost-12404,2025-11-25,clearwater-settlement,ec2,uat,163.57
cost-12405,2025-11-25,clearwater-settlement,ec2,prod,492.42
cost-12406,2025-11-25,clearwater-settlement,rds,dev,84.75
cost-12407,2025-11-25,clearwater-settlement,rds,uat,159.28
cost-12408,2025-11-25,clearwater-settlement,rds,prod,530.54
cost-12409,2025-11-25,clearwater-settlement,s3,dev,18.03
cost-12410,2025-11-25,clearwater-settlement,s3,uat,40.41
cost-12411,2025-11-25,clearwater-settlement,s3,prod,130.58
cost-12412,2025-11-25,clearwater-settlement,lambda,dev,31.19
cost-12413,2025-11-25,clearwater-settlement,lambda,uat,51.81
cost-12414,2025-11-25,clearwater-settlement,lambda,prod,178.29
cost-12415,2025-11-25,clearwater-settlement,eks,dev,41.31
cost-12416,2025-11-25,clearwater-settlement,eks,uat,71.03
cost-12417,2025-11-25,clearwater-settlement,eks,prod,229.16
cost-12418,2025-11-25,clearwater-settlement,cloudwatch,dev,11.88
cost-12419,2025-11-25,clearwater-settlement,cloudwatch,uat,25.80
cost-12420,2025-11-25,clearwater-settlement,cloudwatch,prod,97.06
cost-12421,2025-11-25,clearwater-sales,ec2,dev,36.93
cost-12422,2025-11-25,clearwater-sales,ec2,uat,59.66
cost-12423,2025-11-25,clearwater-sales,ec2,prod,249.99
cost-12424,2025-11-25,clearwater-sales,rds,dev,21.59
cost-12425,2025-11-25,clearwater-sales,rds,uat,44.19
cost-12426,2025-11-25,clearwater-sales,rds,prod,143.98
cost-12427,2025-11-25,clearwater-sales,s3,dev,13.61
cost-12428,2025-11-25,clearwater-sales,s3,uat,30.25
cost-12429,2025-11-25,clearwater-sales,s3,prod,120.47
cost-12430,2025-11-25,clearwater-sales,lambda,dev,33.89
cost-12431,2025-11-25,clearwater-sales,lambda,uat,70.16
cost-12432,2025-11-25,clearwater-sales,lambda,prod,243.23
cost-12433,2025-11-25,clearwater-sales,eks,dev,13.33
cost-12434,2025-11-25,clearwater-sales,eks,uat,25.53
cost-12435,2025-11-25,clearwater-sales,eks,prod,91.97
cost-12436,2025-11-25,clearwater-sales,cloudwatch,dev,9.12
cost-12437,2025-11-25,clearwater-sales,cloudwatch,uat,22.95
cost-12438,2025-11-25,clearwater-sales,cloudwatch,prod,66.64
cost-12439,2025-11-25,clearwater-collateral,ec2,dev,12.34
cost-12440,2025-11-25,clearwater-collateral,ec2,uat,31.02
cost-12441,2025-11-25,clearwater-collateral,ec2,prod,111.18
cost-12442,2025-11-25,clearwater-collateral,rds,dev,35.99
cost-12443,2025-11-25,clearwater-collateral,rds,uat,76.13
cost-12444,2025-11-25,clearwater-collateral,rds,prod,253.83
cost-12445,2025-11-25,clearwater-collateral,s3,dev,29.39
cost-12446,2025-11-25,clearwater-collateral,s3,uat,49.89
cost-12447,2025-11-25,clearwater-collateral,s3,prod,203.99
cost-12448,2025-11-25,clearwater-collateral,lambda,dev,8.29
cost-12449,2025-11-25,clearwater-collateral,lambda,uat,17.31
cost-12450,2025-11-25,clearwater-collateral,lambda,prod,52.19
cost-12451,2025-11-25,clearwater-collateral,eks,dev,6.45
cost-12452,2025-11-25,clearwater-collateral,eks,uat,15.17
cost-12453,2025-11-25,clearwater-collateral,eks,prod,46.63
cost-12454,2025-11-25,clearwater-collateral,cloudwatch,dev,4.42
cost-12455,2025-11-25,clearwater-collateral,cloudwatch,uat,9.63
cost-12456,2025-11-25,clearwater-collateral,cloudwatch,prod,32.12
cost-12457,2025-11-26,clearwater-trade,ec2,dev,112.74
cost-12458,2025-11-26,clearwater-trade,ec2,uat,211.67
cost-12459,2025-11-26,clearwater-trade,ec2,prod,605.98
cost-12460,2025-11-26,clearwater-trade,rds,dev,65.07
cost-12461,2025-11-26,clearwater-trade,rds,uat,127.84
cost-12462,2025-11-26,clearwater-trade,rds,prod,464.37
cost-12463,2025-11-26,clearwater-trade,s3,dev,13.34
cost-12464,2025-11-26,clearwater-trade,s3,uat,27.07
cost-12465,2025-11-26,clearwater-trade,s3,prod,89.82
cost-12466,2025-11-26,clearwater-trade,lambda,dev,25.57
cost-12467,2025-11-26,clearwater-trade,lambda,uat,64.96
cost-12468,2025-11-26,clearwater-trade,lambda,prod,221.61
cost-12469,2025-11-26,clearwater-trade,eks,dev,60.03
cost-12470,2025-11-26,clearwater-trade,eks,uat,99.41
cost-12471,2025-11-26,clearwater-trade,eks,prod,433.89
cost-12472,2025-11-26,clearwater-trade,cloudwatch,dev,12.75
cost-12473,2025-11-26,clearwater-trade,cloudwatch,uat,32.37
cost-12474,2025-11-26,clearwater-trade,cloudwatch,prod,109.70
cost-12475,2025-11-26,clearwater-settlement,ec2,dev,84.06
cost-12476,2025-11-26,clearwater-settlement,ec2,uat,144.19
cost-12477,2025-11-26,clearwater-settlement,ec2,prod,505.35
cost-12478,2025-11-26,clearwater-settlement,rds,dev,85.77
cost-12479,2025-11-26,clearwater-settlement,rds,uat,166.89
cost-12480,2025-11-26,clearwater-settlement,rds,prod,576.30
cost-12481,2025-11-26,clearwater-settlement,s3,dev,22.04
cost-12482,2025-11-26,clearwater-settlement,s3,uat,36.47
cost-12483,2025-11-26,clearwater-settlement,s3,prod,129.98
cost-12484,2025-11-26,clearwater-settlement,lambda,dev,31.92
cost-12485,2025-11-26,clearwater-settlement,lambda,uat,68.20
cost-12486,2025-11-26,clearwater-settlement,lambda,prod,234.82
cost-12487,2025-11-26,clearwater-settlement,eks,dev,40.55
cost-12488,2025-11-26,clearwater-settlement,eks,uat,64.80
cost-12489,2025-11-26,clearwater-settlement,eks,prod,271.87
cost-12490,2025-11-26,clearwater-settlement,cloudwatch,dev,13.61
cost-12491,2025-11-26,clearwater-settlement,cloudwatch,uat,24.67
cost-12492,2025-11-26,clearwater-settlement,cloudwatch,prod,86.46
cost-12493,2025-11-26,clearwater-sales,ec2,dev,36.45
cost-12494,2025-11-26,clearwater-sales,ec2,uat,73.48
cost-12495,2025-11-26,clearwater-sales,ec2,prod,256.72
cost-12496,2025-11-26,clearwater-sales,rds,dev,17.60
cost-12497,2025-11-26,clearwater-sales,rds,uat,34.09
cost-12498,2025-11-26,clearwater-sales,rds,prod,136.34
cost-12499,2025-11-26,clearwater-sales,s3,dev,14.15
cost-12500,2025-11-26,clearwater-sales,s3,uat,30.08
cost-12501,2025-11-26,clearwater-sales,s3,prod,107.71
cost-12502,2025-11-26,clearwater-sales,lambda,dev,37.89
cost-12503,2025-11-26,clearwater-sales,lambda,uat,78.24
cost-12504,2025-11-26,clearwater-sales,lambda,prod,305.18
cost-12505,2025-11-26,clearwater-sales,eks,dev,11.07
cost-12506,2025-11-26,clearwater-sales,eks,uat,25.41
cost-12507,2025-11-26,clearwater-sales,eks,prod,80.27
cost-12508,2025-11-26,clearwater-sales,cloudwatch,dev,8.81
cost-12509,2025-11-26,clearwater-sales,cloudwatch,uat,18.14
cost-12510,2025-11-26,clearwater-sales,cloudwatch,prod,73.80
cost-12511,2025-11-26,clearwater-collateral,ec2,dev,12.97
cost-12512,2025-11-26,clearwater-collateral,ec2,uat,30.37
cost-12513,2025-11-26,clearwater-collateral,ec2,prod,89.97
cost-12514,2025-11-26,clearwater-collateral,rds,dev,36.33
cost-12515,2025-11-26,clearwater-collateral,rds,uat,71.74
cost-12516,2025-11-26,clearwater-collateral,rds,prod,199.87
cost-12517,2025-11-26,clearwater-collateral,s3,dev,27.72
cost-12518,2025-11-26,clearwater-collateral,s3,uat,58.28
cost-12519,2025-11-26,clearwater-collateral,s3,prod,190.30
cost-12520,2025-11-26,clearwater-collateral,lambda,dev,6.47
cost-12521,2025-11-26,clearwater-collateral,lambda,uat,13.99
cost-12522,2025-11-26,clearwater-collateral,lambda,prod,51.50
cost-12523,2025-11-26,clearwater-collateral,eks,dev,7.14
cost-12524,2025-11-26,clearwater-collateral,eks,uat,13.86
cost-12525,2025-11-26,clearwater-collateral,eks,prod,44.51
cost-12526,2025-11-26,clearwater-collateral,cloudwatch,dev,5.10
cost-12527,2025-11-26,clearwater-collateral,cloudwatch,uat,8.58
cost-12528,2025-11-26,clearwater-collateral,cloudwatch,prod,32.64
cost-12529,2025-11-27,clearwater-trade,ec2,dev,102.37
cost-12530,2025-11-27,clearwater-trade,ec2,uat,223.80
cost-12531,2025-11-27,clearwater-trade,ec2,prod,739.43
cost-12532,2025-11-27,clearwater-trade,rds,dev,62.90
cost-12533,2025-11-27,clearwater-trade,rds,uat,125.75
cost-12534,2025-11-27,clearwater-trade,rds,prod,545.88
cost-12535,2025-11-27,clearwater-trade,s3,dev,14.10
cost-12536,2025-11-27,clearwater-trade,s3,uat,28.57
cost-12537,2025-11-27,clearwater-trade,s3,prod,88.18
cost-12538,2025-11-27,clearwater-trade,lambda,dev,26.99
cost-12539,2025-11-27,clearwater-trade,lambda,uat,56.07
cost-12540,2025-11-27,clearwater-trade,lambda,prod,202.37
cost-12541,2025-11-27,clearwater-trade,eks,dev,58.11
cost-12542,2025-11-27,clearwater-trade,eks,uat,102.22
cost-12543,2025-11-27,clearwater-trade,eks,prod,430.80
cost-12544,2025-11-27,clearwater-trade,cloudwatch,dev,13.49
cost-12545,2025-11-27,clearwater-trade,cloudwatch,uat,31.87
cost-12546,2025-11-27,clearwater-trade,cloudwatch,prod,89.26
cost-12547,2025-11-27,clearwater-settlement,ec2,dev,83.16
cost-12548,2025-11-27,clearwater-settlement,ec2,uat,157.23
cost-12549,2025-11-27,clearwater-settlement,ec2,prod,458.85
cost-12550,2025-11-27,clearwater-settlement,rds,dev,66.75
cost-12551,2025-11-27,clearwater-settlement,rds,uat,158.88
cost-12552,2025-11-27,clearwater-settlement,rds,prod,554.19
cost-12553,2025-11-27,clearwater-settlement,s3,dev,18.84
cost-12554,2025-11-27,clearwater-settlement,s3,uat,44.52
cost-12555,2025-11-27,clearwater-settlement,s3,prod,143.39
cost-12556,2025-11-27,clearwater-settlement,lambda,dev,26.99
cost-12557,2025-11-27,clearwater-settlement,lambda,uat,63.18
cost-12558,2025-11-27,clearwater-settlement,lambda,prod,228.24
cost-12559,2025-11-27,clearwater-settlement,eks,dev,40.46
cost-12560,2025-11-27,clearwater-settlement,eks,uat,81.53
cost-12561,2025-11-27,clearwater-settlement,eks,prod,290.26
cost-12562,2025-11-27,clearwater-settlement,cloudwatch,dev,11.38
cost-12563,2025-11-27,clearwater-settlement,cloudwatch,uat,22.98
cost-12564,2025-11-27,clearwater-settlement,cloudwatch,prod,77.39
cost-12565,2025-11-27,clearwater-sales,ec2,dev,36.89
cost-12566,2025-11-27,clearwater-sales,ec2,uat,70.47
cost-12567,2025-11-27,clearwater-sales,ec2,prod,216.73
cost-12568,2025-11-27,clearwater-sales,rds,dev,20.14
cost-12569,2025-11-27,clearwater-sales,rds,uat,34.20
cost-12570,2025-11-27,clearwater-sales,rds,prod,117.86
cost-12571,2025-11-27,clearwater-sales,s3,dev,14.63
cost-12572,2025-11-27,clearwater-sales,s3,uat,35.58
cost-12573,2025-11-27,clearwater-sales,s3,prod,124.34
cost-12574,2025-11-27,clearwater-sales,lambda,dev,33.40
cost-12575,2025-11-27,clearwater-sales,lambda,uat,71.72
cost-12576,2025-11-27,clearwater-sales,lambda,prod,296.05
cost-12577,2025-11-27,clearwater-sales,eks,dev,11.06
cost-12578,2025-11-27,clearwater-sales,eks,uat,22.38
cost-12579,2025-11-27,clearwater-sales,eks,prod,103.19
cost-12580,2025-11-27,clearwater-sales,cloudwatch,dev,11.47
cost-12581,2025-11-27,clearwater-sales,cloudwatch,uat,20.06
cost-12582,2025-11-27,clearwater-sales,cloudwatch,prod,75.99
cost-12583,2025-11-27,clearwater-collateral,ec2,dev,12.65
cost-12584,2025-11-27,clearwater-collateral,ec2,uat,31.38
cost-12585,2025-11-27,clearwater-collateral,ec2,prod,88.28
cost-12586,2025-11-27,clearwater-collateral,rds,dev,36.53
cost-12587,2025-11-27,clearwater-collateral,rds,uat,62.95
cost-12588,2025-11-27,clearwater-collateral,rds,prod,213.11
cost-12589,2025-11-27,clearwater-collateral,s3,dev,25.80
cost-12590,2025-11-27,clearwater-collateral,s3,uat,65.22
cost-12591,2025-11-27,clearwater-collateral,s3,prod,189.29
cost-12592,2025-11-27,clearwater-collateral,lambda,dev,6.64
cost-12593,2025-11-27,clearwater-collateral,lambda,uat,13.98
cost-12594,2025-11-27,clearwater-collateral,lambda,prod,47.11
cost-12595,2025-11-27,clearwater-collateral,eks,dev,6.79
cost-12596,2025-11-27,clearwater-collateral,eks,uat,13.24
cost-12597,2025-11-27,clearwater-collateral,eks,prod,47.85
cost-12598,2025-11-27,clearwater-collateral,cloudwatch,dev,4.10
cost-12599,2025-11-27,clearwater-collateral,cloudwatch,uat,8.39
cost-12600,2025-11-27,clearwater-collateral,cloudwatch,prod,32.58
cost-12601,2025-11-28,clearwater-trade,ec2,dev,106.68
cost-12602,2025-11-28,clearwater-trade,ec2,uat,216.60
cost-12603,2025-11-28,clearwater-trade,ec2,prod,707.80
cost-12604,2025-11-28,clearwater-trade,rds,dev,68.49
cost-12605,2025-11-28,clearwater-trade,rds,uat,123.73
cost-12606,2025-11-28,clearwater-trade,rds,prod,493.72
cost-12607,2025-11-28,clearwater-trade,s3,dev,16.15
cost-12608,2025-11-28,clearwater-trade,s3,uat,32.16
cost-12609,2025-11-28,clearwater-trade,s3,prod,94.87
cost-12610,2025-11-28,clearwater-trade,lambda,dev,28.96
cost-12611,2025-11-28,clearwater-trade,lambda,uat,54.38
cost-12612,2025-11-28,clearwater-trade,lambda,prod,219.21
cost-12613,2025-11-28,clearwater-trade,eks,dev,59.22
cost-12614,2025-11-28,clearwater-trade,eks,uat,103.93
cost-12615,2025-11-28,clearwater-trade,eks,prod,352.65
cost-12616,2025-11-28,clearwater-trade,cloudwatch,dev,15.72
cost-12617,2025-11-28,clearwater-trade,cloudwatch,uat,27.15
cost-12618,2025-11-28,clearwater-trade,cloudwatch,prod,93.25
cost-12619,2025-11-28,clearwater-settlement,ec2,dev,69.94
cost-12620,2025-11-28,clearwater-settlement,ec2,uat,132.50
cost-12621,2025-11-28,clearwater-settlement,ec2,prod,476.07
cost-12622,2025-11-28,clearwater-settlement,rds,dev,78.68
cost-12623,2025-11-28,clearwater-settlement,rds,uat,138.65
cost-12624,2025-11-28,clearwater-settlement,rds,prod,600.71
cost-12625,2025-11-28,clearwater-settlement,s3,dev,20.57
cost-12626,2025-11-28,clearwater-settlement,s3,uat,36.23
cost-12627,2025-11-28,clearwater-settlement,s3,prod,136.16
cost-12628,2025-11-28,clearwater-settlement,lambda,dev,29.63
cost-12629,2025-11-28,clearwater-settlement,lambda,uat,58.64
cost-12630,2025-11-28,clearwater-settlement,lambda,prod,235.95
cost-12631,2025-11-28,clearwater-settlement,eks,dev,32.35
cost-12632,2025-11-28,clearwater-settlement,eks,uat,76.10
cost-12633,2025-11-28,clearwater-settlement,eks,prod,291.22
cost-12634,2025-11-28,clearwater-settlement,cloudwatch,dev,12.46
cost-12635,2025-11-28,clearwater-settlement,cloudwatch,uat,26.22
cost-12636,2025-11-28,clearwater-settlement,cloudwatch,prod,94.72
cost-12637,2025-11-28,clearwater-sales,ec2,dev,31.55
cost-12638,2025-11-28,clearwater-sales,ec2,uat,65.88
cost-12639,2025-11-28,clearwater-sales,ec2,prod,254.35
cost-12640,2025-11-28,clearwater-sales,rds,dev,17.49
cost-12641,2025-11-28,clearwater-sales,rds,uat,34.59
cost-12642,2025-11-28,clearwater-sales,rds,prod,138.27
cost-12643,2025-11-28,clearwater-sales,s3,dev,17.33
cost-12644,2025-11-28,clearwater-sales,s3,uat,32.07
cost-12645,2025-11-28,clearwater-sales,s3,prod,112.96
cost-12646,2025-11-28,clearwater-sales,lambda,dev,41.43
cost-12647,2025-11-28,clearwater-sales,lambda,uat,88.78
cost-12648,2025-11-28,clearwater-sales,lambda,prod,278.43
cost-12649,2025-11-28,clearwater-sales,eks,dev,12.10
cost-12650,2025-11-28,clearwater-sales,eks,uat,22.30
cost-12651,2025-11-28,clearwater-sales,eks,prod,92.55
cost-12652,2025-11-28,clearwater-sales,cloudwatch,dev,11.30
cost-12653,2025-11-28,clearwater-sales,cloudwatch,uat,19.84
cost-12654,2025-11-28,clearwater-sales,cloudwatch,prod,70.46
cost-12655,2025-11-28,clearwater-collateral,ec2,dev,14.01
cost-12656,2025-11-28,clearwater-collateral,ec2,uat,26.30
cost-12657,2025-11-28,clearwater-collateral,ec2,prod,88.88
cost-12658,2025-11-28,clearwater-collateral,rds,dev,36.01
cost-12659,2025-11-28,clearwater-collateral,rds,uat,71.89
cost-12660,2025-11-28,clearwater-collateral,rds,prod,260.05
cost-12661,2025-11-28,clearwater-collateral,s3,dev,26.91
cost-12662,2025-11-28,clearwater-collateral,s3,uat,59.33
cost-12663,2025-11-28,clearwater-collateral,s3,prod,181.52
cost-12664,2025-11-28,clearwater-collateral,lambda,dev,8.62
cost-12665,2025-11-28,clearwater-collateral,lambda,uat,15.54
cost-12666,2025-11-28,clearwater-collateral,lambda,prod,48.00
cost-12667,2025-11-28,clearwater-collateral,eks,dev,6.17
cost-12668,2025-11-28,clearwater-collateral,eks,uat,11.51
cost-12669,2025-11-28,clearwater-collateral,eks,prod,40.82
cost-12670,2025-11-28,clearwater-collateral,cloudwatch,dev,4.37
cost-12671,2025-11-28,clearwater-collateral,cloudwatch,uat,8.83
cost-12672,2025-11-28,clearwater-collateral,cloudwatch,prod,28.23
cost-12673,2025-11-29,clearwater-trade,ec2,dev,109.99
cost-12674,2025-11-29,clearwater-trade,ec2,uat,229.65
cost-12675,2025-11-29,clearwater-trade,ec2,prod,698.84
cost-12676,2025-11-29,clearwater-trade,rds,dev,81.24
cost-12677,2025-11-29,clearwater-trade,rds,uat,139.51
cost-12678,2025-11-29,clearwater-trade,rds,prod,512.66
cost-12679,2025-11-29,clearwater-trade,s3,dev,16.52
cost-12680,2025-11-29,clearwater-trade,s3,uat,29.16
cost-12681,2025-11-29,clearwater-trade,s3,prod,97.60
cost-12682,2025-11-29,clearwater-trade,lambda,dev,30.69
cost-12683,2025-11-29,clearwater-trade,lambda,uat,54.80
cost-12684,2025-11-29,clearwater-trade,lambda,prod,173.02
cost-12685,2025-11-29,clearwater-trade,eks,dev,56.36
cost-12686,2025-11-29,clearwater-trade,eks,uat,105.93
cost-12687,2025-11-29,clearwater-trade,eks,prod,448.77
cost-12688,2025-11-29,clearwater-trade,cloudwatch,dev,14.11
cost-12689,2025-11-29,clearwater-trade,cloudwatch,uat,26.26
cost-12690,2025-11-29,clearwater-trade,cloudwatch,prod,103.04
cost-12691,2025-11-29,clearwater-settlement,ec2,dev,73.98
cost-12692,2025-11-29,clearwater-settlement,ec2,uat,163.80
cost-12693,2025-11-29,clearwater-settlement,ec2,prod,492.71
cost-12694,2025-11-29,clearwater-settlement,rds,dev,85.22
cost-12695,2025-11-29,clearwater-settlement,rds,uat,145.70
cost-12696,2025-11-29,clearwater-settlement,rds,prod,475.90
cost-12697,2025-11-29,clearwater-settlement,s3,dev,17.79
cost-12698,2025-11-29,clearwater-settlement,s3,uat,37.18
cost-12699,2025-11-29,clearwater-settlement,s3,prod,141.23
cost-12700,2025-11-29,clearwater-settlement,lambda,dev,32.82
cost-12701,2025-11-29,clearwater-settlement,lambda,uat,55.15
cost-12702,2025-11-29,clearwater-settlement,lambda,prod,179.00
cost-12703,2025-11-29,clearwater-settlement,eks,dev,36.34
cost-12704,2025-11-29,clearwater-settlement,eks,uat,80.41
cost-12705,2025-11-29,clearwater-settlement,eks,prod,260.80
cost-12706,2025-11-29,clearwater-settlement,cloudwatch,dev,12.60
cost-12707,2025-11-29,clearwater-settlement,cloudwatch,uat,25.65
cost-12708,2025-11-29,clearwater-settlement,cloudwatch,prod,82.23
cost-12709,2025-11-29,clearwater-sales,ec2,dev,33.12
cost-12710,2025-11-29,clearwater-sales,ec2,uat,63.97
cost-12711,2025-11-29,clearwater-sales,ec2,prod,217.81
cost-12712,2025-11-29,clearwater-sales,rds,dev,19.55
cost-12713,2025-11-29,clearwater-sales,rds,uat,36.84
cost-12714,2025-11-29,clearwater-sales,rds,prod,151.24
cost-12715,2025-11-29,clearwater-sales,s3,dev,17.57
cost-12716,2025-11-29,clearwater-sales,s3,uat,33.10
cost-12717,2025-11-29,clearwater-sales,s3,prod,98.38
cost-12718,2025-11-29,clearwater-sales,lambda,dev,37.16
cost-12719,2025-11-29,clearwater-sales,lambda,uat,78.42
cost-12720,2025-11-29,clearwater-sales,lambda,prod,250.30
cost-12721,2025-11-29,clearwater-sales,eks,dev,14.27
cost-12722,2025-11-29,clearwater-sales,eks,uat,23.32
cost-12723,2025-11-29,clearwater-sales,eks,prod,83.25
cost-12724,2025-11-29,clearwater-sales,cloudwatch,dev,9.39
cost-12725,2025-11-29,clearwater-sales,cloudwatch,uat,21.82
cost-12726,2025-11-29,clearwater-sales,cloudwatch,prod,76.30
cost-12727,2025-11-29,clearwater-collateral,ec2,dev,13.58
cost-12728,2025-11-29,clearwater-collateral,ec2,uat,26.55
cost-12729,2025-11-29,clearwater-collateral,ec2,prod,104.82
cost-12730,2025-11-29,clearwater-collateral,rds,dev,29.55
cost-12731,2025-11-29,clearwater-collateral,rds,uat,72.63
cost-12732,2025-11-29,clearwater-collateral,rds,prod,210.35
cost-12733,2025-11-29,clearwater-collateral,s3,dev,31.08
cost-12734,2025-11-29,clearwater-collateral,s3,uat,53.18
cost-12735,2025-11-29,clearwater-collateral,s3,prod,195.99
cost-12736,2025-11-29,clearwater-collateral,lambda,dev,6.88
cost-12737,2025-11-29,clearwater-collateral,lambda,uat,13.93
cost-12738,2025-11-29,clearwater-collateral,lambda,prod,53.14
cost-12739,2025-11-29,clearwater-collateral,eks,dev,6.99
cost-12740,2025-11-29,clearwater-collateral,eks,uat,14.50
cost-12741,2025-11-29,clearwater-collateral,eks,prod,51.08
cost-12742,2025-11-29,clearwater-collateral,cloudwatch,dev,4.89
cost-12743,2025-11-29,clearwater-collateral,cloudwatch,uat,10.24
cost-12744,2025-11-29,clearwater-collateral,cloudwatch,prod,36.49
cost-12745,2025-11-30,clearwater-trade,ec2,dev,93.79
cost-12746,2025-11-30,clearwater-trade,ec2,uat,196.50
cost-12747,2025-11-30,clearwater-trade,ec2,prod,792.23
cost-12748,2025-11-30,clearwater-trade,rds,dev,70.76
cost-12749,2025-11-30,clearwater-trade,rds,uat,135.08
cost-12750,2025-11-30,clearwater-trade,rds,prod,474.75
cost-12751,2025-11-30,clearwater-trade,s3,dev,14.05
cost-12752,2025-11-30,clearwater-trade,s3,uat,30.85
cost-12753,2025-11-30,clearwater-trade,s3,prod,106.48
cost-12754,2025-11-30,clearwater-trade,lambda,dev,27.41
cost-12755,2025-11-30,clearwater-trade,lambda,uat,49.73
cost-12756,2025-11-30,clearwater-trade,lambda,prod,190.52
cost-12757,2025-11-30,clearwater-trade,eks,dev,52.29
cost-12758,2025-11-30,clearwater-trade,eks,uat,104.30
cost-12759,2025-11-30,clearwater-trade,eks,prod,379.76
cost-12760,2025-11-30,clearwater-trade,cloudwatch,dev,13.32
cost-12761,2025-11-30,clearwater-trade,cloudwatch,uat,25.46
cost-12762,2025-11-30,clearwater-trade,cloudwatch,prod,90.03
cost-12763,2025-11-30,clearwater-settlement,ec2,dev,69.25
cost-12764,2025-11-30,clearwater-settlement,ec2,uat,158.93
cost-12765,2025-11-30,clearwater-settlement,ec2,prod,452.61
cost-12766,2025-11-30,clearwater-settlement,rds,dev,67.54
cost-12767,2025-11-30,clearwater-settlement,rds,uat,167.09
cost-12768,2025-11-30,clearwater-settlement,rds,prod,539.85
cost-12769,2025-11-30,clearwater-settlement,s3,dev,17.57
cost-12770,2025-11-30,clearwater-settlement,s3,uat,44.08
cost-12771,2025-11-30,clearwater-settlement,s3,prod,139.77
cost-12772,2025-11-30,clearwater-settlement,lambda,dev,30.33
cost-12773,2025-11-30,clearwater-settlement,lambda,uat,54.67
cost-12774,2025-11-30,clearwater-settlement,lambda,prod,237.78
cost-12775,2025-11-30,clearwater-settlement,eks,dev,32.75
cost-12776,2025-11-30,clearwater-settlement,eks,uat,77.94
cost-12777,2025-11-30,clearwater-settlement,eks,prod,277.00
cost-12778,2025-11-30,clearwater-settlement,cloudwatch,dev,12.76
cost-12779,2025-11-30,clearwater-settlement,cloudwatch,uat,22.15
cost-12780,2025-11-30,clearwater-settlement,cloudwatch,prod,97.10
cost-12781,2025-11-30,clearwater-sales,ec2,dev,34.83
cost-12782,2025-11-30,clearwater-sales,ec2,uat,66.73
cost-12783,2025-11-30,clearwater-sales,ec2,prod,206.21
cost-12784,2025-11-30,clearwater-sales,rds,dev,16.74
cost-12785,2025-11-30,clearwater-sales,rds,uat,40.07
cost-12786,2025-11-30,clearwater-sales,rds,prod,123.61
cost-12787,2025-11-30,clearwater-sales,s3,dev,15.57
cost-12788,2025-11-30,clearwater-sales,s3,uat,29.71
cost-12789,2025-11-30,clearwater-sales,s3,prod,113.53
cost-12790,2025-11-30,clearwater-sales,lambda,dev,44.14
cost-12791,2025-11-30,clearwater-sales,lambda,uat,66.61
cost-12792,2025-11-30,clearwater-sales,lambda,prod,268.59
cost-12793,2025-11-30,clearwater-sales,eks,dev,12.99
cost-12794,2025-11-30,clearwater-sales,eks,uat,27.55
cost-12795,2025-11-30,clearwater-sales,eks,prod,89.99
cost-12796,2025-11-30,clearwater-sales,cloudwatch,dev,8.84
cost-12797,2025-11-30,clearwater-sales,cloudwatch,uat,20.60
cost-12798,2025-11-30,clearwater-sales,cloudwatch,prod,64.59
cost-12799,2025-11-30,clearwater-collateral,ec2,dev,15.64
cost-12800,2025-11-30,clearwater-collateral,ec2,uat,31.69
cost-12801,2025-11-30,clearwater-collateral,ec2,prod,100.04
cost-12802,2025-11-30,clearwater-collateral,rds,dev,31.57
cost-12803,2025-11-30,clearwater-collateral,rds,uat,75.99
cost-12804,2025-11-30,clearwater-collateral,rds,prod,263.23
cost-12805,2025-11-30,clearwater-collateral,s3,dev,30.41
cost-12806,2025-11-30,clearwater-collateral,s3,uat,57.54
cost-12807,2025-11-30,clearwater-collateral,s3,prod,177.41
cost-12808,2025-11-30,clearwater-collateral,lambda,dev,6.58
cost-12809,2025-11-30,clearwater-collateral,lambda,uat,14.17
cost-12810,2025-11-30,clearwater-collateral,lambda,prod,46.93
cost-12811,2025-11-30,clearwater-collateral,eks,dev,5.76
cost-12812,2025-11-30,clearwater-collateral,eks,uat,14.86
cost-12813,2025-11-30,clearwater-collateral,eks,prod,41.91
cost-12814,2025-11-30,clearwater-collateral,cloudwatch,dev,4.34
cost-12815,2025-11-30,clearwater-collateral,cloudwatch,uat,10.47
cost-12816,2025-11-30,clearwater-collateral,cloudwatch,prod,36.05
cost-12817,2025-12-01,clearwater-trade,ec2,dev,99.19
cost-12818,2025-12-01,clearwater-trade,ec2,uat,211.43
cost-12819,2025-12-01,clearwater-trade,ec2,prod,704.04
cost-12820,2025-12-01,clearwater-trade,rds,dev,82.83
cost-12821,2025-12-01,clearwater-trade,rds,uat,137.65
cost-12822,2025-12-01,clearwater-trade,rds,prod,496.24
cost-12823,2025-12-01,clearwater-trade,s3,dev,13.31
cost-12824,2025-12-01,clearwater-trade,s3,uat,33.55
cost-12825,2025-12-01,clearwater-trade,s3,prod,104.53
cost-12826,2025-12-01,clearwater-trade,lambda,dev,34.05
cost-12827,2025-12-01,clearwater-trade,lambda,uat,68.01
cost-12828,2025-12-01,clearwater-trade,lambda,prod,196.92
cost-12829,2025-12-01,clearwater-trade,eks,dev,51.12
cost-12830,2025-12-01,clearwater-trade,eks,uat,117.49
cost-12831,2025-12-01,clearwater-trade,eks,prod,383.43
cost-12832,2025-12-01,clearwater-trade,cloudwatch,dev,17.16
cost-12833,2025-12-01,clearwater-trade,cloudwatch,uat,26.95
cost-12834,2025-12-01,clearwater-trade,cloudwatch,prod,98.72
cost-12835,2025-12-01,clearwater-settlement,ec2,dev,86.80
cost-12836,2025-12-01,clearwater-settlement,ec2,uat,150.65
cost-12837,2025-12-01,clearwater-settlement,ec2,prod,552.44
cost-12838,2025-12-01,clearwater-settlement,rds,dev,86.03
cost-12839,2025-12-01,clearwater-settlement,rds,uat,138.35
cost-12840,2025-12-01,clearwater-settlement,rds,prod,555.46
cost-12841,2025-12-01,clearwater-settlement,s3,dev,19.84
cost-12842,2025-12-01,clearwater-settlement,s3,uat,34.75
cost-12843,2025-12-01,clearwater-settlement,s3,prod,155.45
cost-12844,2025-12-01,clearwater-settlement,lambda,dev,32.98
cost-12845,2025-12-01,clearwater-settlement,lambda,uat,62.44
cost-12846,2025-12-01,clearwater-settlement,lambda,prod,239.30
cost-12847,2025-12-01,clearwater-settlement,eks,dev,37.66
cost-12848,2025-12-01,clearwater-settlement,eks,uat,81.99
cost-12849,2025-12-01,clearwater-settlement,eks,prod,237.44
cost-12850,2025-12-01,clearwater-settlement,cloudwatch,dev,14.11
cost-12851,2025-12-01,clearwater-settlement,cloudwatch,uat,28.04
cost-12852,2025-12-01,clearwater-settlement,cloudwatch,prod,79.20
cost-12853,2025-12-01,clearwater-sales,ec2,dev,33.46
cost-12854,2025-12-01,clearwater-sales,ec2,uat,59.64
cost-12855,2025-12-01,clearwater-sales,ec2,prod,235.16
cost-12856,2025-12-01,clearwater-sales,rds,dev,22.40
cost-12857,2025-12-01,clearwater-sales,rds,uat,40.86
cost-12858,2025-12-01,clearwater-sales,rds,prod,120.40
cost-12859,2025-12-01,clearwater-sales,s3,dev,14.24
cost-12860,2025-12-01,clearwater-sales,s3,uat,31.19
cost-12861,2025-12-01,clearwater-sales,s3,prod,115.30
cost-12862,2025-12-01,clearwater-sales,lambda,dev,38.11
cost-12863,2025-12-01,clearwater-sales,lambda,uat,75.06
cost-12864,2025-12-01,clearwater-sales,lambda,prod,265.21
cost-12865,2025-12-01,clearwater-sales,eks,dev,14.29
cost-12866,2025-12-01,clearwater-sales,eks,uat,28.72
cost-12867,2025-12-01,clearwater-sales,eks,prod,90.00
cost-12868,2025-12-01,clearwater-sales,cloudwatch,dev,9.02
cost-12869,2025-12-01,clearwater-sales,cloudwatch,uat,20.87
cost-12870,2025-12-01,clearwater-sales,cloudwatch,prod,68.92
cost-12871,2025-12-01,clearwater-collateral,ec2,dev,16.10
cost-12872,2025-12-01,clearwater-collateral,ec2,uat,32.83
cost-12873,2025-12-01,clearwater-collateral,ec2,prod,85.58
cost-12874,2025-12-01,clearwater-collateral,rds,dev,37.22
cost-12875,2025-12-01,clearwater-collateral,rds,uat,69.12
cost-12876,2025-12-01,clearwater-collateral,rds,prod,254.38
cost-12877,2025-12-01,clearwater-collateral,s3,dev,30.38
cost-12878,2025-12-01,clearwater-collateral,s3,uat,50.34
cost-12879,2025-12-01,clearwater-collateral,s3,prod,202.37
cost-12880,2025-12-01,clearwater-collateral,lambda,dev,7.28
cost-12881,2025-12-01,clearwater-collateral,lambda,uat,15.53
cost-12882,2025-12-01,clearwater-collateral,lambda,prod,50.39
cost-12883,2025-12-01,clearwater-collateral,eks,dev,6.19
cost-12884,2025-12-01,clearwater-collateral,eks,uat,13.72
cost-12885,2025-12-01,clearwater-collateral,eks,prod,45.69
cost-12886,2025-12-01,clearwater-collateral,cloudwatch,dev,4.72
cost-12887,2025-12-01,clearwater-collateral,cloudwatch,uat,9.56
cost-12888,2025-12-01,clearwater-collateral,cloudwatch,prod,36.56
cost-12889,2025-12-02,clearwater-trade,ec2,dev,114.47
cost-12890,2025-12-02,clearwater-trade,ec2,uat,178.00
cost-12891,2025-12-02,clearwater-trade,ec2,prod,774.14
cost-12892,2025-12-02,clearwater-trade,rds,dev,84.45
cost-12893,2025-12-02,clearwater-trade,rds,uat,157.87
cost-12894,2025-12-02,clearwater-trade,rds,prod,524.17
cost-12895,2025-12-02,clearwater-trade,s3,dev,14.77
cost-12896,2025-12-02,clearwater-trade,s3,uat,27.01
cost-12897,2025-12-02,clearwater-trade,s3,prod,112.57
cost-12898,2025-12-02,clearwater-trade,lambda,dev,25.48
cost-12899,2025-12-02,clearwater-trade,lambda,uat,57.18
cost-12900,2025-12-02,clearwater-trade,lambda,prod,186.33
cost-12901,2025-12-02,clearwater-trade,eks,dev,68.06
cost-12902,2025-12-02,clearwater-trade,eks,uat,134.92
cost-12903,2025-12-02,clearwater-trade,eks,prod,381.53
cost-12904,2025-12-02,clearwater-trade,cloudwatch,dev,13.57
cost-12905,2025-12-02,clearwater-trade,cloudwatch,uat,26.83
cost-12906,2025-12-02,clearwater-trade,cloudwatch,prod,110.62
cost-12907,2025-12-02,clearwater-settlement,ec2,dev,86.83
cost-12908,2025-12-02,clearwater-settlement,ec2,uat,145.57
cost-12909,2025-12-02,clearwater-settlement,ec2,prod,538.29
cost-12910,2025-12-02,clearwater-settlement,rds,dev,72.28
cost-12911,2025-12-02,clearwater-settlement,rds,uat,140.80
cost-12912,2025-12-02,clearwater-settlement,rds,prod,556.62
cost-12913,2025-12-02,clearwater-settlement,s3,dev,19.71
cost-12914,2025-12-02,clearwater-settlement,s3,uat,38.63
cost-12915,2025-12-02,clearwater-settlement,s3,prod,123.13
cost-12916,2025-12-02,clearwater-settlement,lambda,dev,30.41
cost-12917,2025-12-02,clearwater-settlement,lambda,uat,58.58
cost-12918,2025-12-02,clearwater-settlement,lambda,prod,235.43
cost-12919,2025-12-02,clearwater-settlement,eks,dev,37.28
cost-12920,2025-12-02,clearwater-settlement,eks,uat,72.47
cost-12921,2025-12-02,clearwater-settlement,eks,prod,269.12
cost-12922,2025-12-02,clearwater-settlement,cloudwatch,dev,14.23
cost-12923,2025-12-02,clearwater-settlement,cloudwatch,uat,23.59
cost-12924,2025-12-02,clearwater-settlement,cloudwatch,prod,99.38
cost-12925,2025-12-02,clearwater-sales,ec2,dev,35.87
cost-12926,2025-12-02,clearwater-sales,ec2,uat,72.87
cost-12927,2025-12-02,clearwater-sales,ec2,prod,229.58
cost-12928,2025-12-02,clearwater-sales,rds,dev,18.08
cost-12929,2025-12-02,clearwater-sales,rds,uat,34.65
cost-12930,2025-12-02,clearwater-sales,rds,prod,122.57
cost-12931,2025-12-02,clearwater-sales,s3,dev,13.66
cost-12932,2025-12-02,clearwater-sales,s3,uat,27.61
cost-12933,2025-12-02,clearwater-sales,s3,prod,108.19
cost-12934,2025-12-02,clearwater-sales,lambda,dev,40.10
cost-12935,2025-12-02,clearwater-sales,lambda,uat,83.98
cost-12936,2025-12-02,clearwater-sales,lambda,prod,242.60
cost-12937,2025-12-02,clearwater-sales,eks,dev,13.64
cost-12938,2025-12-02,clearwater-sales,eks,uat,25.94
cost-12939,2025-12-02,clearwater-sales,eks,prod,93.20
cost-12940,2025-12-02,clearwater-sales,cloudwatch,dev,9.66
cost-12941,2025-12-02,clearwater-sales,cloudwatch,uat,18.00
cost-12942,2025-12-02,clearwater-sales,cloudwatch,prod,63.23
cost-12943,2025-12-02,clearwater-collateral,ec2,dev,15.58
cost-12944,2025-12-02,clearwater-collateral,ec2,uat,25.87
cost-12945,2025-12-02,clearwater-collateral,ec2,prod,100.34
cost-12946,2025-12-02,clearwater-collateral,rds,dev,35.71
cost-12947,2025-12-02,clearwater-collateral,rds,uat,66.37
cost-12948,2025-12-02,clearwater-collateral,rds,prod,265.31
cost-12949,2025-12-02,clearwater-collateral,s3,dev,25.09
cost-12950,2025-12-02,clearwater-collateral,s3,uat,52.09
cost-12951,2025-12-02,clearwater-collateral,s3,prod,220.41
cost-12952,2025-12-02,clearwater-collateral,lambda,dev,7.32
cost-12953,2025-12-02,clearwater-collateral,lambda,uat,15.30
cost-12954,2025-12-02,clearwater-collateral,lambda,prod,46.68
cost-12955,2025-12-02,clearwater-collateral,eks,dev,5.80
cost-12956,2025-12-02,clearwater-collateral,eks,uat,12.47
cost-12957,2025-12-02,clearwater-collateral,eks,prod,47.52
cost-12958,2025-12-02,clearwater-collateral,cloudwatch,dev,4.17
cost-12959,2025-12-02,clearwater-collateral,cloudwatch,uat,10.18
cost-12960,2025-12-02,clearwater-collateral,cloudwatch,prod,37.65
cost-12961,2025-12-03,clearwater-trade,ec2,dev,116.20
cost-12962,2025-12-03,clearwater-trade,ec2,uat,195.94
cost-12963,2025-12-03,clearwater-trade,ec2,prod,679.81
cost-12964,2025-12-03,clearwater-trade,rds,dev,83.90
cost-12965,2025-12-03,clearwater-trade,rds,uat,168.02
cost-12966,2025-12-03,clearwater-trade,rds,prod,584.23
cost-12967,2025-12-03,clearwater-trade,s3,dev,17.02
cost-12968,2025-12-03,clearwater-trade,s3,uat,31.42
cost-12969,2025-12-03,clearwater-trade,s3,prod,104.48
cost-12970,2025-12-03,clearwater-trade,lambda,dev,26.95
cost-12971,2025-12-03,clearwater-trade,lambda,uat,58.45
cost-12972,2025-12-03,clearwater-trade,lambda,prod,196.32
cost-12973,2025-12-03,clearwater-trade,eks,dev,65.75
cost-12974,2025-12-03,clearwater-trade,eks,uat,106.88
cost-12975,2025-12-03,clearwater-trade,eks,prod,444.42
cost-12976,2025-12-03,clearwater-trade,cloudwatch,dev,16.14
cost-12977,2025-12-03,clearwater-trade,cloudwatch,uat,32.89
cost-12978,2025-12-03,clearwater-trade,cloudwatch,prod,95.50
cost-12979,2025-12-03,clearwater-settlement,ec2,dev,73.49
cost-12980,2025-12-03,clearwater-settlement,ec2,uat,173.41
cost-12981,2025-12-03,clearwater-settlement,ec2,prod,553.30
cost-12982,2025-12-03,clearwater-settlement,rds,dev,82.72
cost-12983,2025-12-03,clearwater-settlement,rds,uat,148.37
cost-12984,2025-12-03,clearwater-settlement,rds,prod,613.84
cost-12985,2025-12-03,clearwater-settlement,s3,dev,20.22
cost-12986,2025-12-03,clearwater-settlement,s3,uat,35.53
cost-12987,2025-12-03,clearwater-settlement,s3,prod,158.44
cost-12988,2025-12-03,clearwater-settlement,lambda,dev,33.95
cost-12989,2025-12-03,clearwater-settlement,lambda,uat,55.09
cost-12990,2025-12-03,clearwater-settlement,lambda,prod,239.69
cost-12991,2025-12-03,clearwater-settlement,eks,dev,33.28
cost-12992,2025-12-03,clearwater-settlement,eks,uat,79.40
cost-12993,2025-12-03,clearwater-settlement,eks,prod,228.79
cost-12994,2025-12-03,clearwater-settlement,cloudwatch,dev,12.38
cost-12995,2025-12-03,clearwater-settlement,cloudwatch,uat,27.41
cost-12996,2025-12-03,clearwater-settlement,cloudwatch,prod,89.76
cost-12997,2025-12-03,clearwater-sales,ec2,dev,34.07
cost-12998,2025-12-03,clearwater-sales,ec2,uat,75.41
cost-12999,2025-12-03,clearwater-sales,ec2,prod,261.68
cost-13000,2025-12-03,clearwater-sales,rds,dev,19.36
cost-13001,2025-12-03,clearwater-sales,rds,uat,34.92
cost-13002,2025-12-03,clearwater-sales,rds,prod,122.40
cost-13003,2025-12-03,clearwater-sales,s3,dev,13.46
cost-13004,2025-12-03,clearwater-sales,s3,uat,34.62
cost-13005,2025-12-03,clearwater-sales,s3,prod,120.19
cost-13006,2025-12-03,clearwater-sales,lambda,dev,44.40
cost-13007,2025-12-03,clearwater-sales,lambda,uat,88.61
cost-13008,2025-12-03,clearwater-sales,lambda,prod,282.66
cost-13009,2025-12-03,clearwater-sales,eks,dev,12.68
cost-13010,2025-12-03,clearwater-sales,eks,uat,28.50
cost-13011,2025-12-03,clearwater-sales,eks,prod,100.11
cost-13012,2025-12-03,clearwater-sales,cloudwatch,dev,9.14
cost-13013,2025-12-03,clearwater-sales,cloudwatch,uat,23.06
cost-13014,2025-12-03,clearwater-sales,cloudwatch,prod,76.95
cost-13015,2025-12-03,clearwater-collateral,ec2,dev,13.61
cost-13016,2025-12-03,clearwater-collateral,ec2,uat,26.24
cost-13017,2025-12-03,clearwater-collateral,ec2,prod,92.82
cost-13018,2025-12-03,clearwater-collateral,rds,dev,36.08
cost-13019,2025-12-03,clearwater-collateral,rds,uat,68.53
cost-13020,2025-12-03,clearwater-collateral,rds,prod,218.66
cost-13021,2025-12-03,clearwater-collateral,s3,dev,29.04
cost-13022,2025-12-03,clearwater-collateral,s3,uat,54.01
cost-13023,2025-12-03,clearwater-collateral,s3,prod,183.58
cost-13024,2025-12-03,clearwater-collateral,lambda,dev,8.39
cost-13025,2025-12-03,clearwater-collateral,lambda,uat,13.33
cost-13026,2025-12-03,clearwater-collateral,lambda,prod,58.58
cost-13027,2025-12-03,clearwater-collateral,eks,dev,5.80
cost-13028,2025-12-03,clearwater-collateral,eks,uat,12.97
cost-13029,2025-12-03,clearwater-collateral,eks,prod,42.03
cost-13030,2025-12-03,clearwater-collateral,cloudwatch,dev,5.49
cost-13031,2025-12-03,clearwater-collateral,cloudwatch,uat,10.21
cost-13032,2025-12-03,clearwater-collateral,cloudwatch,prod,29.39
cost-13033,2025-12-04,clearwater-trade,ec2,dev,93.77
cost-13034,2025-12-04,clearwater-trade,ec2,uat,223.00
cost-13035,2025-12-04,clearwater-trade,ec2,prod,667.97
cost-13036,2025-12-04,clearwater-trade,rds,dev,63.86
cost-13037,2025-12-04,clearwater-trade,rds,uat,157.80
cost-13038,2025-12-04,clearwater-trade,rds,prod,535.19
cost-13039,2025-12-04,clearwater-trade,s3,dev,15.51
cost-13040,2025-12-04,clearwater-trade,s3,uat,28.58
cost-13041,2025-12-04,clearwater-trade,s3,prod,96.51
cost-13042,2025-12-04,clearwater-trade,lambda,dev,26.41
cost-13043,2025-12-04,clearwater-trade,lambda,uat,66.68
cost-13044,2025-12-04,clearwater-trade,lambda,prod,190.55
cost-13045,2025-12-04,clearwater-trade,eks,dev,65.05
cost-13046,2025-12-04,clearwater-trade,eks,uat,118.86
cost-13047,2025-12-04,clearwater-trade,eks,prod,379.50
cost-13048,2025-12-04,clearwater-trade,cloudwatch,dev,12.90
cost-13049,2025-12-04,clearwater-trade,cloudwatch,uat,33.79
cost-13050,2025-12-04,clearwater-trade,cloudwatch,prod,100.87
cost-13051,2025-12-04,clearwater-settlement,ec2,dev,71.86
cost-13052,2025-12-04,clearwater-settlement,ec2,uat,161.82
cost-13053,2025-12-04,clearwater-settlement,ec2,prod,550.41
cost-13054,2025-12-04,clearwater-settlement,rds,dev,66.21
cost-13055,2025-12-04,clearwater-settlement,rds,uat,164.82
cost-13056,2025-12-04,clearwater-settlement,rds,prod,521.89
cost-13057,2025-12-04,clearwater-settlement,s3,dev,20.19
cost-13058,2025-12-04,clearwater-settlement,s3,uat,42.48
cost-13059,2025-12-04,clearwater-settlement,s3,prod,127.88
cost-13060,2025-12-04,clearwater-settlement,lambda,dev,33.50
cost-13061,2025-12-04,clearwater-settlement,lambda,uat,69.25
cost-13062,2025-12-04,clearwater-settlement,lambda,prod,187.40
cost-13063,2025-12-04,clearwater-settlement,eks,dev,43.66
cost-13064,2025-12-04,clearwater-settlement,eks,uat,65.84
cost-13065,2025-12-04,clearwater-settlement,eks,prod,295.09
cost-13066,2025-12-04,clearwater-settlement,cloudwatch,dev,11.79
cost-13067,2025-12-04,clearwater-settlement,cloudwatch,uat,25.20
cost-13068,2025-12-04,clearwater-settlement,cloudwatch,prod,98.25
cost-13069,2025-12-04,clearwater-sales,ec2,dev,29.94
cost-13070,2025-12-04,clearwater-sales,ec2,uat,57.69
cost-13071,2025-12-04,clearwater-sales,ec2,prod,259.38
cost-13072,2025-12-04,clearwater-sales,rds,dev,22.35
cost-13073,2025-12-04,clearwater-sales,rds,uat,36.71
cost-13074,2025-12-04,clearwater-sales,rds,prod,117.85
cost-13075,2025-12-04,clearwater-sales,s3,dev,14.97
cost-13076,2025-12-04,clearwater-sales,s3,uat,33.83
cost-13077,2025-12-04,clearwater-sales,s3,prod,126.07
cost-13078,2025-12-04,clearwater-sales,lambda,dev,40.51
cost-13079,2025-12-04,clearwater-sales,lambda,uat,68.50
cost-13080,2025-12-04,clearwater-sales,lambda,prod,245.92
cost-13081,2025-12-04,clearwater-sales,eks,dev,11.77
cost-13082,2025-12-04,clearwater-sales,eks,uat,28.04
cost-13083,2025-12-04,clearwater-sales,eks,prod,90.84
cost-13084,2025-12-04,clearwater-sales,cloudwatch,dev,11.16
cost-13085,2025-12-04,clearwater-sales,cloudwatch,uat,19.49
cost-13086,2025-12-04,clearwater-sales,cloudwatch,prod,73.80
cost-13087,2025-12-04,clearwater-collateral,ec2,dev,15.25
cost-13088,2025-12-04,clearwater-collateral,ec2,uat,24.59
cost-13089,2025-12-04,clearwater-collateral,ec2,prod,94.10
cost-13090,2025-12-04,clearwater-collateral,rds,dev,37.07
cost-13091,2025-12-04,clearwater-collateral,rds,uat,67.50
cost-13092,2025-12-04,clearwater-collateral,rds,prod,212.94
cost-13093,2025-12-04,clearwater-collateral,s3,dev,26.87
cost-13094,2025-12-04,clearwater-collateral,s3,uat,64.55
cost-13095,2025-12-04,clearwater-collateral,s3,prod,172.35
cost-13096,2025-12-04,clearwater-collateral,lambda,dev,8.55
cost-13097,2025-12-04,clearwater-collateral,lambda,uat,13.63
cost-13098,2025-12-04,clearwater-collateral,lambda,prod,48.18
cost-13099,2025-12-04,clearwater-collateral,eks,dev,6.07
cost-13100,2025-12-04,clearwater-collateral,eks,uat,15.07
cost-13101,2025-12-04,clearwater-collateral,eks,prod,53.26
cost-13102,2025-12-04,clearwater-collateral,cloudwatch,dev,4.64
cost-13103,2025-12-04,clearwater-collateral,cloudwatch,uat,10.93
cost-13104,2025-12-04,clearwater-collateral,cloudwatch,prod,38.07
cost-13105,2025-12-05,clearwater-trade,ec2,dev,101.43
cost-13106,2025-12-05,clearwater-trade,ec2,uat,208.45
cost-13107,2025-12-05,clearwater-trade,ec2,prod,734.12
cost-13108,2025-12-05,clearwater-trade,rds,dev,72.90
cost-13109,2025-12-05,clearwater-trade,rds,uat,137.34
cost-13110,2025-12-05,clearwater-trade,rds,prod,544.75
cost-13111,2025-12-05,clearwater-trade,s3,dev,15.90
cost-13112,2025-12-05,clearwater-trade,s3,uat,32.31
cost-13113,2025-12-05,clearwater-trade,s3,prod,111.80
cost-13114,2025-12-05,clearwater-trade,lambda,dev,28.92
cost-13115,2025-12-05,clearwater-trade,lambda,uat,55.64
cost-13116,2025-12-05,clearwater-trade,lambda,prod,217.73
cost-13117,2025-12-05,clearwater-trade,eks,dev,53.54
cost-13118,2025-12-05,clearwater-trade,eks,uat,129.92
cost-13119,2025-12-05,clearwater-trade,eks,prod,378.02
cost-13120,2025-12-05,clearwater-trade,cloudwatch,dev,15.91
cost-13121,2025-12-05,clearwater-trade,cloudwatch,uat,31.05
cost-13122,2025-12-05,clearwater-trade,cloudwatch,prod,96.69
cost-13123,2025-12-05,clearwater-settlement,ec2,dev,68.53
cost-13124,2025-12-05,clearwater-settlement,ec2,uat,154.13
cost-13125,2025-12-05,clearwater-settlement,ec2,prod,525.10
cost-13126,2025-12-05,clearwater-settlement,rds,dev,77.62
cost-13127,2025-12-05,clearwater-settlement,rds,uat,163.67
cost-13128,2025-12-05,clearwater-settlement,rds,prod,578.48
cost-13129,2025-12-05,clearwater-settlement,s3,dev,19.25
cost-13130,2025-12-05,clearwater-settlement,s3,uat,37.58
cost-13131,2025-12-05,clearwater-settlement,s3,prod,162.09
cost-13132,2025-12-05,clearwater-settlement,lambda,dev,33.87
cost-13133,2025-12-05,clearwater-settlement,lambda,uat,61.38
cost-13134,2025-12-05,clearwater-settlement,lambda,prod,222.00
cost-13135,2025-12-05,clearwater-settlement,eks,dev,41.44
cost-13136,2025-12-05,clearwater-settlement,eks,uat,83.98
cost-13137,2025-12-05,clearwater-settlement,eks,prod,263.48
cost-13138,2025-12-05,clearwater-settlement,cloudwatch,dev,12.01
cost-13139,2025-12-05,clearwater-settlement,cloudwatch,uat,21.96
cost-13140,2025-12-05,clearwater-settlement,cloudwatch,prod,99.91
cost-13141,2025-12-05,clearwater-sales,ec2,dev,36.90
cost-13142,2025-12-05,clearwater-sales,ec2,uat,63.78
cost-13143,2025-12-05,clearwater-sales,ec2,prod,206.04
cost-13144,2025-12-05,clearwater-sales,rds,dev,20.82
cost-13145,2025-12-05,clearwater-sales,rds,uat,42.15
cost-13146,2025-12-05,clearwater-sales,rds,prod,152.53
cost-13147,2025-12-05,clearwater-sales,s3,dev,16.34
cost-13148,2025-12-05,clearwater-sales,s3,uat,27.53
cost-13149,2025-12-05,clearwater-sales,s3,prod,111.28
cost-13150,2025-12-05,clearwater-sales,lambda,dev,42.59
cost-13151,2025-12-05,clearwater-sales,lambda,uat,82.53
cost-13152,2025-12-05,clearwater-sales,lambda,prod,267.19
cost-13153,2025-12-05,clearwater-sales,eks,dev,12.40
cost-13154,2025-12-05,clearwater-sales,eks,uat,28.50
cost-13155,2025-12-05,clearwater-sales,eks,prod,87.28
cost-13156,2025-12-05,clearwater-sales,cloudwatch,dev,10.26
cost-13157,2025-12-05,clearwater-sales,cloudwatch,uat,23.79
cost-13158,2025-12-05,clearwater-sales,cloudwatch,prod,78.69
cost-13159,2025-12-05,clearwater-collateral,ec2,dev,15.94
cost-13160,2025-12-05,clearwater-collateral,ec2,uat,32.62
cost-13161,2025-12-05,clearwater-collateral,ec2,prod,112.17
cost-13162,2025-12-05,clearwater-collateral,rds,dev,31.19
cost-13163,2025-12-05,clearwater-collateral,rds,uat,72.56
cost-13164,2025-12-05,clearwater-collateral,rds,prod,219.47
cost-13165,2025-12-05,clearwater-collateral,s3,dev,32.21
cost-13166,2025-12-05,clearwater-collateral,s3,uat,60.31
cost-13167,2025-12-05,clearwater-collateral,s3,prod,182.49
cost-13168,2025-12-05,clearwater-collateral,lambda,dev,7.16
cost-13169,2025-12-05,clearwater-collateral,lambda,uat,13.32
cost-13170,2025-12-05,clearwater-collateral,lambda,prod,58.28
cost-13171,2025-12-05,clearwater-collateral,eks,dev,5.87
cost-13172,2025-12-05,clearwater-collateral,eks,uat,12.29
cost-13173,2025-12-05,clearwater-collateral,eks,prod,52.44
cost-13174,2025-12-05,clearwater-collateral,cloudwatch,dev,4.09
cost-13175,2025-12-05,clearwater-collateral,cloudwatch,uat,9.20
cost-13176,2025-12-05,clearwater-collateral,cloudwatch,prod,33.79
cost-13177,2025-12-06,clearwater-trade,ec2,dev,91.75
cost-13178,2025-12-06,clearwater-trade,ec2,uat,185.64
cost-13179,2025-12-06,clearwater-trade,ec2,prod,727.84
cost-13180,2025-12-06,clearwater-trade,rds,dev,68.76
cost-13181,2025-12-06,clearwater-trade,rds,uat,163.91
cost-13182,2025-12-06,clearwater-trade,rds,prod,597.91
cost-13183,2025-12-06,clearwater-trade,s3,dev,16.65
cost-13184,2025-12-06,clearwater-trade,s3,uat,28.74
cost-13185,2025-12-06,clearwater-trade,s3,prod,110.04
cost-13186,2025-12-06,clearwater-trade,lambda,dev,30.90
cost-13187,2025-12-06,clearwater-trade,lambda,uat,51.37
cost-13188,2025-12-06,clearwater-trade,lambda,prod,180.30
cost-13189,2025-12-06,clearwater-trade,eks,dev,54.00
cost-13190,2025-12-06,clearwater-trade,eks,uat,127.05
cost-13191,2025-12-06,clearwater-trade,eks,prod,360.25
cost-13192,2025-12-06,clearwater-trade,cloudwatch,dev,15.04
cost-13193,2025-12-06,clearwater-trade,cloudwatch,uat,33.80
cost-13194,2025-12-06,clearwater-trade,cloudwatch,prod,107.96
cost-13195,2025-12-06,clearwater-settlement,ec2,dev,82.97
cost-13196,2025-12-06,clearwater-settlement,ec2,uat,143.70
cost-13197,2025-12-06,clearwater-settlement,ec2,prod,510.14
cost-13198,2025-12-06,clearwater-settlement,rds,dev,76.73
cost-13199,2025-12-06,clearwater-settlement,rds,uat,136.14
cost-13200,2025-12-06,clearwater-settlement,rds,prod,513.11
cost-13201,2025-12-06,clearwater-settlement,s3,dev,17.56
cost-13202,2025-12-06,clearwater-settlement,s3,uat,39.09
cost-13203,2025-12-06,clearwater-settlement,s3,prod,159.94
cost-13204,2025-12-06,clearwater-settlement,lambda,dev,29.75
cost-13205,2025-12-06,clearwater-settlement,lambda,uat,53.70
cost-13206,2025-12-06,clearwater-settlement,lambda,prod,217.65
cost-13207,2025-12-06,clearwater-settlement,eks,dev,35.21
cost-13208,2025-12-06,clearwater-settlement,eks,uat,79.17
cost-13209,2025-12-06,clearwater-settlement,eks,prod,299.85
cost-13210,2025-12-06,clearwater-settlement,cloudwatch,dev,11.31
cost-13211,2025-12-06,clearwater-settlement,cloudwatch,uat,28.33
cost-13212,2025-12-06,clearwater-settlement,cloudwatch,prod,82.23
cost-13213,2025-12-06,clearwater-sales,ec2,dev,36.11
cost-13214,2025-12-06,clearwater-sales,ec2,uat,61.34
cost-13215,2025-12-06,clearwater-sales,ec2,prod,234.18
cost-13216,2025-12-06,clearwater-sales,rds,dev,20.22
cost-13217,2025-12-06,clearwater-sales,rds,uat,38.47
cost-13218,2025-12-06,clearwater-sales,rds,prod,125.79
cost-13219,2025-12-06,clearwater-sales,s3,dev,17.21
cost-13220,2025-12-06,clearwater-sales,s3,uat,31.35
cost-13221,2025-12-06,clearwater-sales,s3,prod,114.04
cost-13222,2025-12-06,clearwater-sales,lambda,dev,37.11
cost-13223,2025-12-06,clearwater-sales,lambda,uat,77.97
cost-13224,2025-12-06,clearwater-sales,lambda,prod,279.14
cost-13225,2025-12-06,clearwater-sales,eks,dev,12.15
cost-13226,2025-12-06,clearwater-sales,eks,uat,27.55
cost-13227,2025-12-06,clearwater-sales,eks,prod,99.86
cost-13228,2025-12-06,clearwater-sales,cloudwatch,dev,11.54
cost-13229,2025-12-06,clearwater-sales,cloudwatch,uat,22.49
cost-13230,2025-12-06,clearwater-sales,cloudwatch,prod,82.93
cost-13231,2025-12-06,clearwater-collateral,ec2,dev,12.98
cost-13232,2025-12-06,clearwater-collateral,ec2,uat,30.69
cost-13233,2025-12-06,clearwater-collateral,ec2,prod,107.97
cost-13234,2025-12-06,clearwater-collateral,rds,dev,33.18
cost-13235,2025-12-06,clearwater-collateral,rds,uat,75.43
cost-13236,2025-12-06,clearwater-collateral,rds,prod,241.93
cost-13237,2025-12-06,clearwater-collateral,s3,dev,31.27
cost-13238,2025-12-06,clearwater-collateral,s3,uat,64.09
cost-13239,2025-12-06,clearwater-collateral,s3,prod,222.67
cost-13240,2025-12-06,clearwater-collateral,lambda,dev,7.94
cost-13241,2025-12-06,clearwater-collateral,lambda,uat,16.55
cost-13242,2025-12-06,clearwater-collateral,lambda,prod,46.71
cost-13243,2025-12-06,clearwater-collateral,eks,dev,7.21
cost-13244,2025-12-06,clearwater-collateral,eks,uat,11.45
cost-13245,2025-12-06,clearwater-collateral,eks,prod,41.82
cost-13246,2025-12-06,clearwater-collateral,cloudwatch,dev,5.29
cost-13247,2025-12-06,clearwater-collateral,cloudwatch,uat,8.51
cost-13248,2025-12-06,clearwater-collateral,cloudwatch,prod,31.38
